timestamp,zone_id,zone,energy_kwh,temperature_c,efficiency_pct,co2_kg,cost_usd,production_units,status
2025-10-23 13:05:22,stamping,Stamping Shop,293.98,62.4,89.33,68.5,35.28,562,green
2025-10-23 13:05:22,body_shop,Body Shop (BIW),552.55,55.51,88.66,128.74,66.31,558,green
2025-10-23 13:05:22,paint,Paint Shop,657.03,183.5,83.05,153.09,78.84,523,green
2025-10-23 13:05:22,assembly,General Assembly,421.3,26.18,83.71,98.16,50.56,527,green
2025-10-23 13:05:22,powertrain,Powertrain Assembly,344.03,34.42,85.16,80.16,41.28,536,green
2025-10-23 13:05:22,quality,Quality Control,208.56,24.25,91.42,48.6,25.03,575,green
2025-10-23 13:05:22,logistics,Logistics,166.24,27.841316363234228,88.96,38.73,19.95,560,green
2025-10-23 14:05:22,stamping,Stamping Shop,245.13,62.11,96.78,57.12,29.42,513,green
2025-10-23 14:05:22,body_shop,Body Shop (BIW),462.13,52.54,84.83,107.68,55.46,450,green
2025-10-23 14:05:22,paint,Paint Shop,644.45,168.59,85.07,150.16,77.33,451,green
2025-10-23 14:05:22,assembly,General Assembly,352.04,24.14,84.62,82.02,42.24,449,green
2025-10-23 14:05:22,powertrain,Powertrain Assembly,307.31,36.99,86.44,71.6,36.88,458,green
2025-10-23 14:05:22,quality,Quality Control,164.37,22.73,91.65,38.3,19.72,486,green
2025-10-23 14:05:22,logistics,Logistics,162.62,19.87,89.35,37.89,19.51,474,green
2025-10-23 15:05:22,stamping,Stamping Shop,232.93,65.64,87.13,54.27,27.95,455,green
2025-10-23 15:05:22,body_shop,Body Shop (BIW),428.44,52.19,86.29,99.83,51.41,451,green
2025-10-23 15:05:22,paint,Paint Shop,623.86,191.74,81.93,145.36,74.86,428,green
2025-10-23 15:05:22,assembly,General Assembly,349.53,25.46,90.48,81.44,41.94,473,green
2025-10-23 15:05:22,powertrain,Powertrain Assembly,311.67,35.53,87.41,72.62,37.4,457,green
2025-10-23 15:05:22,quality,Quality Control,179.16,21.93,91.33,41.74,21.5,477,green
2025-10-23 15:05:22,logistics,Logistics,149.51,19.61,88.88,34.84,17.94,465,green
2025-10-23 16:05:22,stamping,Stamping Shop,238.58,65.41,91.73,55.59,28.63,501,green
2025-10-23 16:05:22,body_shop,Body Shop (BIW),445.58,54.53,82.93,103.82,53.47,453,green
2025-10-23 16:05:22,paint,Paint Shop,645.41,181.33,83.45,150.38,77.45,456,green
2025-10-23 16:05:22,assembly,General Assembly,389.06,26.48,85.19,90.65,46.69,466,green
2025-10-23 16:05:22,powertrain,Powertrain Assembly,323.59,49.45073671221799,92.97,75.4,38.83,508,green
2025-10-23 16:05:22,quality,Quality Control,158.58,23.14,90.91,36.95,19.03,497,green
2025-10-23 16:05:22,logistics,Logistics,151.58,19.29,87.71,35.32,18.19,479,green
2025-10-23 17:05:22,stamping,Stamping Shop,293.66,66.67,87.6,68.42,35.24,534,green
2025-10-23 17:05:22,body_shop,Body Shop (BIW),487.56,56.67,86.69,113.6,58.51,528,green
2025-10-23 17:05:22,paint,Paint Shop,672.02,185.15,84.48,156.58,80.64,515,green
2025-10-23 17:05:22,assembly,General Assembly,410.61,25.59,85.59,95.67,49.27,521,green
2025-10-23 17:05:22,powertrain,Powertrain Assembly,338.85,35.61,90.5,78.95,40.66,551,green
2025-10-23 17:05:22,quality,Quality Control,196.97,21.59,94.97,45.89,23.64,579,green
2025-10-23 17:05:22,logistics,Logistics,179.76,20.01,90.3,41.88,21.57,550,green
2025-10-23 18:05:22,stamping,Stamping Shop,298.24,64.86,89.22,69.49,35.79,567,green
2025-10-23 18:05:22,body_shop,Body Shop (BIW),523.84,54.21,86.55,122.05,62.86,550,green
2025-10-23 18:05:22,paint,Paint Shop,699.4,184.7,80.32,162.96,83.93,510,green
2025-10-23 18:05:22,assembly,General Assembly,468.76,24.58,84.27,109.22,56.25,535,green
2025-10-23 18:05:22,powertrain,Powertrain Assembly,357.95,35.1,89.23,83.4,42.95,567,green
2025-10-23 18:05:22,quality,Quality Control,214.24,21.77,94.21,49.92,25.71,598,green
2025-10-23 18:05:22,logistics,Logistics,183.08,20.7,96.03,42.66,21.97,610,green
2025-10-23 19:05:22,stamping,Stamping Shop,421.33,64.0,87.68,98.17,50.56,876,green
2025-10-23 19:05:22,body_shop,Body Shop (BIW),880.57,56.38,87.34,205.17,105.67,873,green
2025-10-23 19:05:22,paint,Paint Shop,1220.48,174.03,86.36,284.37,146.46,863,green
2025-10-23 19:05:22,assembly,General Assembly,715.49,23.24,85.78,166.71,85.86,857,green
2025-10-23 19:05:22,powertrain,Powertrain Assembly,525.93,34.58,86.24,122.54,63.11,862,green
2025-10-23 19:05:22,quality,Quality Control,314.03,22.75,92.8,73.17,37.68,927,green
2025-10-23 19:05:22,logistics,Logistics,291.82,20.09,90.29,67.99,35.02,902,green
2025-10-23 20:05:22,stamping,Stamping Shop,480.8,64.17,91.01,112.03,57.7,963,green
2025-10-23 20:05:22,body_shop,Body Shop (BIW),866.19,53.61,85.11,201.82,103.94,900,green
2025-10-23 20:05:22,paint,Paint Shop,1260.45,176.08,83.44,293.69,151.25,883,green
2025-10-23 20:05:22,assembly,General Assembly,728.63,23.71,82.17,169.77,87.44,869,green
2025-10-23 20:05:22,powertrain,Powertrain Assembly,582.27,32.44,88.83,135.67,69.87,940,green
2025-10-23 20:05:22,quality,Quality Control,336.56,21.66,90.72,78.42,40.39,960,green
2025-10-23 20:05:22,logistics,Logistics,288.75,20.87,89.3,67.28,34.65,945,green
2025-10-23 21:05:22,stamping,Stamping Shop,504.67,68.92,90.72,117.59,60.56,1011,green
2025-10-23 21:05:22,body_shop,Body Shop (BIW),932.47,55.73,85.5,217.27,111.9,953,amber
2025-10-23 21:05:22,paint,Paint Shop,1340.76,173.13,82.09,312.4,160.89,915,green
2025-10-23 21:05:22,assembly,General Assembly,795.4,25.48,86.02,185.33,95.45,958,amber
2025-10-23 21:05:22,powertrain,Powertrain Assembly,592.02,33.41,85.85,137.94,71.04,957,green
2025-10-23 21:05:22,quality,Quality Control,333.23,22.59,90.93,77.64,39.99,1013,green
2025-10-23 21:05:22,logistics,Logistics,291.05,19.24,92.64,67.82,34.93,1032,green
2025-10-23 22:05:22,stamping,Stamping Shop,487.37,69.61,91.71,113.56,58.48,1069,green
2025-10-23 22:05:22,body_shop,Body Shop (BIW),914.35,56.43,87.8,213.04,109.72,1024,green
2025-10-23 22:05:22,paint,Paint Shop,1385.69,186.11,87.76,322.87,166.28,1023,amber
2025-10-23 22:05:22,assembly,General Assembly,744.34,26.51,86.05,173.43,89.32,1003,green
2025-10-23 22:05:22,powertrain,Powertrain Assembly,680.89,35.55,84.66,158.65,81.71,987,amber
2025-10-23 22:05:22,quality,Quality Control,369.69,21.22,90.1,86.14,44.36,1051,amber
2025-10-23 22:05:22,logistics,Logistics,347.65,20.17,87.32,81.0,41.72,1018,amber
2025-10-23 23:05:22,stamping,Stamping Shop,549.82,64.86,92.61,128.11,65.98,1122,amber
2025-10-23 23:05:22,body_shop,Body Shop (BIW),952.92,52.07,88.79,222.03,114.35,1076,amber
2025-10-23 23:05:22,paint,Paint Shop,1587.84,188.88,86.91,369.97,190.54,1053,red
2025-10-23 23:05:22,assembly,General Assembly,895.35,25.41,90.53,208.62,107.44,1097,red
2025-10-23 23:05:22,powertrain,Powertrain Assembly,742.69,34.0,90.77,173.05,89.12,1100,red
2025-10-23 23:05:22,quality,Quality Control,424.8,20.99,91.73,98.98,50.98,1111,red
2025-10-23 23:05:22,logistics,Logistics,325.06,20.62,90.97,75.74,39.01,1102,amber
2025-10-24 00:05:22,stamping,Stamping Shop,592.54,64.31,88.05,138.06,71.1,1100,red
2025-10-24 00:05:22,body_shop,Body Shop (BIW),972.27,54.53,87.83,226.54,116.67,1097,amber
2025-10-24 00:05:22,paint,Paint Shop,1556.94,253.9502802073885,83.06,362.77,186.83,1037,red
2025-10-24 00:05:22,assembly,General Assembly,781.14,26.09,90.45,182.01,93.74,1130,green
2025-10-24 00:05:22,powertrain,Powertrain Assembly,666.08,35.54,88.96,155.2,79.93,1111,amber
2025-10-24 00:05:22,quality,Quality Control,414.14,22.26,95.1,96.5,49.7,1188,red
2025-10-24 00:05:22,logistics,Logistics,378.81,19.25,85.57,88.26,45.46,1069,red
2025-10-24 01:05:22,stamping,Stamping Shop,607.44,63.69,90.12,141.53,72.89,1150,red
2025-10-24 01:05:22,body_shop,Body Shop (BIW),1011.39,56.64,85.33,235.65,121.37,1089,red
2025-10-24 01:05:22,paint,Paint Shop,1569.76,179.9,77.84,365.75,188.37,994,red
2025-10-24 01:05:22,assembly,General Assembly,945.79,25.95,84.58,220.37,113.49,1080,red
2025-10-24 01:05:22,powertrain,Powertrain Assembly,665.65,36.58,85.41,155.1,79.88,1090,amber
2025-10-24 01:05:22,quality,Quality Control,434.44,22.45,95.28,101.22,52.13,1216,red
2025-10-24 01:05:22,logistics,Logistics,367.73,18.92,90.76,85.68,44.13,1159,red
2025-10-24 02:05:22,stamping,Stamping Shop,556.56,64.75,92.11,129.68,66.79,1192,amber
2025-10-24 02:05:22,body_shop,Body Shop (BIW),1094.71,59.96,85.42,255.07,131.37,1105,red
2025-10-24 02:05:22,paint,Paint Shop,1411.35,170.47,78.91,328.84,169.36,1021,amber
2025-10-24 02:05:22,assembly,General Assembly,888.5,24.21,86.97,207.02,106.62,1125,red
2025-10-24 02:05:22,powertrain,Powertrain Assembly,732.45,35.2,86.29,170.66,87.89,1116,red
2025-10-24 02:05:22,quality,Quality Control,407.32,22.94,91.4,94.91,48.88,1182,red
2025-10-24 02:05:22,logistics,Logistics,356.65,26.917481189175774,88.24,83.1,42.8,1141,red
2025-10-24 03:05:22,stamping,Stamping Shop,569.67,63.16,86.11,132.73,68.36,1119,red
2025-10-24 03:05:22,body_shop,Body Shop (BIW),886.84,54.3,87.68,206.63,106.42,1139,green
2025-10-24 03:05:22,paint,Paint Shop,1523.78,176.08,82.21,355.04,182.85,1068,red
2025-10-24 03:05:22,assembly,General Assembly,807.04,23.56,83.26,188.04,96.84,1082,amber
2025-10-24 03:05:22,powertrain,Powertrain Assembly,771.54,32.19,89.55,179.77,92.59,1164,red
2025-10-24 03:05:22,quality,Quality Control,422.66,22.73,92.91,98.48,50.72,1207,red
2025-10-24 03:05:22,logistics,Logistics,351.88,20.68,92.08,81.99,42.23,1197,red
2025-10-24 04:05:22,stamping,Stamping Shop,570.24,60.23,92.19,132.87,68.43,1193,red
2025-10-24 04:05:22,body_shop,Body Shop (BIW),1109.23,55.83,87.09,258.45,133.11,1127,red
2025-10-24 04:05:22,paint,Paint Shop,1550.33,177.06,81.82,361.23,186.04,1058,red
2025-10-24 04:05:22,assembly,General Assembly,932.97,24.35,86.49,217.38,111.96,1119,red
2025-10-24 04:05:22,powertrain,Powertrain Assembly,715.44,34.2,87.71,166.7,85.85,1135,red
2025-10-24 04:05:22,quality,Quality Control,418.78,22.11,89.9,97.58,50.25,1163,red
2025-10-24 04:05:22,logistics,Logistics,364.95,19.93,91.96,85.03,43.79,1190,red
2025-10-24 05:05:22,stamping,Stamping Shop,521.29,63.51,89.85,121.46,62.55,1147,amber
2025-10-24 05:05:22,body_shop,Body Shop (BIW),1063.24,57.73,87.0,247.73,127.59,1111,red
2025-10-24 05:05:22,paint,Paint Shop,1650.13,171.91,86.56,384.48,198.02,1105,red
2025-10-24 05:05:22,assembly,General Assembly,868.08,25.54,84.38,202.26,104.17,1077,red
2025-10-24 05:05:22,powertrain,Powertrain Assembly,707.25,34.32,86.42,164.79,84.87,1103,red
2025-10-24 05:05:22,quality,Quality Control,411.6,20.88,96.73,95.9,49.39,1235,red
2025-10-24 05:05:22,logistics,Logistics,373.98,21.08,95.14,87.14,44.88,1215,red
2025-10-24 06:05:22,stamping,Stamping Shop,617.42,65.5,91.09,143.86,74.09,1138,red
2025-10-24 06:05:22,body_shop,Body Shop (BIW),1013.41,54.43,91.3,236.12,121.61,1140,red
2025-10-24 06:05:22,paint,Paint Shop,1561.27,183.69,84.25,363.78,187.35,1052,red
2025-10-24 06:05:22,assembly,General Assembly,798.57,23.86,85.98,186.07,95.83,1074,amber
2025-10-24 06:05:22,powertrain,Powertrain Assembly,695.97,37.22,90.91,162.16,83.52,1135,red
2025-10-24 06:05:22,quality,Quality Control,383.93,22.69,93.49,89.46,46.07,1168,amber
2025-10-24 06:05:22,logistics,Logistics,325.59,19.24,91.0,75.86,39.07,1136,amber
2025-10-24 07:05:22,stamping,Stamping Shop,514.3,61.96,87.24,119.83,61.72,1057,green
2025-10-24 07:05:22,body_shop,Body Shop (BIW),1048.8,56.47,89.96,244.37,125.86,1090,red
2025-10-24 07:05:22,paint,Paint Shop,1598.4,170.86,81.92,372.43,191.81,992,red
2025-10-24 07:05:22,assembly,General Assembly,830.07,25.78,86.1,193.41,99.61,1043,amber
2025-10-24 07:05:22,powertrain,Powertrain Assembly,657.83,36.37,88.48,153.27,78.94,1072,amber
2025-10-24 07:05:22,quality,Quality Control,358.63,22.57,96.3,83.56,43.04,1167,green
2025-10-24 07:05:22,logistics,Logistics,334.94,20.79,90.56,78.04,40.19,1097,amber
2025-10-24 08:05:22,stamping,Stamping Shop,530.16,68.35,86.33,123.53,63.62,1007,amber
2025-10-24 08:05:22,body_shop,Body Shop (BIW),905.18,56.24,87.19,210.91,108.62,1017,green
2025-10-24 08:05:22,paint,Paint Shop,1389.56,192.88,85.44,323.77,166.75,996,amber
2025-10-24 08:05:22,assembly,General Assembly,757.28,26.08,87.24,176.45,90.87,1017,green
2025-10-24 08:05:22,powertrain,Powertrain Assembly,635.12,36.02,90.9,147.98,76.21,1060,amber
2025-10-24 08:05:22,quality,Quality Control,392.62,21.48,96.84,91.48,47.11,1129,amber
2025-10-24 08:05:22,logistics,Logistics,328.79,20.09,86.81,76.61,39.45,1012,amber
2025-10-24 09:05:22,stamping,Stamping Shop,477.86,67.09,89.69,111.34,57.34,999,green
2025-10-24 09:05:22,body_shop,Body Shop (BIW),914.44,53.19,89.28,213.06,109.73,995,green
2025-10-24 09:05:22,paint,Paint Shop,1351.43,175.0,80.3,314.88,162.17,895,green
2025-10-24 09:05:22,assembly,General Assembly,760.09,24.36,88.55,177.1,91.21,987,green
2025-10-24 09:05:22,powertrain,Powertrain Assembly,606.65,37.35,88.58,141.35,72.8,987,green
2025-10-24 09:05:22,quality,Quality Control,358.42,20.71,91.14,83.51,43.01,1015,green
2025-10-24 09:05:22,logistics,Logistics,308.63,18.59,92.3,71.91,37.04,1028,green
2025-10-24 10:05:22,stamping,Stamping Shop,480.25,67.71,88.21,111.9,57.63,933,green
2025-10-24 10:05:22,body_shop,Body Shop (BIW),872.56,54.28,87.21,203.31,104.71,923,green
2025-10-24 10:05:22,paint,Paint Shop,1272.49,191.33,80.31,296.49,152.7,850,green
2025-10-24 10:05:22,assembly,General Assembly,702.39,34.92941520568237,88.69,163.66,84.29,938,green
2025-10-24 10:05:22,powertrain,Powertrain Assembly,1078.408837224792,32.74,89.29,238.17649453249138,72.87,945,red
2025-10-24 10:05:22,quality,Quality Control,341.43,21.81,91.78,79.55,40.97,971,green
2025-10-24 10:05:22,logistics,Logistics,302.97,19.41,94.5,70.59,36.36,1000,green
2025-10-24 11:05:22,stamping,Stamping Shop,289.3,63.64,75.51472797127917,67.41,34.72,545,amber
2025-10-24 11:05:22,body_shop,Body Shop (BIW),529.18,52.56,88.12,123.3,63.5,534,green
2025-10-24 11:05:22,paint,Paint Shop,683.11,178.01,84.71,159.16,81.97,513,green
2025-10-24 11:05:22,assembly,General Assembly,412.91,25.32,86.78,96.21,49.55,526,green
2025-10-24 11:05:22,powertrain,Powertrain Assembly,348.31,35.16,88.55,81.16,41.8,537,green
2025-10-24 11:05:22,quality,Quality Control,206.46,23.05,94.17,48.11,24.78,571,green
2025-10-24 11:05:22,logistics,Logistics,174.33,20.83,92.59,40.62,20.92,561,green
2025-10-24 12:05:22,stamping,Stamping Shop,288.83,63.58,89.29,67.3,34.66,559,green
2025-10-24 12:05:22,body_shop,Body Shop (BIW),529.98,58.24,85.9,123.48,63.6,537,green
2025-10-24 12:05:22,paint,Paint Shop,718.87,181.66,81.44,167.5,86.26,509,green
2025-10-24 12:05:22,assembly,General Assembly,408.18,25.89,82.71,95.11,48.98,517,green
2025-10-24 12:05:22,powertrain,Powertrain Assembly,350.43,51.53034336545491,86.91,81.65,42.05,544,green
2025-10-24 12:05:22,quality,Quality Control,174.02,21.37,92.94,40.55,20.88,582,green
2025-10-24 12:05:22,logistics,Logistics,177.93,19.79,87.1,41.46,21.35,545,green
2025-10-24 13:05:22,stamping,Stamping Shop,269.25,62.92,87.71,62.73,32.31,560,green
2025-10-24 13:05:22,body_shop,Body Shop (BIW),514.76,50.11,87.64,119.94,61.77,560,green
2025-10-24 13:05:22,paint,Paint Shop,740.98,183.08,83.73,172.65,88.92,535,green
2025-10-24 13:05:22,assembly,General Assembly,431.37,25.26,86.09,100.51,51.76,550,green
2025-10-24 13:05:22,powertrain,Powertrain Assembly,343.89,35.77,84.96,80.13,41.27,543,green
2025-10-24 13:05:22,quality,Quality Control,209.73,21.23,95.43,48.87,25.17,610,green
2025-10-24 13:05:22,logistics,Logistics,181.96,18.82,90.56,42.4,21.84,579,green
2025-10-24 14:05:22,stamping,Stamping Shop,236.39,64.63,89.93,55.08,28.37,476,green
2025-10-24 14:05:22,body_shop,Body Shop (BIW),409.72,54.47,85.87,95.46,49.17,454,green
2025-10-24 14:05:22,paint,Paint Shop,704.08,196.25,82.67,164.05,84.49,437,green
2025-10-24 14:05:22,assembly,General Assembly,347.35,24.5,83.4,80.93,41.68,441,green
2025-10-24 14:05:22,powertrain,Powertrain Assembly,310.9,35.73,84.78,72.44,37.31,449,green
2025-10-24 14:05:22,quality,Quality Control,175.64,24.6,89.44,40.92,21.08,473,green
2025-10-24 14:05:22,logistics,Logistics,138.43,21.58,89.27,32.26,16.61,472,green
2025-10-24 15:05:22,stamping,Stamping Shop,280.22,66.07,87.63,65.29,33.63,536,green
2025-10-24 15:05:22,body_shop,Body Shop (BIW),501.32,55.85,89.39,116.81,60.16,547,green
2025-10-24 15:05:22,paint,Paint Shop,707.19,190.5,81.88,164.77,84.86,501,green
2025-10-24 15:05:22,assembly,General Assembly,429.0,23.78,89.0,99.96,51.48,544,green
2025-10-24 15:05:22,powertrain,Powertrain Assembly,338.72,37.37,83.69,78.92,40.65,512,green
2025-10-24 15:05:22,quality,Quality Control,177.48,21.57,96.1,41.35,21.3,588,green
2025-10-24 15:05:22,logistics,Logistics,161.17,21.78,90.33,37.55,19.34,552,green
2025-10-24 16:05:22,stamping,Stamping Shop,241.43,69.75,87.63,56.25,28.97,478,green
2025-10-24 16:05:22,body_shop,Body Shop (BIW),458.9,53.02,85.3,106.92,55.07,465,green
2025-10-24 16:05:22,paint,Paint Shop,660.24,188.51,83.04,153.84,79.23,453,green
2025-10-24 16:05:22,assembly,General Assembly,370.42,25.52,85.05,86.31,44.45,464,green
2025-10-24 16:05:22,powertrain,Powertrain Assembly,297.34,36.01,68.55001189998883,69.28,35.68,474,red
2025-10-24 16:05:22,quality,Quality Control,176.61,22.71,86.87,41.15,21.19,474,green
2025-10-24 16:05:22,logistics,Logistics,153.27,21.35,92.95,35.71,18.39,507,green
2025-10-24 17:05:22,stamping,Stamping Shop,229.91,62.53,89.57,53.57,27.59,498,green
2025-10-24 17:05:22,body_shop,Body Shop (BIW),440.54,54.2,91.63,102.65,52.87,510,green
2025-10-24 17:05:22,paint,Paint Shop,649.93,196.05,85.24,151.43,77.99,474,green
2025-10-24 17:05:22,assembly,General Assembly,371.05,25.1,83.1,86.46,44.53,462,green
2025-10-24 17:05:22,powertrain,Powertrain Assembly,303.94,33.85,92.16,70.82,36.47,512,green
2025-10-24 17:05:22,quality,Quality Control,175.93,21.74,96.37,40.99,21.11,536,green
2025-10-24 17:05:22,logistics,Logistics,140.0,19.59,87.65,32.62,16.8,487,green
2025-10-24 18:05:22,stamping,Stamping Shop,263.47,63.84,70.92725867956456,61.39,31.62,482,red
2025-10-24 18:05:22,body_shop,Body Shop (BIW),419.07,59.48,87.35,97.64,50.29,476,green
2025-10-24 18:05:22,paint,Paint Shop,565.44,183.06,80.96,131.75,67.85,441,green
2025-10-24 18:05:22,assembly,General Assembly,354.17,25.18,88.19,82.52,42.5,480,green
2025-10-24 18:05:22,powertrain,Powertrain Assembly,321.95,33.94,84.62,75.01,38.63,461,green
2025-10-24 18:05:22,quality,Quality Control,170.64,22.65,95.75,39.76,20.48,521,green
2025-10-24 18:05:22,logistics,Logistics,144.98,19.92,91.75,33.78,17.4,500,green
2025-10-24 19:05:22,stamping,Stamping Shop,413.98,62.15,86.34,96.46,49.68,863,green
2025-10-24 19:05:22,body_shop,Body Shop (BIW),791.48,54.24,90.01,184.42,94.98,900,green
2025-10-24 19:05:22,paint,Paint Shop,1312.6,175.21,85.31,305.84,157.51,853,green
2025-10-24 19:05:22,assembly,General Assembly,646.17,24.85,88.02,150.56,77.54,880,green
2025-10-24 19:05:22,powertrain,Powertrain Assembly,488.23,32.94,92.57,113.76,58.59,925,green
2025-10-24 19:05:22,quality,Quality Control,321.06,22.59,95.94,74.81,38.53,959,green
2025-10-24 19:05:22,logistics,Logistics,283.62,19.72,91.4,66.08,34.03,914,green
2025-10-24 20:05:22,stamping,Stamping Shop,490.34,64.33,90.29,114.25,58.84,955,green
2025-10-24 20:05:22,body_shop,Body Shop (BIW),829.73,59.16,91.22,193.33,99.57,965,green
2025-10-24 20:05:22,paint,Paint Shop,1239.72,201.2,83.16,288.85,148.77,880,green
2025-10-24 20:05:22,assembly,General Assembly,697.98,22.99,89.03,162.63,83.76,942,green
2025-10-24 20:05:22,powertrain,Powertrain Assembly,570.22,36.07,88.64,132.86,68.43,938,green
2025-10-24 20:05:22,quality,Quality Control,337.02,23.15,91.26,78.53,40.44,966,green
2025-10-24 20:05:22,logistics,Logistics,280.88,20.21,89.5,65.44,33.71,947,green
2025-10-24 21:05:22,stamping,Stamping Shop,468.35,64.76,91.32,109.12,56.2,1018,green
2025-10-24 21:05:22,body_shop,Body Shop (BIW),872.96,57.9,84.36,203.4,104.75,940,green
2025-10-24 21:05:22,paint,Paint Shop,1425.08,188.73,82.87,332.04,171.01,923,amber
2025-10-24 21:05:22,assembly,General Assembly,830.52,23.35,84.77,193.51,99.66,944,amber
2025-10-24 21:05:22,powertrain,Powertrain Assembly,592.35,35.21,85.33,138.02,71.08,951,green
2025-10-24 21:05:22,quality,Quality Control,366.32,21.35,93.71,85.35,43.96,1044,green
2025-10-24 21:05:22,logistics,Logistics,323.44,20.04,91.93,75.36,38.81,1024,amber
2025-10-24 22:05:22,stamping,Stamping Shop,542.08,60.78,88.61,126.3,65.05,1033,amber
2025-10-24 22:05:22,body_shop,Body Shop (BIW),1014.25,54.26,87.02,236.32,121.71,1015,red
2025-10-24 22:05:22,paint,Paint Shop,1456.61,199.85,87.37,339.39,174.79,1019,amber
2025-10-24 22:05:22,assembly,General Assembly,812.62,24.54,87.92,189.34,97.51,1025,amber
2025-10-24 22:05:22,powertrain,Powertrain Assembly,637.52,35.55,88.45,148.54,76.5,1031,amber
2025-10-24 22:05:22,quality,Quality Control,367.65,22.32,93.03,85.66,44.12,1085,green
2025-10-24 22:05:22,logistics,Logistics,360.48,20.46,90.63,83.99,43.26,1057,red
2025-10-24 23:05:22,stamping,Stamping Shop,1008.4599568312033,66.39,88.17,189.12908694951196,67.66,1068,red
2025-10-24 23:05:22,body_shop,Body Shop (BIW),949.53,55.58,85.65,221.24,113.94,1038,amber
2025-10-24 23:05:22,paint,Paint Shop,1427.95,190.14,85.93,332.71,171.35,1041,amber
2025-10-24 23:05:22,assembly,General Assembly,780.41,26.19,87.59,181.84,93.65,1061,green
2025-10-24 23:05:22,powertrain,Powertrain Assembly,642.29,35.12,83.75,149.65,77.07,1015,amber
2025-10-24 23:05:22,quality,Quality Control,385.5,23.01,94.77,89.82,46.26,1148,amber
2025-10-24 23:05:22,logistics,Logistics,341.34,19.57,93.48,79.53,40.96,1133,amber
2025-10-25 00:05:22,stamping,Stamping Shop,578.92,61.57,91.59,134.89,69.47,1144,red
2025-10-25 00:05:22,body_shop,Body Shop (BIW),1083.14,53.96,84.44,252.37,129.98,1055,red
2025-10-25 00:05:22,paint,Paint Shop,1468.49,187.84,81.97,342.16,176.22,1024,amber
2025-10-25 00:05:22,assembly,General Assembly,848.47,23.88,85.62,197.69,101.82,1069,amber
2025-10-25 00:05:22,powertrain,Powertrain Assembly,729.17,34.22,86.5,169.9,87.5,1080,red
2025-10-25 00:05:22,quality,Quality Control,397.6,23.86,94.81,92.64,47.71,1184,amber
2025-10-25 00:05:22,logistics,Logistics,357.39,27.790461814440217,88.04,83.27,42.89,1099,red
2025-10-25 01:05:22,stamping,Stamping Shop,599.72,65.55,89.31,139.74,71.97,1140,red
2025-10-25 01:05:22,body_shop,Body Shop (BIW),1020.43,51.7,88.54,237.76,122.45,1130,red
2025-10-25 01:05:22,paint,Paint Shop,1511.96,179.93,80.62,352.29,181.43,1029,red
2025-10-25 01:05:22,assembly,General Assembly,854.06,25.28,83.19,199.0,102.49,1062,red
2025-10-25 01:05:22,powertrain,Powertrain Assembly,666.23,33.57,85.33,155.23,79.95,1089,amber
2025-10-25 01:05:22,quality,Quality Control,403.48,20.34,96.35,94.01,48.42,1230,red
2025-10-25 01:05:22,logistics,Logistics,366.47,20.65,88.46,85.39,43.98,1129,red
2025-10-25 02:05:22,stamping,Stamping Shop,597.45,64.99,90.45,139.21,71.69,1170,red
2025-10-25 02:05:22,body_shop,Body Shop (BIW),947.39,55.4,89.25,220.74,113.69,1155,amber
2025-10-25 02:05:22,paint,Paint Shop,1546.29,175.11,83.98,360.29,185.55,1086,red
2025-10-25 02:05:22,assembly,General Assembly,979.74,23.62,87.8,228.28,117.57,1136,red
2025-10-25 02:05:22,powertrain,Powertrain Assembly,713.49,35.24,86.44,166.24,85.62,1118,red
2025-10-25 02:05:22,quality,Quality Control,441.76,22.99,94.46,102.93,53.01,1222,red
2025-10-25 02:05:22,logistics,Logistics,387.46,19.71,90.46,90.28,46.49,1170,red
2025-10-25 03:05:22,stamping,Stamping Shop,569.11,62.09,89.94,132.6,68.29,1169,red
2025-10-25 03:05:22,body_shop,Body Shop (BIW),1015.26,49.15,86.78,236.56,121.83,1128,red
2025-10-25 03:05:22,paint,Paint Shop,1602.32,186.13,84.14,373.34,192.28,1093,red
2025-10-25 03:05:22,assembly,General Assembly,905.39,25.11,86.14,210.96,108.65,1119,red
2025-10-25 03:05:22,powertrain,Powertrain Assembly,717.86,34.37,89.66,167.26,86.14,1165,red
2025-10-25 03:05:22,quality,Quality Control,456.17,21.8,94.38,106.29,54.74,1227,red
2025-10-25 03:05:22,logistics,Logistics,369.98,20.9,92.05,86.21,44.4,1196,red
2025-10-25 04:05:22,stamping,Stamping Shop,584.04,67.02,88.63,136.08,70.08,1147,red
2025-10-25 04:05:22,body_shop,Body Shop (BIW),1055.3,56.09,84.42,245.89,126.64,1092,red
2025-10-25 04:05:22,paint,Paint Shop,1368.25,176.46,80.8,318.8,164.19,1045,green
2025-10-25 04:05:22,assembly,General Assembly,854.45,26.2,85.65,199.09,102.53,1108,red
2025-10-25 04:05:22,powertrain,Powertrain Assembly,701.0,35.47,86.23,163.33,84.12,1116,red
2025-10-25 04:05:22,quality,Quality Control,400.62,21.2,93.25,93.35,48.07,1206,red
2025-10-25 04:05:22,logistics,Logistics,372.26,18.6,86.13,86.74,44.67,1114,red
2025-10-25 05:05:22,stamping,Stamping Shop,515.66,69.26,91.26,120.15,61.88,1165,green
2025-10-25 05:05:22,body_shop,Body Shop (BIW),941.75,58.4,87.53,219.43,113.01,1117,amber
2025-10-25 05:05:22,paint,Paint Shop,1477.63,190.64,86.45,344.29,177.32,1104,amber
2025-10-25 05:05:22,assembly,General Assembly,889.2,25.63,70.99827730191569,207.18,106.7,1134,red
2025-10-25 05:05:22,powertrain,Powertrain Assembly,696.14,36.3,87.61,162.2,83.54,1118,red
2025-10-25 05:05:22,quality,Quality Control,406.94,21.95,92.15,94.82,48.83,1176,red
2025-10-25 05:05:22,logistics,Logistics,378.82,19.86,90.75,88.27,45.46,1159,red
2025-10-25 06:05:22,stamping,Stamping Shop,591.64,67.28,89.89,137.85,71.0,1123,red
2025-10-25 06:05:22,body_shop,Body Shop (BIW),1045.6,54.9,89.09,243.62,125.47,1113,red
2025-10-25 06:05:22,paint,Paint Shop,1532.7,197.31,83.16,357.12,183.92,1039,red
2025-10-25 06:05:22,assembly,General Assembly,806.49,25.92,83.91,187.91,96.78,1048,amber
2025-10-25 06:05:22,powertrain,Powertrain Assembly,649.01,33.66,85.66,151.22,77.88,1070,amber
2025-10-25 06:05:22,quality,Quality Control,380.43,23.94,94.15,88.64,45.65,1176,amber
2025-10-25 06:05:22,logistics,Logistics,340.4,20.01,90.17,79.31,40.85,1126,amber
2025-10-25 07:05:22,stamping,Stamping Shop,567.45,59.78,90.4,132.22,68.09,1095,red
2025-10-25 07:05:22,body_shop,Body Shop (BIW),966.3,56.66,85.2,225.15,115.96,1032,amber
2025-10-25 07:05:22,paint,Paint Shop,1568.51,193.91,86.65,365.46,188.22,1050,red
2025-10-25 07:05:22,assembly,General Assembly,768.36,23.58,82.52,179.03,92.2,1000,green
2025-10-25 07:05:22,powertrain,Powertrain Assembly,730.36,32.3,83.67,170.17,87.64,1014,red
2025-10-25 07:05:22,quality,Quality Control,347.63,22.44,93.6,81.0,41.72,1134,green
2025-10-25 07:05:22,logistics,Logistics,334.37,18.73,85.89,77.91,40.12,1041,amber
2025-10-25 08:05:22,stamping,Stamping Shop,507.33,64.39,87.19,118.21,60.88,1017,green
2025-10-25 08:05:22,body_shop,Body Shop (BIW),905.13,78.83617993402449,87.36,210.89,108.62,1019,green
2025-10-25 08:05:22,paint,Paint Shop,1391.06,193.91,86.19,324.12,166.93,1005,amber
2025-10-25 08:05:22,assembly,General Assembly,825.7,25.01,88.0,192.39,99.08,1026,amber
2025-10-25 08:05:22,powertrain,Powertrain Assembly,625.65,30.98,87.73,145.78,75.08,1023,green
2025-10-25 08:05:22,quality,Quality Control,579.1280435216311,22.2,92.99,126.2755383407966,45.4,1084,red
2025-10-25 08:05:22,logistics,Logistics,317.24,20.73,91.12,73.92,38.07,1063,green
2025-10-25 09:05:22,stamping,Stamping Shop,521.97,69.56,90.18,121.62,62.64,1005,amber
2025-10-25 09:05:22,body_shop,Body Shop (BIW),858.26,51.69,90.19,199.97,102.99,1005,green
2025-10-25 09:05:22,paint,Paint Shop,1334.19,177.18,79.47,310.87,160.1,885,green
2025-10-25 09:05:22,assembly,General Assembly,737.85,23.4,81.43,171.92,88.54,907,green
2025-10-25 09:05:22,powertrain,Powertrain Assembly,669.94,34.29,90.74,156.1,80.39,1011,amber
2025-10-25 09:05:22,quality,Quality Control,353.55,21.07,72.93995127277371,82.38,42.43,968,red
2025-10-25 09:05:22,logistics,Logistics,316.34,21.97,91.36,73.71,37.96,1018,green
2025-10-25 10:05:22,stamping,Stamping Shop,474.64,62.33,90.94,110.59,56.96,962,green
2025-10-25 10:05:22,body_shop,Body Shop (BIW),865.47,57.63,86.18,201.65,103.86,912,green
2025-10-25 10:05:22,paint,Paint Shop,1225.28,197.8,81.46,285.49,147.03,862,green
2025-10-25 10:05:22,assembly,General Assembly,742.55,25.0,82.94,173.01,89.11,877,green
2025-10-25 10:05:22,powertrain,Powertrain Assembly,600.31,32.35,89.46,139.87,72.04,946,green
2025-10-25 10:05:22,quality,Quality Control,340.12,22.39,92.36,79.25,40.81,977,green
2025-10-25 10:05:22,logistics,Logistics,302.22,19.16,93.71,70.42,36.27,991,green
2025-10-25 11:05:22,stamping,Stamping Shop,291.23,60.78,90.15,67.86,34.95,605,green
2025-10-25 11:05:22,body_shop,Body Shop (BIW),549.75,55.13,88.62,128.09,65.97,595,green
2025-10-25 11:05:22,paint,Paint Shop,788.87,187.12,85.55,183.81,94.66,574,green
2025-10-25 11:05:22,assembly,General Assembly,486.25,26.19,83.74,113.3,58.35,562,green
2025-10-25 11:05:22,powertrain,Powertrain Assembly,375.08,36.36,90.2,87.39,45.01,606,green
2025-10-25 11:05:22,quality,Quality Control,211.83,22.17,90.89,49.36,25.42,610,green
2025-10-25 11:05:22,logistics,Logistics,204.78,18.91,90.67,47.71,24.57,609,green
2025-10-25 12:05:22,stamping,Stamping Shop,269.41,62.96,90.76,62.77,32.33,531,green
2025-10-25 12:05:22,body_shop,Body Shop (BIW),443.8,55.66,85.07,103.41,53.26,498,green
2025-10-25 12:05:22,paint,Paint Shop,699.77,190.27,81.83,163.05,83.97,479,green
2025-10-25 12:05:22,assembly,General Assembly,398.59,25.18,89.27,92.87,47.83,523,green
2025-10-25 12:05:22,powertrain,Powertrain Assembly,336.55,33.42,88.78,78.42,40.39,520,green
2025-10-25 12:05:22,quality,Quality Control,193.75,23.27,95.0,45.14,23.25,556,green
2025-10-25 12:05:22,logistics,Logistics,146.11,19.84,93.23,34.04,17.53,546,green
2025-10-25 13:05:22,stamping,Stamping Shop,170.98,64.57,95.17,39.84,20.52,357,green
2025-10-25 13:05:22,body_shop,Body Shop (BIW),297.04,51.38,85.69,69.21,35.64,321,green
2025-10-25 13:05:22,paint,Paint Shop,459.44,170.09,82.37,107.05,55.13,309,green
2025-10-25 13:05:22,assembly,General Assembly,251.08,26.54,89.16,58.5,30.13,334,green
2025-10-25 13:05:22,powertrain,Powertrain Assembly,204.86,34.76,86.85,47.73,24.58,326,green
2025-10-25 13:05:22,quality,Quality Control,120.84,21.47,94.83,28.16,14.5,355,green
2025-10-25 13:05:22,logistics,Logistics,107.98,20.2,91.88,25.16,12.96,344,green
2025-10-25 14:05:22,stamping,Stamping Shop,137.52,63.32,88.32,32.04,16.5,289,green
2025-10-25 14:05:22,body_shop,Body Shop (BIW),258.58,53.16,86.56,60.25,31.03,283,green
2025-10-25 14:05:22,paint,Paint Shop,369.95,187.67,84.41,86.2,44.39,276,green
2025-10-25 14:05:22,assembly,General Assembly,232.13,22.67,87.44,54.09,27.86,286,green
2025-10-25 14:05:22,powertrain,Powertrain Assembly,191.98,33.77,86.65,44.73,23.04,283,green
2025-10-25 14:05:22,quality,Quality Control,104.02,22.17,93.56,24.24,12.48,306,green
2025-10-25 14:05:22,logistics,Logistics,92.38,19.81,90.47,21.52,11.09,296,green
2025-10-25 15:05:22,stamping,Stamping Shop,269.3503744978303,66.19,89.78,58.86799596164138,18.65,305,green
2025-10-25 15:05:22,body_shop,Body Shop (BIW),281.27,58.03,84.81,65.54,33.75,289,green
2025-10-25 15:05:22,paint,Paint Shop,376.94,182.97,81.31,87.83,45.23,277,green
2025-10-25 15:05:22,assembly,General Assembly,235.36,24.09,87.72,54.84,28.24,298,green
2025-10-25 15:05:22,powertrain,Powertrain Assembly,194.59,35.35,87.35,45.34,23.35,297,green
2025-10-25 15:05:22,quality,Quality Control,112.69,21.38,70.71686423662292,26.26,13.52,318,red
2025-10-25 15:05:22,logistics,Logistics,91.74,18.24,91.66,21.38,11.01,312,green
2025-10-25 16:05:22,stamping,Stamping Shop,176.26,62.42,89.45,41.07,21.15,331,green
2025-10-25 16:05:22,body_shop,Body Shop (BIW),284.35,51.12,89.93,66.25,34.12,332,green
2025-10-25 16:05:22,paint,Paint Shop,463.27,171.66,83.34,107.94,55.59,308,green
2025-10-25 16:05:22,assembly,General Assembly,261.82,25.36,85.88,61.0,31.42,317,green
2025-10-25 16:05:22,powertrain,Powertrain Assembly,215.18,35.56,88.42,50.14,25.82,327,green
2025-10-25 16:05:22,quality,Quality Control,118.19,22.18,96.68,27.54,14.18,357,green
2025-10-25 16:05:22,logistics,Logistics,99.96,20.43,87.11,23.29,11.99,322,green
2025-10-25 17:05:22,stamping,Stamping Shop,168.39,61.83,88.29,39.23,20.21,336,green
2025-10-25 17:05:22,body_shop,Body Shop (BIW),298.67,53.86,86.26,69.59,35.84,328,green
2025-10-25 17:05:22,paint,Paint Shop,441.48,184.63,83.36,102.87,52.98,317,green
2025-10-25 17:05:22,assembly,General Assembly,235.52,26.38,90.88,54.88,28.26,346,green
2025-10-25 17:05:22,powertrain,Powertrain Assembly,206.17,35.9,91.67,48.04,24.74,349,green
2025-10-25 17:05:22,quality,Quality Control,130.16,23.07,93.3,30.33,15.62,355,green
2025-10-25 17:05:22,logistics,Logistics,97.88,25.128750166345828,91.6,22.81,11.75,348,green
2025-10-25 18:05:22,stamping,Stamping Shop,152.51,67.1,90.46,35.54,18.3,327,green
2025-10-25 18:05:22,body_shop,Body Shop (BIW),276.75,58.55,88.78,64.48,33.21,321,green
2025-10-25 18:05:22,paint,Paint Shop,469.96,194.16,82.28,109.5,56.4,297,green
2025-10-25 18:05:22,assembly,General Assembly,246.68,24.97,86.61,57.48,29.6,313,green
2025-10-25 18:05:22,powertrain,Powertrain Assembly,205.96,36.43,87.0,47.99,24.72,315,green
2025-10-25 18:05:22,quality,Quality Control,113.15,23.53,91.5,26.36,13.58,331,green
2025-10-25 18:05:22,logistics,Logistics,99.91,20.28,92.37,23.28,11.99,334,green
2025-10-25 19:05:22,stamping,Stamping Shop,273.99,64.24,90.19,63.84,32.88,541,green
2025-10-25 19:05:22,body_shop,Body Shop (BIW),463.37,55.08,83.46,107.96,55.6,500,green
2025-10-25 19:05:22,paint,Paint Shop,688.31,191.35,83.96,160.38,82.6,503,green
2025-10-25 19:05:22,assembly,General Assembly,400.76,25.43,81.87,93.38,48.09,491,green
2025-10-25 19:05:22,powertrain,Powertrain Assembly,338.46,33.63,87.36,78.86,40.62,524,green
2025-10-25 19:05:22,quality,Quality Control,211.49,21.02,91.02,49.28,25.38,546,green
2025-10-25 19:05:22,logistics,Logistics,174.29,19.88,93.24,40.61,20.91,559,green
2025-10-25 20:05:22,stamping,Stamping Shop,282.96,66.98,85.86,65.93,33.96,545,green
2025-10-25 20:05:22,body_shop,Body Shop (BIW),502.0,51.82,89.4,116.97,60.24,567,green
2025-10-25 20:05:22,paint,Paint Shop,778.53,184.78,85.63,181.4,93.42,543,green
2025-10-25 20:05:22,assembly,General Assembly,431.05,24.14,85.81,100.43,51.73,544,green
2025-10-25 20:05:22,powertrain,Powertrain Assembly,332.99,33.82,86.82,77.59,39.96,551,green
2025-10-25 20:05:22,quality,Quality Control,204.35,23.08,95.07,47.61,24.52,603,green
2025-10-25 20:05:22,logistics,Logistics,252.5736330776325,19.88,90.99,64.54161864322505,20.59,577,green
2025-10-25 21:05:22,stamping,Stamping Shop,302.95,62.34,89.54,70.59,36.35,598,green
2025-10-25 21:05:22,body_shop,Body Shop (BIW),534.79,52.34,87.09,124.61,64.17,582,green
2025-10-25 21:05:22,paint,Paint Shop,798.0,186.0,85.94,185.93,95.76,574,green
2025-10-25 21:05:22,assembly,General Assembly,442.76,26.54,81.4,103.16,53.13,544,green
2025-10-25 21:05:22,powertrain,Powertrain Assembly,390.0,34.11,89.17,90.87,46.8,596,green
2025-10-25 21:05:22,quality,Quality Control,208.03,22.97,65.55445416107803,48.47,24.96,619,red
2025-10-25 21:05:22,logistics,Logistics,196.31,20.35,90.47,45.74,23.56,605,green
2025-10-25 22:05:22,stamping,Stamping Shop,306.51,63.25,89.12,71.42,36.78,623,green
2025-10-25 22:05:22,body_shop,Body Shop (BIW),524.82,52.26,85.79,122.28,62.98,600,green
2025-10-25 22:05:22,paint,Paint Shop,797.21,183.25,84.83,185.75,95.67,593,green
2025-10-25 22:05:22,assembly,General Assembly,517.0,24.47,89.68,120.46,62.04,627,green
2025-10-25 22:05:22,powertrain,Powertrain Assembly,369.35,35.25,89.27,86.06,44.32,624,green
2025-10-25 22:05:22,quality,Quality Control,224.46,22.03,93.52,52.3,26.94,654,green
2025-10-25 22:05:22,logistics,Logistics,182.75,19.83,85.67,42.58,21.93,599,green
2025-10-25 23:05:22,stamping,Stamping Shop,320.78,60.05,88.73,74.74,38.49,645,green
2025-10-25 23:05:22,body_shop,Body Shop (BIW),610.77,53.56,86.78,142.31,73.29,631,green
2025-10-25 23:05:22,paint,Paint Shop,903.51,176.59,80.29,210.52,108.42,583,green
2025-10-25 23:05:22,assembly,General Assembly,507.96,26.11,85.73,118.35,60.96,623,green
2025-10-25 23:05:22,powertrain,Powertrain Assembly,374.08,32.59,91.31,87.16,44.89,664,green
2025-10-25 23:05:22,quality,Quality Control,319.92735336946,21.51,94.45,77.24273843673069,25.55,686,green
2025-10-25 23:05:22,logistics,Logistics,222.8,20.08,94.1,51.91,26.74,684,green
2025-10-26 00:05:22,stamping,Stamping Shop,330.02,65.56,87.99,76.89,39.6,659,green
2025-10-26 00:05:22,body_shop,Body Shop (BIW),630.32,54.41,84.46,146.86,75.64,633,green
2025-10-26 00:05:22,paint,Paint Shop,962.4,177.97,82.9,224.24,115.49,621,green
2025-10-26 00:05:22,assembly,General Assembly,463.16,23.97,84.74,107.92,55.58,635,green
2025-10-26 00:05:22,powertrain,Powertrain Assembly,415.56,35.19,89.45,96.83,49.87,670,green
2025-10-26 00:05:22,quality,Quality Control,220.42,22.18,76.42824782267887,51.36,26.45,712,amber
2025-10-26 00:05:22,logistics,Logistics,226.07,20.17,89.39,52.67,27.13,670,green
2025-10-26 01:05:22,stamping,Stamping Shop,315.7,64.75,91.32,73.56,37.88,699,green
2025-10-26 01:05:22,body_shop,Body Shop (BIW),638.12,53.49,89.5,148.68,76.57,685,green
2025-10-26 01:05:22,paint,Paint Shop,903.22,191.52,84.49,210.45,108.39,647,green
2025-10-26 01:05:22,assembly,General Assembly,478.42,24.81,83.78,111.47,57.41,641,green
2025-10-26 01:05:22,powertrain,Powertrain Assembly,420.66,34.63,88.58,98.01,50.48,678,green
2025-10-26 01:05:22,quality,Quality Control,222.31,22.59,91.83,51.8,26.68,703,green
2025-10-26 01:05:22,logistics,Logistics,220.18,21.32,95.79,51.3,26.42,734,green
2025-10-26 02:05:22,stamping,Stamping Shop,354.71,65.56,92.41,82.65,42.57,717,green
2025-10-26 02:05:22,body_shop,Body Shop (BIW),604.94,54.0,90.53,140.95,72.59,703,green
2025-10-26 02:05:22,paint,Paint Shop,903.42,195.84,84.09,210.5,108.41,652,green
2025-10-26 02:05:22,assembly,General Assembly,516.07,26.12,82.25,120.24,61.93,638,green
2025-10-26 02:05:22,powertrain,Powertrain Assembly,385.36,36.14,86.58,89.79,46.24,672,green
2025-10-26 02:05:22,quality,Quality Control,216.42,21.16,89.67,50.43,25.97,696,green
2025-10-26 02:05:22,logistics,Logistics,223.88,21.37,88.64,52.16,26.87,688,green
2025-10-26 03:05:22,stamping,Stamping Shop,338.14,63.97,89.05,78.79,40.58,694,green
2025-10-26 03:05:22,body_shop,Body Shop (BIW),607.96,56.3,87.16,141.65,72.95,679,green
2025-10-26 03:05:22,paint,Paint Shop,1005.05,191.02,79.21,234.18,120.61,617,green
2025-10-26 03:05:22,assembly,General Assembly,539.41,25.34,84.99,125.68,64.73,662,green
2025-10-26 03:05:22,powertrain,Powertrain Assembly,455.46,35.98,88.7,106.12,54.66,691,green
2025-10-26 03:05:22,quality,Quality Control,238.21,21.83,92.51,55.5,28.58,721,green
2025-10-26 03:05:22,logistics,Logistics,229.2,18.77,90.63,53.4,27.5,706,green
2025-10-26 04:05:22,stamping,Stamping Shop,361.17,65.58,91.12,84.15,43.34,707,green
2025-10-26 04:05:22,body_shop,Body Shop (BIW),626.0,56.38,86.36,145.86,75.12,670,green
2025-10-26 04:05:22,paint,Paint Shop,941.53,179.92,80.82,219.38,112.98,627,green
2025-10-26 04:05:22,assembly,General Assembly,513.66,24.64,86.26,119.68,61.64,669,green
2025-10-26 04:05:22,powertrain,Powertrain Assembly,409.54,31.52,89.85,95.42,49.14,697,green
2025-10-26 04:05:22,quality,Quality Control,326.0355729854633,20.76,90.42,84.18014505314773,28.22,702,green
2025-10-26 04:05:22,logistics,Logistics,248.6,21.4,88.86,57.92,29.83,690,green
2025-10-26 05:05:22,stamping,Stamping Shop,327.15,61.95,89.92,76.23,39.26,689,green
2025-10-26 05:05:22,body_shop,Body Shop (BIW),619.19,58.08,84.02,144.27,74.3,643,green
2025-10-26 05:05:22,paint,Paint Shop,956.69,174.35,81.73,222.91,114.8,626,green
2025-10-26 05:05:22,assembly,General Assembly,541.42,24.13,85.34,126.15,64.97,653,green
2025-10-26 05:05:22,powertrain,Powertrain Assembly,437.34,33.61,88.14,101.9,52.48,675,green
2025-10-26 05:05:22,quality,Quality Control,254.7,21.23,93.24,59.35,30.56,714,green
2025-10-26 05:05:22,logistics,Logistics,213.23,19.75,96.57,49.68,25.59,740,green
2025-10-26 06:05:22,stamping,Stamping Shop,376.07,66.83,85.93,87.62,45.13,644,green
2025-10-26 06:05:22,body_shop,Body Shop (BIW),653.63,51.27,87.92,152.3,78.44,659,green
2025-10-26 06:05:22,paint,Paint Shop,927.08,181.27,80.84,216.01,111.25,606,green
2025-10-26 06:05:22,assembly,General Assembly,807.9065870469582,24.65,88.83,166.22822048314458,64.23,665,amber
2025-10-26 06:05:22,powertrain,Powertrain Assembly,463.36,35.74,86.92,107.96,55.6,651,green
2025-10-26 06:05:22,quality,Quality Control,241.09,20.88,93.18,56.17,28.93,698,green
2025-10-26 06:05:22,logistics,Logistics,221.98,19.72,90.37,51.72,26.64,677,green
2025-10-26 07:05:22,stamping,Stamping Shop,311.23,65.31,91.95,72.52,37.35,668,green
2025-10-26 07:05:22,body_shop,Body Shop (BIW),576.04,56.53,85.36,134.22,69.12,620,green
2025-10-26 07:05:22,paint,Paint Shop,932.6,195.54,83.05,217.3,111.91,604,green
2025-10-26 07:05:22,assembly,General Assembly,497.83,25.29,83.83,115.99,59.74,609,green
2025-10-26 07:05:22,powertrain,Powertrain Assembly,393.73,37.12,88.26,91.74,47.25,641,green
2025-10-26 07:05:22,quality,Quality Control,245.86,21.85,91.11,57.28,29.5,662,green
2025-10-26 07:05:22,logistics,Logistics,203.33,21.85,88.99,47.38,24.4,647,green
2025-10-26 08:05:22,stamping,Stamping Shop,324.79,64.05,85.64,75.68,38.98,599,green
2025-10-26 08:05:22,body_shop,Body Shop (BIW),542.5,55.24,88.4,126.4,65.1,618,green
2025-10-26 08:05:22,paint,Paint Shop,873.32,172.55,84.64,203.48,104.8,592,green
2025-10-26 08:05:22,assembly,General Assembly,473.56,26.8,84.54,110.34,56.83,591,green
2025-10-26 08:05:22,powertrain,Powertrain Assembly,376.95,33.18,85.63,87.83,45.23,599,green
2025-10-26 08:05:22,quality,Quality Control,220.19,21.34,96.29,51.3,26.42,674,green
2025-10-26 08:05:22,logistics,Logistics,177.13,19.4,89.0,41.27,21.26,622,green
2025-10-26 09:05:22,stamping,Stamping Shop,301.81,66.59,89.29,70.32,36.22,597,green
2025-10-26 09:05:22,body_shop,Body Shop (BIW),568.96,56.68,85.77,132.57,68.28,573,green
2025-10-26 09:05:22,paint,Paint Shop,837.95,187.84,87.09,195.24,100.55,582,green
2025-10-26 09:05:22,assembly,General Assembly,452.03,25.38,89.01,105.32,54.24,595,green
2025-10-26 09:05:22,powertrain,Powertrain Assembly,346.88,32.65,85.6,80.82,41.63,572,green
2025-10-26 09:05:22,quality,Quality Control,226.41,23.28,89.75,52.75,27.17,600,green
2025-10-26 09:05:22,logistics,Logistics,207.51,21.72,87.67,48.35,24.9,586,green
2025-10-26 10:05:22,stamping,Stamping Shop,282.31,68.51,94.77,65.78,33.88,601,green
2025-10-26 10:05:22,body_shop,Body Shop (BIW),478.03,59.98,86.7,111.38,57.36,550,green
2025-10-26 10:05:22,paint,Paint Shop,760.32,198.24,83.12,177.16,91.24,527,green
2025-10-26 10:05:22,assembly,General Assembly,437.25,24.83,87.57,101.88,52.47,556,green
2025-10-26 10:05:22,powertrain,Powertrain Assembly,363.59,35.14,93.15,84.72,43.63,591,green
2025-10-26 10:05:22,quality,Quality Control,192.98,20.77,73.03248067839455,44.97,23.16,561,red
2025-10-26 10:05:22,logistics,Logistics,160.9,20.52,90.64,37.49,19.31,575,green
2025-10-26 11:05:22,stamping,Stamping Shop,157.83,66.16,86.47,36.78,18.94,311,green
2025-10-26 11:05:22,body_shop,Body Shop (BIW),271.2,52.12,88.33,63.19,32.54,318,green
2025-10-26 11:05:22,paint,Paint Shop,369.44,194.08,84.14,86.08,44.33,303,green
2025-10-26 11:05:22,assembly,General Assembly,234.64,23.28,85.33,54.67,28.16,307,green
2025-10-26 11:05:22,powertrain,Powertrain Assembly,191.95,33.97,87.18,44.72,23.03,314,green
2025-10-26 11:05:22,quality,Quality Control,117.56,21.64,87.9,27.39,14.11,317,green
2025-10-26 11:05:22,logistics,Logistics,98.31,19.21,87.22,22.91,11.8,314,green
2025-10-26 12:05:22,stamping,Stamping Shop,169.13,65.61,90.8,39.41,20.3,343,green
2025-10-26 12:05:22,body_shop,Body Shop (BIW),332.81,51.94,80.71,77.55,39.94,305,green
2025-10-26 12:05:22,paint,Paint Shop,440.75,172.54,85.48,102.7,52.89,323,green
2025-10-26 12:05:22,assembly,General Assembly,259.62,23.5,88.57,60.49,31.15,335,green
2025-10-26 12:05:22,powertrain,Powertrain Assembly,218.41,34.02,70.57461587449245,50.89,26.21,344,red
2025-10-26 12:05:22,quality,Quality Control,119.19,22.12,93.97,27.77,14.3,355,green
2025-10-26 12:05:22,logistics,Logistics,102.85,21.08,89.25,23.96,12.34,337,green
2025-10-26 13:05:22,stamping,Stamping Shop,153.53,66.99,87.85,35.77,18.42,291,green
2025-10-26 13:05:22,body_shop,Body Shop (BIW),277.1,55.9,83.77,64.56,33.25,278,green
2025-10-26 13:05:22,paint,Paint Shop,414.19,195.42,83.4,96.51,49.7,277,green
2025-10-26 13:05:22,assembly,General Assembly,219.26,24.36,89.42,51.09,26.31,297,green
2025-10-26 13:05:22,powertrain,Powertrain Assembly,195.61,34.8,85.41,45.58,23.47,283,green
2025-10-26 13:05:22,quality,Quality Control,103.04,20.51,91.6,24.01,12.37,304,green
2025-10-26 13:05:22,logistics,Logistics,91.15,20.05,88.44,21.24,10.94,293,green
2025-10-26 14:05:22,stamping,Stamping Shop,141.17,62.35,92.21,32.89,16.94,318,green
2025-10-26 14:05:22,body_shop,Body Shop (BIW),267.8,56.48,86.31,62.4,32.14,298,green
2025-10-26 14:05:22,paint,Paint Shop,421.94,174.62,84.14,98.31,50.63,290,green
2025-10-26 14:05:22,assembly,General Assembly,239.41,25.95,84.67,55.78,28.73,292,green
2025-10-26 14:05:22,powertrain,Powertrain Assembly,187.81,50.64944761496313,91.75,43.76,22.54,317,green
2025-10-26 14:05:22,quality,Quality Control,110.13,20.34,94.56,25.66,13.22,326,green
2025-10-26 14:05:22,logistics,Logistics,96.85,21.48,90.1,22.57,11.62,311,green
2025-10-26 15:05:22,stamping,Stamping Shop,136.86,66.47,89.19,31.89,16.42,276,green
2025-10-26 15:05:22,body_shop,Body Shop (BIW),239.03,58.63,84.75,55.69,28.68,262,green
2025-10-26 15:05:22,paint,Paint Shop,405.28,194.83,81.38,94.43,48.63,252,green
2025-10-26 15:05:22,assembly,General Assembly,208.53,22.71,88.86,48.59,25.02,275,green
2025-10-26 15:05:22,powertrain,Powertrain Assembly,168.77,35.3,91.99,39.32,20.25,284,green
2025-10-26 15:05:22,quality,Quality Control,97.33,22.9,92.89,22.68,11.68,287,green
2025-10-26 15:05:22,logistics,Logistics,81.21,20.94,91.75,18.92,9.75,284,green
2025-10-26 16:05:22,stamping,Stamping Shop,188.18,64.76,91.86,43.85,22.58,384,green
2025-10-26 16:05:22,body_shop,Body Shop (BIW),348.94,55.26,87.79,81.3,41.87,367,green
2025-10-26 16:05:22,paint,Paint Shop,528.58,194.09,81.98,123.16,63.43,342,green
2025-10-26 16:05:22,assembly,General Assembly,283.45,26.01,84.93,66.04,34.01,355,green
2025-10-26 16:05:22,powertrain,Powertrain Assembly,223.13,34.57,86.02,51.99,26.78,359,green
2025-10-26 16:05:22,quality,Quality Control,144.4,23.12,93.18,33.65,17.33,389,green
2025-10-26 16:05:22,logistics,Logistics,114.94,20.61,90.38,26.78,13.79,377,green
2025-10-26 17:05:22,stamping,Stamping Shop,171.24,67.43,91.01,39.9,20.55,322,green
2025-10-26 17:05:22,body_shop,Body Shop (BIW),282.8,55.73,87.05,65.89,33.94,308,green
2025-10-26 17:05:22,paint,Paint Shop,424.66,170.21,83.44,98.95,50.96,295,green
2025-10-26 17:05:22,assembly,General Assembly,242.35,24.69,83.65,56.47,29.08,296,green
2025-10-26 17:05:22,powertrain,Powertrain Assembly,177.37,34.13,86.83,41.33,21.28,307,green
2025-10-26 17:05:22,quality,Quality Control,117.17,21.7,89.5,27.3,14.06,317,green
2025-10-26 17:05:22,logistics,Logistics,101.29,18.79,87.78,23.6,12.16,311,green
2025-10-26 18:05:22,stamping,Stamping Shop,179.91,64.91,72.33263931976788,41.92,21.59,348,red
2025-10-26 18:05:22,body_shop,Body Shop (BIW),337.03,55.18,87.6,78.53,40.44,347,green
2025-10-26 18:05:22,paint,Paint Shop,497.3,192.35,83.24,115.87,59.68,330,green
2025-10-26 18:05:22,assembly,General Assembly,277.05,25.79,84.22,64.55,33.25,334,green
2025-10-26 18:05:22,powertrain,Powertrain Assembly,212.75,35.58,85.15,49.57,25.53,338,green
2025-10-26 18:05:22,quality,Quality Control,130.87,21.96,92.33,30.49,15.7,366,green
2025-10-26 18:05:22,logistics,Logistics,117.84,20.95,92.35,27.46,14.14,366,green
2025-10-26 19:05:22,stamping,Stamping Shop,249.86,62.98,90.24,58.22,29.98,541,green
2025-10-26 19:05:22,body_shop,Body Shop (BIW),534.01,55.08,85.36,124.42,64.08,512,green
2025-10-26 19:05:22,paint,Paint Shop,701.13,191.03,82.61,163.36,84.14,495,green
2025-10-26 19:05:22,assembly,General Assembly,406.17,24.5,82.24,94.64,48.74,493,green
2025-10-26 19:05:22,powertrain,Powertrain Assembly,335.26,36.53,88.88,78.12,40.23,533,green
2025-10-26 19:05:22,quality,Quality Control,182.78,21.81,97.11,42.59,21.93,582,green
2025-10-26 19:05:22,logistics,Logistics,158.13,19.38,92.16,36.84,18.98,552,green
2025-10-26 20:05:22,stamping,Stamping Shop,290.49,64.71,89.63,67.68,34.86,569,green
2025-10-26 20:05:22,body_shop,Body Shop (BIW),515.69,55.57,85.26,120.16,61.88,541,green
2025-10-26 20:05:22,paint,Paint Shop,713.71,181.53,78.78,166.29,85.64,500,green
2025-10-26 20:05:22,assembly,General Assembly,447.88,24.67,85.88,104.36,53.75,545,green
2025-10-26 20:05:22,powertrain,Powertrain Assembly,346.9,33.14,87.58,80.83,41.63,556,green
2025-10-26 20:05:22,quality,Quality Control,210.66,24.27,87.44,49.08,25.28,555,green
2025-10-26 20:05:22,logistics,Logistics,189.76,18.85,87.31,44.22,22.77,554,green
2025-10-26 21:05:22,stamping,Stamping Shop,310.26,65.87,88.18,72.29,37.23,589,green
2025-10-26 21:05:22,body_shop,Body Shop (BIW),509.46,57.09,90.45,118.7,61.14,604,green
2025-10-26 21:05:22,paint,Paint Shop,769.38,184.61,79.74,179.27,92.33,533,green
2025-10-26 21:05:22,assembly,General Assembly,484.4,24.51,85.67,112.87,58.13,573,green
2025-10-26 21:05:22,powertrain,Powertrain Assembly,371.64,36.57,89.78,86.59,44.6,600,green
2025-10-26 21:05:22,quality,Quality Control,216.78,20.55,93.57,50.51,26.01,625,green
2025-10-26 21:05:22,logistics,Logistics,156.91,19.19,87.68,36.56,18.83,586,green
2025-10-26 22:05:22,stamping,Stamping Shop,301.09,64.01,87.74,70.15,36.13,614,green
2025-10-26 22:05:22,body_shop,Body Shop (BIW),510.53,53.23,83.5,118.95,61.26,584,green
2025-10-26 22:05:22,paint,Paint Shop,891.14,182.4,79.81,207.64,106.94,558,green
2025-10-26 22:05:22,assembly,General Assembly,456.27,25.26,84.01,106.31,54.75,588,green
2025-10-26 22:05:22,powertrain,Powertrain Assembly,380.7,36.0,84.6,88.7,45.68,592,green
2025-10-26 22:05:22,quality,Quality Control,229.37,21.83,91.98,53.44,27.52,643,green
2025-10-26 22:05:22,logistics,Logistics,200.03,20.03,89.24,46.61,24.0,624,green
2025-10-26 23:05:22,stamping,Stamping Shop,351.96,63.5,90.09,82.01,42.24,655,green
2025-10-26 23:05:22,body_shop,Body Shop (BIW),554.14,55.72,84.94,129.11,66.5,617,green
2025-10-26 23:05:22,paint,Paint Shop,847.67,185.12,86.13,197.51,101.72,626,green
2025-10-26 23:05:22,assembly,General Assembly,516.25,24.69,89.36,120.29,61.95,649,green
2025-10-26 23:05:22,powertrain,Powertrain Assembly,429.98,35.35,83.7,100.18,51.6,608,green
2025-10-26 23:05:22,quality,Quality Control,240.0,24.16,93.6,55.92,28.8,680,green
2025-10-26 23:05:22,logistics,Logistics,211.38,20.0,88.14,49.25,25.37,641,green
2025-10-27 00:05:22,stamping,Stamping Shop,334.03,66.41,90.55,77.83,40.08,678,green
2025-10-27 00:05:22,body_shop,Body Shop (BIW),631.12,55.17,86.49,147.05,75.73,648,green
2025-10-27 00:05:22,paint,Paint Shop,833.88,191.96,81.87,194.29,100.07,613,green
2025-10-27 00:05:22,assembly,General Assembly,452.12,23.71,83.87,105.34,54.25,628,green
2025-10-27 00:05:22,powertrain,Powertrain Assembly,437.6,34.9,88.05,101.96,52.51,660,green
2025-10-27 00:05:22,quality,Quality Control,265.99,21.29,89.48,61.98,31.92,670,green
2025-10-27 00:05:22,logistics,Logistics,202.11,19.7,85.59,47.09,24.25,641,green
2025-10-27 01:05:22,stamping,Stamping Shop,306.8,63.13,85.48,71.48,36.82,655,green
2025-10-27 01:05:22,body_shop,Body Shop (BIW),644.27,53.28,88.98,150.12,77.31,681,green
2025-10-27 01:05:22,paint,Paint Shop,917.99,184.47,84.34,213.89,110.16,646,green
2025-10-27 01:05:22,assembly,General Assembly,525.65,23.74,85.53,122.48,63.08,655,green
2025-10-27 01:05:22,powertrain,Powertrain Assembly,409.02,33.52,83.73,95.3,49.08,641,green
2025-10-27 01:05:22,quality,Quality Control,251.87,21.84,93.58,58.69,30.22,717,green
2025-10-27 01:05:22,logistics,Logistics,220.6,19.74,91.48,51.4,26.47,701,green
2025-10-27 02:05:22,stamping,Stamping Shop,378.21,63.71,90.68,88.12,45.38,704,green
2025-10-27 02:05:22,body_shop,Body Shop (BIW),541.4,52.94,86.68,126.15,64.97,673,green
2025-10-27 02:05:22,paint,Paint Shop,911.33,180.76,80.38,212.34,109.36,624,green
2025-10-27 02:05:22,assembly,General Assembly,515.74,25.75,85.81,120.17,61.89,666,green
2025-10-27 02:05:22,powertrain,Powertrain Assembly,413.79,35.05,90.22,96.41,49.66,700,green
2025-10-27 02:05:22,quality,Quality Control,234.5,23.24,92.13,54.64,28.14,715,green
2025-10-27 02:05:22,logistics,Logistics,230.21,20.14,94.6,53.64,27.63,734,green
2025-10-27 03:05:22,stamping,Stamping Shop,348.28,61.09,90.14,81.15,41.79,703,green
2025-10-27 03:05:22,body_shop,Body Shop (BIW),627.1,55.15,90.96,146.12,75.25,709,green
2025-10-27 03:05:22,paint,Paint Shop,897.98,182.48,86.43,209.23,107.76,674,green
2025-10-27 03:05:22,assembly,General Assembly,546.52,25.4,84.13,127.34,65.58,656,green
2025-10-27 03:05:22,powertrain,Powertrain Assembly,408.22,33.11,87.04,95.11,48.99,678,green
2025-10-27 03:05:22,quality,Quality Control,254.75,22.79,91.1,59.36,30.57,710,green
2025-10-27 03:05:22,logistics,Logistics,223.29,20.43,84.44,52.03,26.8,658,green
2025-10-27 04:05:22,stamping,Stamping Shop,327.96,62.28,86.78,76.41,39.35,673,green
2025-10-27 04:05:22,body_shop,Body Shop (BIW),626.45,53.51,88.19,145.96,75.17,684,green
2025-10-27 04:05:22,paint,Paint Shop,994.15,196.14,82.76,231.64,119.3,642,green
2025-10-27 04:05:22,assembly,General Assembly,558.63,24.67,86.82,130.16,67.04,674,green
2025-10-27 04:05:22,powertrain,Powertrain Assembly,428.68,34.71,86.64,99.88,51.44,672,green
2025-10-27 04:05:22,quality,Quality Control,240.7,23.3,88.48,56.08,28.88,687,green
2025-10-27 04:05:22,logistics,Logistics,231.26,20.55,95.3,53.88,27.75,740,green
2025-10-27 05:05:22,stamping,Stamping Shop,358.39,66.35,87.64,83.5,43.01,671,green
2025-10-27 05:05:22,body_shop,Body Shop (BIW),584.8,60.82,86.01,136.26,70.18,659,green
2025-10-27 05:05:22,paint,Paint Shop,980.87,178.58,81.51,228.54,117.7,624,green
2025-10-27 05:05:22,assembly,General Assembly,519.62,24.85,85.77,121.07,62.35,657,green
2025-10-27 05:05:22,powertrain,Powertrain Assembly,442.01,38.67,85.25,102.99,53.04,653,green
2025-10-27 05:05:22,quality,Quality Control,238.75,22.11,92.63,55.63,28.65,709,green
2025-10-27 05:05:22,logistics,Logistics,209.15,21.45,90.25,48.73,25.1,691,green
2025-10-27 06:05:22,stamping,Stamping Shop,313.21,63.25,88.61,72.98,37.59,664,green
2025-10-27 06:05:22,body_shop,Body Shop (BIW),638.28,58.15,84.48,148.72,76.59,633,green
2025-10-27 06:05:22,paint,Paint Shop,938.16,170.18,80.64,218.59,112.58,604,green
2025-10-27 06:05:22,assembly,General Assembly,532.65,23.88,86.78,124.11,63.92,650,green
2025-10-27 06:05:22,powertrain,Powertrain Assembly,417.47,35.54,88.18,97.27,50.1,661,green
2025-10-27 06:05:22,quality,Quality Control,255.53,20.75,91.88,59.54,30.66,688,green
2025-10-27 06:05:22,logistics,Logistics,211.65,20.3,90.97,49.32,25.4,681,green
2025-10-27 07:05:22,stamping,Stamping Shop,550.8542866148474,71.33,89.31,115.2869876806342,39.78,649,amber
2025-10-27 07:05:22,body_shop,Body Shop (BIW),597.64,57.5,90.28,139.25,71.72,656,green
2025-10-27 07:05:22,paint,Paint Shop,936.52,194.93,85.42,218.21,112.38,621,green
2025-10-27 07:05:22,assembly,General Assembly,530.07,23.65,87.61,123.51,63.61,637,green
2025-10-27 07:05:22,powertrain,Powertrain Assembly,385.48,34.21,91.73,89.82,46.26,667,green
2025-10-27 07:05:22,quality,Quality Control,232.12,21.35,93.94,54.08,27.85,683,green
2025-10-27 07:05:22,logistics,Logistics,203.18,19.89,91.75,47.34,24.38,667,green
2025-10-27 08:05:22,stamping,Stamping Shop,289.97,63.67,88.31,67.56,34.8,618,green
2025-10-27 08:05:22,body_shop,Body Shop (BIW),574.1,53.23,84.51,133.77,68.89,591,green
2025-10-27 08:05:22,paint,Paint Shop,743.99,186.65,84.69,173.35,89.28,592,green
2025-10-27 08:05:22,assembly,General Assembly,451.72,24.85,84.61,105.25,54.21,592,green
2025-10-27 08:05:22,powertrain,Powertrain Assembly,410.84,36.03,84.51,95.73,49.3,591,green
2025-10-27 08:05:22,quality,Quality Control,235.8,23.36,91.64,54.94,28.3,641,green
2025-10-27 08:05:22,logistics,Logistics,199.54,28.13475948179605,93.22,46.49,23.95,652,green
2025-10-27 09:05:22,stamping,Stamping Shop,310.98,62.5,93.13,72.46,37.32,622,green
2025-10-27 09:05:22,body_shop,Body Shop (BIW),545.01,52.64,83.76,126.99,65.4,560,green
2025-10-27 09:05:22,paint,Paint Shop,859.47,194.35,82.07,200.26,103.14,548,green
2025-10-27 09:05:22,assembly,General Assembly,425.25,25.77,86.62,99.08,51.03,579,green
2025-10-27 09:05:22,powertrain,Powertrain Assembly,325.71,31.19,89.6,75.89,39.09,599,green
2025-10-27 09:05:22,quality,Quality Control,208.1,23.63,95.9,48.49,24.97,641,green
2025-10-27 09:05:22,logistics,Logistics,203.04,20.62,94.89,47.31,24.36,634,green
2025-10-27 10:05:22,stamping,Stamping Shop,256.67,61.58,93.19,59.8,30.8,591,green
2025-10-27 10:05:22,body_shop,Body Shop (BIW),469.81,54.93,88.03,109.47,56.38,559,green
2025-10-27 10:05:22,paint,Paint Shop,796.73,196.77,85.37,185.64,95.61,542,green
2025-10-27 10:05:22,assembly,General Assembly,463.21,24.6,86.52,107.93,55.58,549,green
2025-10-27 10:05:22,powertrain,Powertrain Assembly,351.95,34.02,85.25,82.0,42.23,541,green
2025-10-27 10:05:22,quality,Quality Control,201.79,22.05,91.47,47.02,24.21,580,green
2025-10-27 10:05:22,logistics,Logistics,174.43,19.35,86.72,40.64,20.93,550,green
2025-10-27 11:05:22,stamping,Stamping Shop,136.41,64.36,89.43,31.78,16.37,297,green
2025-10-27 11:05:22,body_shop,Body Shop (BIW),283.83,53.97,84.39,66.13,34.06,280,green
2025-10-27 11:05:22,paint,Paint Shop,416.06,183.39,79.83,96.94,49.93,265,green
2025-10-27 11:05:22,assembly,General Assembly,235.94,25.05,87.11,54.97,28.31,289,green
2025-10-27 11:05:22,powertrain,Powertrain Assembly,193.12,32.86,86.37,45.0,23.17,287,green
2025-10-27 11:05:22,quality,Quality Control,110.03,21.26,93.84,25.64,13.2,312,green
2025-10-27 11:05:22,logistics,Logistics,90.27,20.51,91.61,21.03,10.83,304,green
2025-10-27 12:05:22,stamping,Stamping Shop,179.99,67.51,90.43,41.94,21.6,345,green
2025-10-27 12:05:22,body_shop,Body Shop (BIW),322.78,54.11,87.09,75.21,38.73,332,green
2025-10-27 12:05:22,paint,Paint Shop,463.13,173.03,84.03,107.91,55.58,320,green
2025-10-27 12:05:22,assembly,General Assembly,285.08,23.19,86.4,66.42,34.21,329,green
2025-10-27 12:05:22,powertrain,Powertrain Assembly,210.51,35.98,88.49,49.05,25.26,337,green
2025-10-27 12:05:22,quality,Quality Control,120.45,22.26,94.47,28.07,14.45,360,green
2025-10-27 12:05:22,logistics,Logistics,174.81952448105827,19.67,84.7,37.068331473679876,13.09,323,green
2025-10-27 13:05:22,stamping,Stamping Shop,245.7,64.93,85.53,57.25,29.48,472,green
2025-10-27 13:05:22,body_shop,Body Shop (BIW),386.97,54.59,88.94,90.17,46.44,491,green
2025-10-27 13:05:22,paint,Paint Shop,691.33,191.37,81.32,161.08,82.96,449,green
2025-10-27 13:05:22,assembly,General Assembly,358.89,24.62,84.74,83.62,43.07,468,green
2025-10-27 13:05:22,powertrain,Powertrain Assembly,296.05,36.21,87.8,68.98,35.53,484,green
2025-10-27 13:05:22,quality,Quality Control,173.7,22.65,93.64,40.47,20.84,517,green
2025-10-27 13:05:22,logistics,Logistics,149.96,19.85,90.56,34.94,18.0,500,green
2025-10-27 14:05:22,stamping,Stamping Shop,236.37,64.41,67.26644091832362,55.07,28.36,498,red
2025-10-27 14:05:22,body_shop,Body Shop (BIW),444.52,52.0,83.31,103.57,53.34,460,green
2025-10-27 14:05:22,paint,Paint Shop,607.05,185.19,84.36,141.44,72.85,466,green
2025-10-27 14:05:22,assembly,General Assembly,355.48,25.35,83.7,82.83,42.66,462,green
2025-10-27 14:05:22,powertrain,Powertrain Assembly,308.3,35.01,86.0,71.83,37.0,475,green
2025-10-27 14:05:22,quality,Quality Control,165.01,22.5,94.67,38.45,19.8,523,green
2025-10-27 14:05:22,logistics,Logistics,143.09,19.32,92.93,33.34,17.17,513,green
2025-10-27 15:05:22,stamping,Stamping Shop,224.78,67.66,90.47,52.37,26.97,466,green
2025-10-27 15:05:22,body_shop,Body Shop (BIW),420.43,52.35,89.78,97.96,50.45,463,green
2025-10-27 15:05:22,paint,Paint Shop,665.94,179.85,81.06,155.16,79.91,418,green
2025-10-27 15:05:22,assembly,General Assembly,373.63,24.74,82.58,87.06,44.84,426,green
2025-10-27 15:05:22,powertrain,Powertrain Assembly,296.92,34.81,88.67,69.18,35.63,457,green
2025-10-27 15:05:22,quality,Quality Control,168.9,30.659294463495286,91.81,39.35,20.27,473,green
2025-10-27 15:05:22,logistics,Logistics,150.01,20.38,89.28,34.95,18.0,460,green
2025-10-27 16:05:22,stamping,Stamping Shop,252.26,64.01,87.66,58.78,30.27,457,green
2025-10-27 16:05:22,body_shop,Body Shop (BIW),384.46,56.61,82.74,89.58,46.14,431,green
2025-10-27 16:05:22,paint,Paint Shop,638.51,196.26,81.72,148.77,76.62,426,green
2025-10-27 16:05:22,assembly,General Assembly,323.71,25.85,85.35,75.42,38.84,445,green
2025-10-27 16:05:22,powertrain,Powertrain Assembly,294.66,35.74,90.22,68.66,35.36,470,green
2025-10-27 16:05:22,quality,Quality Control,157.15,22.81,93.57,36.62,18.86,488,green
2025-10-27 16:05:22,logistics,Logistics,147.43,18.24,85.55,34.35,17.69,446,green
2025-10-27 17:05:22,stamping,Stamping Shop,306.41,69.17,86.36,71.39,36.77,558,green
2025-10-27 17:05:22,body_shop,Body Shop (BIW),514.11,55.22,88.91,119.79,61.69,574,green
2025-10-27 17:05:22,paint,Paint Shop,760.64,185.27,85.4,177.23,91.28,552,green
2025-10-27 17:05:22,assembly,General Assembly,438.51,23.75,89.16,102.17,52.62,576,green
2025-10-27 17:05:22,powertrain,Powertrain Assembly,363.48,36.84,92.07,84.69,43.62,595,green
2025-10-27 17:05:22,quality,Quality Control,200.81,20.18,91.08,46.79,24.1,588,green
2025-10-27 17:05:22,logistics,Logistics,194.75,19.24,91.46,45.38,23.37,591,green
2025-10-27 18:05:22,stamping,Stamping Shop,265.29,63.15,85.45,61.81,31.84,494,green
2025-10-27 18:05:22,body_shop,Body Shop (BIW),459.86,54.94,85.23,107.15,55.18,492,green
2025-10-27 18:05:22,paint,Paint Shop,694.82,185.36,84.29,161.89,83.38,487,green
2025-10-27 18:05:22,assembly,General Assembly,383.41,26.88,87.57,89.33,46.01,506,green
2025-10-27 18:05:22,powertrain,Powertrain Assembly,319.08,35.56,87.27,74.35,38.29,504,green
2025-10-27 18:05:22,quality,Quality Control,179.04,22.29,93.24,41.72,21.49,539,green
2025-10-27 18:05:22,logistics,Logistics,168.09,20.54,93.71,39.17,20.17,541,green
2025-10-27 19:05:22,stamping,Stamping Shop,487.79,62.44,88.25,113.65,58.53,882,green
2025-10-27 19:05:22,body_shop,Body Shop (BIW),786.03,52.8,85.44,183.14,94.32,854,green
2025-10-27 19:05:22,paint,Paint Shop,1213.69,178.86,83.46,282.79,145.64,834,green
2025-10-27 19:05:22,assembly,General Assembly,979.6658280326848,25.31,86.27,214.89113592977827,77.74,862,red
2025-10-27 19:05:22,powertrain,Powertrain Assembly,518.6,33.85,88.39,120.83,62.23,883,green
2025-10-27 19:05:22,quality,Quality Control,318.85,22.92,90.7,74.29,38.26,907,green
2025-10-27 19:05:22,logistics,Logistics,271.8,19.6,90.35,63.33,32.62,903,green
2025-10-27 20:05:22,stamping,Stamping Shop,448.74,64.28,91.62,104.56,53.85,969,green
2025-10-27 20:05:22,body_shop,Body Shop (BIW),914.97,50.0,85.59,213.19,109.8,905,green
2025-10-27 20:05:22,paint,Paint Shop,1320.72,187.75,82.18,307.73,158.49,869,green
2025-10-27 20:05:22,assembly,General Assembly,738.3,24.72,87.29,172.02,88.6,923,green
2025-10-27 20:05:22,powertrain,Powertrain Assembly,614.17,37.94,84.41,143.1,73.7,893,green
2025-10-27 20:05:22,quality,Quality Control,356.79,21.39,92.93,83.13,42.82,983,green
2025-10-27 20:05:22,logistics,Logistics,284.02,18.99,88.05,66.18,34.08,932,green
2025-10-27 21:05:22,stamping,Stamping Shop,504.55,64.38,91.08,117.56,60.55,1015,green
2025-10-27 21:05:22,body_shop,Body Shop (BIW),851.23,54.28,83.47,198.34,102.15,930,green
2025-10-27 21:05:22,paint,Paint Shop,1450.1,169.86,83.09,337.87,174.01,926,amber
2025-10-27 21:05:22,assembly,General Assembly,824.67,25.74,88.2,192.15,98.96,983,amber
2025-10-27 21:05:22,powertrain,Powertrain Assembly,607.24,33.64,93.97,141.49,72.87,1047,green
2025-10-27 21:05:22,quality,Quality Control,340.79,22.53,90.3,79.4,40.9,1006,green
2025-10-27 21:05:22,logistics,Logistics,320.35,19.86,87.08,74.64,38.44,970,green
2025-10-27 22:05:22,stamping,Stamping Shop,541.95,64.45,89.8,126.27,65.03,1047,amber
2025-10-27 22:05:22,body_shop,Body Shop (BIW),1001.41,54.93,87.47,233.33,120.17,1020,red
2025-10-27 22:05:22,paint,Paint Shop,1430.96,191.67,79.27,333.41,171.72,924,amber
2025-10-27 22:05:22,assembly,General Assembly,803.59,25.18,85.68,187.24,96.43,999,amber
2025-10-27 22:05:22,powertrain,Powertrain Assembly,634.98,39.13,89.48,147.95,76.2,1043,amber
2025-10-27 22:05:22,quality,Quality Control,368.39,20.96,92.42,85.83,44.21,1078,amber
2025-10-27 22:05:22,logistics,Logistics,324.94,19.24,92.08,75.71,38.99,1074,amber
2025-10-27 23:05:22,stamping,Stamping Shop,542.61,60.63,89.27,126.43,65.11,1082,amber
2025-10-27 23:05:22,body_shop,Body Shop (BIW),909.81,56.96,85.96,211.98,109.18,1041,green
2025-10-27 23:05:22,paint,Paint Shop,1317.02,174.19,82.36,306.87,158.04,998,green
2025-10-27 23:05:22,assembly,General Assembly,814.59,25.42,85.66,189.8,97.75,1038,amber
2025-10-27 23:05:22,powertrain,Powertrain Assembly,625.08,33.14,86.11,145.64,75.01,1043,green
2025-10-27 23:05:22,quality,Quality Control,364.98,21.18,91.92,85.04,43.8,1114,green
2025-10-27 23:05:22,logistics,Logistics,320.4,20.38,88.41,74.65,38.45,1071,green
2025-10-28 00:05:22,stamping,Stamping Shop,541.46,64.69,89.63,126.16,64.98,1119,amber
2025-10-28 00:05:22,body_shop,Body Shop (BIW),1014.21,53.24,84.08,236.31,121.7,1050,red
2025-10-28 00:05:22,paint,Paint Shop,1544.84,194.02,80.1,359.95,185.38,1000,red
2025-10-28 00:05:22,assembly,General Assembly,819.42,26.55,85.73,190.93,98.33,1071,amber
2025-10-28 00:05:22,powertrain,Powertrain Assembly,667.82,34.68,86.38,155.6,80.14,1079,amber
2025-10-28 00:05:22,quality,Quality Control,358.95,22.81,90.15,83.64,43.07,1126,green
2025-10-28 00:05:22,logistics,Logistics,329.22,20.47,87.52,76.71,39.51,1093,amber
2025-10-28 01:05:22,stamping,Stamping Shop,542.49,67.5,94.06,126.4,65.1,1201,amber
2025-10-28 01:05:22,body_shop,Body Shop (BIW),936.87,52.69,88.08,218.29,112.42,1124,amber
2025-10-28 01:05:22,paint,Paint Shop,1585.54,178.52,86.35,369.43,190.26,1102,red
2025-10-28 01:05:22,assembly,General Assembly,865.16,25.52,87.06,201.58,103.82,1111,red
2025-10-28 01:05:22,powertrain,Powertrain Assembly,693.98,31.54,85.28,161.7,83.28,1089,red
2025-10-28 01:05:22,quality,Quality Control,377.98,22.48,92.37,88.07,45.36,1179,amber
2025-10-28 01:05:22,logistics,Logistics,360.16,20.36,92.43,83.92,43.22,1180,red
2025-10-28 02:05:22,stamping,Stamping Shop,589.0,62.24,88.58,137.24,70.68,1146,red
2025-10-28 02:05:22,body_shop,Body Shop (BIW),1074.13,55.53,86.35,250.27,128.9,1117,red
2025-10-28 02:05:22,paint,Paint Shop,1586.93,184.13,85.15,369.75,190.43,1102,red
2025-10-28 02:05:22,assembly,General Assembly,892.06,25.74,86.85,207.85,107.05,1124,red
2025-10-28 02:05:22,powertrain,Powertrain Assembly,698.16,33.95,86.62,162.67,83.78,1121,red
2025-10-28 02:05:22,quality,Quality Control,399.22,23.97,92.12,93.02,47.91,1192,amber
2025-10-28 02:05:22,logistics,Logistics,357.5,19.47,92.68,83.3,42.9,1199,red
2025-10-28 03:05:22,stamping,Stamping Shop,627.34,66.11,87.97,146.17,75.28,1143,red
2025-10-28 03:05:22,body_shop,Body Shop (BIW),1082.9,58.18,85.63,252.31,129.95,1113,red
2025-10-28 03:05:22,paint,Paint Shop,1641.33,184.42,83.24,382.43,196.96,1082,red
2025-10-28 03:05:22,assembly,General Assembly,816.04,22.82,86.59,190.14,97.92,1125,amber
2025-10-28 03:05:22,powertrain,Powertrain Assembly,639.13,33.44,89.44,148.92,76.7,1162,amber
2025-10-28 03:05:22,quality,Quality Control,440.24,21.91,93.19,102.58,52.83,1211,red
2025-10-28 03:05:22,logistics,Logistics,342.86,20.26,90.6,79.89,41.14,1177,amber
2025-10-28 04:05:22,stamping,Stamping Shop,573.46,62.18,91.63,133.62,68.82,1185,red
2025-10-28 04:05:22,body_shop,Body Shop (BIW),966.59,54.29,86.3,225.22,115.99,1116,amber
2025-10-28 04:05:22,paint,Paint Shop,1564.77,187.41,83.41,364.59,187.77,1079,red
2025-10-28 04:05:22,assembly,General Assembly,883.08,24.75,86.83,205.76,105.97,1123,red
2025-10-28 04:05:22,powertrain,Powertrain Assembly,732.94,33.41,88.49,170.78,87.95,1145,red
2025-10-28 04:05:22,quality,Quality Control,421.78,20.06,93.18,98.28,50.61,1205,red
2025-10-28 04:05:22,logistics,Logistics,360.47,20.2,91.23,83.99,43.26,1180,red
2025-10-28 05:05:22,stamping,Stamping Shop,632.96,64.05,88.76,147.48,75.95,1133,red
2025-10-28 05:05:22,body_shop,Body Shop (BIW),958.7,48.92,90.34,223.38,115.04,1153,amber
2025-10-28 05:05:22,paint,Paint Shop,1509.97,192.61,82.52,351.82,181.2,1053,red
2025-10-28 05:05:22,assembly,General Assembly,924.16,24.6,86.95,215.33,110.9,1110,red
2025-10-28 05:05:22,powertrain,Powertrain Assembly,754.46,33.18,91.29,175.79,90.54,1165,red
2025-10-28 05:05:22,quality,Quality Control,394.09,20.61,94.21,91.82,47.29,1203,amber
2025-10-28 05:05:22,logistics,Logistics,336.37,20.84,92.16,78.37,40.36,1177,amber
2025-10-28 06:05:22,stamping,Stamping Shop,570.15,63.21,92.47,132.84,68.42,1155,red
2025-10-28 06:05:22,body_shop,Body Shop (BIW),1081.39,54.99,89.1,251.96,129.77,1113,red
2025-10-28 06:05:22,paint,Paint Shop,1655.4,191.17,82.5,385.71,198.65,1030,red
2025-10-28 06:05:22,assembly,General Assembly,846.83,24.37,84.76,197.31,101.62,1059,amber
2025-10-28 06:05:22,powertrain,Powertrain Assembly,678.0,35.26,88.28,157.97,81.36,1103,amber
2025-10-28 06:05:22,quality,Quality Control,372.32,22.66,91.04,86.75,44.68,1137,amber
2025-10-28 06:05:22,logistics,Logistics,347.1,19.57,91.99,80.88,41.65,1149,amber
2025-10-28 07:05:22,stamping,Stamping Shop,538.84,67.13,88.94,125.55,64.66,1078,amber
2025-10-28 07:05:22,body_shop,Body Shop (BIW),942.69,53.86,85.27,219.65,113.12,1033,amber
2025-10-28 07:05:22,paint,Paint Shop,1463.76,189.67,82.25,341.06,175.65,997,amber
2025-10-28 07:05:22,assembly,General Assembly,794.65,23.94,86.62,185.15,95.36,1049,amber
2025-10-28 07:05:22,powertrain,Powertrain Assembly,646.33,35.19,87.1,150.6,77.56,1055,amber
2025-10-28 07:05:22,quality,Quality Control,404.98,23.12,89.08,94.36,48.6,1079,red
2025-10-28 07:05:22,logistics,Logistics,343.29,19.34,93.26,79.99,41.2,1130,amber
2025-10-28 08:05:22,stamping,Stamping Shop,549.7,67.74,88.94,128.08,65.96,1037,amber
2025-10-28 08:05:22,body_shop,Body Shop (BIW),997.92,56.24,82.51,232.52,119.75,962,amber
2025-10-28 08:05:22,paint,Paint Shop,1328.48,180.65,85.91,309.54,159.42,1002,green
2025-10-28 08:05:22,assembly,General Assembly,867.59,25.72,87.46,202.15,104.11,1020,red
2025-10-28 08:05:22,powertrain,Powertrain Assembly,628.85,35.9,85.5,146.52,75.46,997,green
2025-10-28 08:05:22,quality,Quality Control,391.39,23.66,89.24,91.19,46.97,1041,amber
2025-10-28 08:05:22,logistics,Logistics,452.86161879694913,19.98,93.78,96.97737418964675,35.14,1094,red
2025-10-28 09:05:22,stamping,Stamping Shop,504.91,64.33,86.74,117.64,60.59,966,green
2025-10-28 09:05:22,body_shop,Body Shop (BIW),963.8,53.63,88.42,224.57,115.66,985,amber
2025-10-28 09:05:22,paint,Paint Shop,1364.02,189.88,84.65,317.82,163.68,943,green
2025-10-28 09:05:22,assembly,General Assembly,820.61,24.86,85.84,191.2,98.47,956,amber
2025-10-28 09:05:22,powertrain,Powertrain Assembly,597.83,39.06,86.03,139.29,71.74,959,green
2025-10-28 09:05:22,quality,Quality Control,360.89,21.3,89.67,84.09,43.31,999,green
2025-10-28 09:05:22,logistics,Logistics,312.48,20.07,89.95,72.81,37.5,1002,green
2025-10-28 10:05:22,stamping,Stamping Shop,488.52,65.04,89.93,113.83,58.62,951,green
2025-10-28 10:05:22,body_shop,Body Shop (BIW),1374.8982136541845,54.94,85.15,306.9835350599531,98.98,901,red
2025-10-28 10:05:22,paint,Paint Shop,1412.99,179.36,83.93,329.23,169.56,888,amber
2025-10-28 10:05:22,assembly,General Assembly,792.45,25.06,89.4,184.64,95.09,946,amber
2025-10-28 10:05:22,powertrain,Powertrain Assembly,607.36,34.39,86.85,141.52,72.88,919,green
2025-10-28 10:05:22,quality,Quality Control,369.8,21.58,93.39,86.16,44.38,988,amber
2025-10-28 10:05:22,logistics,Logistics,312.85,20.04,93.22,72.89,37.54,986,green
2025-10-28 11:05:22,stamping,Stamping Shop,241.47,64.8,86.95,56.26,28.98,449,green
2025-10-28 11:05:22,body_shop,Body Shop (BIW),375.07,48.96,87.7,87.39,45.01,453,green
2025-10-28 11:05:22,paint,Paint Shop,654.65,182.05,82.26,152.53,78.56,425,green
2025-10-28 11:05:22,assembly,General Assembly,361.08,24.56,85.58,84.13,43.33,442,green
2025-10-28 11:05:22,powertrain,Powertrain Assembly,295.54,36.04,88.86,68.86,35.46,459,green
2025-10-28 11:05:22,quality,Quality Control,171.02,20.62,94.48,39.85,20.52,488,green
2025-10-28 11:05:22,logistics,Logistics,144.17,20.88,89.06,33.59,17.3,460,green
2025-10-28 12:05:22,stamping,Stamping Shop,226.31,66.34,92.73,52.73,27.16,512,green
2025-10-28 12:05:22,body_shop,Body Shop (BIW),410.43,54.33,73.18987016166837,95.63,49.25,486,amber
2025-10-28 12:05:22,paint,Paint Shop,652.73,188.45,80.14,152.09,78.33,443,green
2025-10-28 12:05:22,assembly,General Assembly,377.92,24.2,89.52,88.05,45.35,495,green
2025-10-28 12:05:22,powertrain,Powertrain Assembly,296.7,34.05,84.48,69.13,35.6,467,green
2025-10-28 12:05:22,quality,Quality Control,185.58,22.13,94.29,43.24,22.27,521,green
2025-10-28 12:05:22,logistics,Logistics,145.77,20.54,89.08,33.96,17.49,492,green
2025-10-28 13:05:22,stamping,Stamping Shop,234.38,64.35,90.5,54.61,28.13,466,green
2025-10-28 13:05:22,body_shop,Body Shop (BIW),412.1,56.66,85.11,96.02,49.45,438,green
2025-10-28 13:05:22,paint,Paint Shop,629.03,185.71,81.69,146.57,75.48,420,green
2025-10-28 13:05:22,assembly,General Assembly,329.96,24.98,86.24,76.88,39.6,444,green
2025-10-28 13:05:22,powertrain,Powertrain Assembly,308.82,33.86,88.08,71.96,37.06,453,green
2025-10-28 13:05:22,quality,Quality Control,167.83,22.8,90.47,39.11,20.14,466,green
2025-10-28 13:05:22,logistics,Logistics,141.08,20.54,92.05,32.87,16.93,474,green
2025-10-28 14:05:22,stamping,Stamping Shop,289.04,63.3,92.23,67.35,34.68,572,green
2025-10-28 14:05:22,body_shop,Body Shop (BIW),513.72,58.38,86.63,119.7,61.65,538,green
2025-10-28 14:05:22,paint,Paint Shop,726.54,187.67,82.01,169.28,87.18,509,green
2025-10-28 14:05:22,assembly,General Assembly,427.51,25.07,88.54,99.61,51.3,549,green
2025-10-28 14:05:22,powertrain,Powertrain Assembly,367.26,35.1,87.0,85.57,44.07,540,green
2025-10-28 14:05:22,quality,Quality Control,205.9,21.36,90.36,47.97,24.71,561,green
2025-10-28 14:05:22,logistics,Logistics,173.74,20.05,89.46,40.48,20.85,555,green
2025-10-28 15:05:22,stamping,Stamping Shop,346.41653835391844,65.2,93.48,85.39242364329397,29.34,475,green
2025-10-28 15:05:22,body_shop,Body Shop (BIW),402.7,51.39,87.79,93.83,48.32,446,green
2025-10-28 15:05:22,paint,Paint Shop,603.6,192.41,80.86,140.64,72.43,411,green
2025-10-28 15:05:22,assembly,General Assembly,346.35,23.9,83.28,80.7,41.56,424,green
2025-10-28 15:05:22,powertrain,Powertrain Assembly,284.17,35.21,85.54,66.21,34.1,435,green
2025-10-28 15:05:22,quality,Quality Control,146.95,22.49,92.69,34.24,17.63,471,green
2025-10-28 15:05:22,logistics,Logistics,131.72,18.84,90.08,30.69,15.81,458,green
2025-10-28 16:05:22,stamping,Stamping Shop,250.6,63.56,88.59,58.39,30.07,472,green
2025-10-28 16:05:22,body_shop,Body Shop (BIW),459.39,55.34,83.84,107.04,55.13,447,green
2025-10-28 16:05:22,paint,Paint Shop,632.38,184.32,82.18,147.34,75.89,438,green
2025-10-28 16:05:22,assembly,General Assembly,342.62,25.08,86.63,79.83,41.11,461,green
2025-10-28 16:05:22,powertrain,Powertrain Assembly,282.6,35.92,86.89,65.85,33.91,463,green
2025-10-28 16:05:22,quality,Quality Control,188.65,22.32,94.36,43.95,22.64,503,green
2025-10-28 16:05:22,logistics,Logistics,136.58,18.25,93.95,31.82,16.39,500,green
2025-10-28 17:05:22,stamping,Stamping Shop,256.84,66.65,87.45,59.84,30.82,532,green
2025-10-28 17:05:22,body_shop,Body Shop (BIW),488.37,56.92,88.93,113.79,58.6,541,green
2025-10-28 17:05:22,paint,Paint Shop,710.9,187.72,84.64,165.64,85.31,514,green
2025-10-28 17:05:22,assembly,General Assembly,423.87,26.16,84.65,98.76,50.86,515,green
2025-10-28 17:05:22,powertrain,Powertrain Assembly,346.93,34.86,91.14,80.84,41.63,554,green
2025-10-28 17:05:22,quality,Quality Control,208.6,22.97,89.08,48.6,25.03,541,green
2025-10-28 17:05:22,logistics,Logistics,166.42,19.09,92.27,38.78,19.97,561,green
2025-10-28 18:05:22,stamping,Stamping Shop,282.18,63.58,89.81,65.75,33.86,561,green
2025-10-28 18:05:22,body_shop,Body Shop (BIW),472.01,55.63,90.44,109.98,56.64,565,green
2025-10-28 18:05:22,paint,Paint Shop,729.01,195.86,83.42,169.86,87.48,521,green
2025-10-28 18:05:22,assembly,General Assembly,396.23,26.71,81.44,92.32,47.55,509,green
2025-10-28 18:05:22,powertrain,Powertrain Assembly,306.98,35.3,85.23,71.53,36.84,533,green
2025-10-28 18:05:22,quality,Quality Control,202.69,21.32,89.93,47.23,24.32,562,green
2025-10-28 18:05:22,logistics,Logistics,165.34,19.43,90.14,38.52,19.84,563,green
2025-10-28 19:05:22,stamping,Stamping Shop,449.59,64.36,87.7,104.76,53.95,877,green
2025-10-28 19:05:22,body_shop,Body Shop (BIW),819.72,53.66,88.93,191.0,98.37,889,green
2025-10-28 19:05:22,paint,Paint Shop,1232.63,170.91,82.08,287.2,147.92,820,green
2025-10-28 19:05:22,assembly,General Assembly,718.78,25.92,85.05,167.48,86.25,850,green
2025-10-28 19:05:22,powertrain,Powertrain Assembly,532.5,36.32,85.52,124.07,63.9,855,green
2025-10-28 19:05:22,quality,Quality Control,322.87,20.63,93.33,75.23,38.74,933,green
2025-10-28 19:05:22,logistics,Logistics,295.87,18.98,89.28,68.94,35.5,892,green
2025-10-28 20:05:22,stamping,Stamping Shop,458.03,65.92,90.42,106.72,54.96,957,green
2025-10-28 20:05:22,body_shop,Body Shop (BIW),895.28,56.22,87.01,208.6,107.43,921,green
2025-10-28 20:05:22,paint,Paint Shop,1179.93,181.07,81.98,274.92,141.59,867,green
2025-10-28 20:05:22,assembly,General Assembly,722.19,25.19,88.22,168.27,86.66,933,green
2025-10-28 20:05:22,powertrain,Powertrain Assembly,586.97,34.99,86.02,136.77,70.44,910,green
2025-10-28 20:05:22,quality,Quality Control,353.05,21.18,92.18,82.26,42.37,975,green
2025-10-28 20:05:22,logistics,Logistics,298.71,21.08,89.14,69.6,35.85,943,green
2025-10-28 21:05:22,stamping,Stamping Shop,496.16,63.87,90.85,115.61,59.54,1012,green
2025-10-28 21:05:22,body_shop,Body Shop (BIW),833.72,59.27,89.53,194.26,100.05,998,green
2025-10-28 21:05:22,paint,Paint Shop,1361.44,180.98,81.62,317.22,163.37,909,green
2025-10-28 21:05:22,assembly,General Assembly,749.11,26.89,85.03,174.54,89.89,947,green
2025-10-28 21:05:22,powertrain,Powertrain Assembly,635.69,37.94,90.08,148.12,76.28,1004,amber
2025-10-28 21:05:22,quality,Quality Control,357.1,22.97,93.9,83.2,42.85,1046,green
2025-10-28 21:05:22,logistics,Logistics,305.79,21.07,92.89,71.25,36.7,1035,green
2025-10-28 22:05:22,stamping,Stamping Shop,516.77,64.2,94.78,120.41,62.01,1105,green
2025-10-28 22:05:22,body_shop,Body Shop (BIW),905.4,53.71,85.08,210.96,108.65,992,green
2025-10-28 22:05:22,paint,Paint Shop,1457.89,184.24,83.38,339.69,174.95,972,amber
2025-10-28 22:05:22,assembly,General Assembly,865.53,26.5,88.21,201.67,103.86,1029,red
2025-10-28 22:05:22,powertrain,Powertrain Assembly,601.63,35.38,87.08,140.18,72.2,1015,green
2025-10-28 22:05:22,quality,Quality Control,375.56,20.38,92.86,87.51,45.07,1083,amber
2025-10-28 22:05:22,logistics,Logistics,337.32,19.64,93.61,78.6,40.48,1092,amber
2025-10-28 23:05:22,stamping,Stamping Shop,528.43,61.09,93.15,123.12,63.41,1129,amber
2025-10-28 23:05:22,body_shop,Body Shop (BIW),1042.55,49.6,83.88,242.91,125.11,1016,red
2025-10-28 23:05:22,paint,Paint Shop,1368.56,172.32,81.31,318.88,164.23,985,green
2025-10-28 23:05:22,assembly,General Assembly,764.72,26.11,84.55,178.18,91.77,1024,green
2025-10-28 23:05:22,powertrain,Powertrain Assembly,682.43,35.03,89.75,159.01,81.89,1087,amber
2025-10-28 23:05:22,quality,Quality Control,382.77,21.48,92.05,89.19,45.93,1115,amber
2025-10-28 23:05:22,logistics,Logistics,342.08,19.87,91.81,79.7,41.05,1112,amber
2025-10-29 00:05:22,stamping,Stamping Shop,520.18,59.63,86.96,121.2,62.42,1086,amber
2025-10-29 00:05:22,body_shop,Body Shop (BIW),1036.34,58.35,89.3,241.47,124.36,1115,red
2025-10-29 00:05:22,paint,Paint Shop,1416.94,183.79,80.83,330.15,170.03,1009,amber
2025-10-29 00:05:22,assembly,General Assembly,857.95,24.52,85.23,199.9,102.95,1064,red
2025-10-29 00:05:22,powertrain,Powertrain Assembly,669.58,36.92,88.32,156.01,80.35,1103,amber
2025-10-29 00:05:22,quality,Quality Control,386.7,22.33,89.66,90.1,46.4,1120,amber
2025-10-29 00:05:22,logistics,Logistics,351.68,20.98,92.28,81.94,42.2,1153,red
2025-10-29 01:05:22,stamping,Stamping Shop,600.05,67.82,86.68,139.81,72.01,1107,red
2025-10-29 01:05:22,body_shop,Body Shop (BIW),1034.54,54.07,85.31,241.05,124.15,1089,red
2025-10-29 01:05:22,paint,Paint Shop,1516.54,175.03,81.57,353.35,181.99,1041,red
2025-10-29 01:05:22,assembly,General Assembly,864.26,26.38,84.92,201.37,103.71,1084,red
2025-10-29 01:05:22,powertrain,Powertrain Assembly,687.28,34.58,87.8,160.14,82.47,1121,amber
2025-10-29 01:05:22,quality,Quality Control,418.13,22.98,93.76,97.43,50.18,1197,red
2025-10-29 01:05:22,logistics,Logistics,353.27,19.5,89.44,82.31,42.39,1142,red
2025-10-29 02:05:22,stamping,Stamping Shop,528.5,59.59,91.22,123.14,63.42,1180,amber
2025-10-29 02:05:22,body_shop,Body Shop (BIW),1060.75,51.0,86.02,247.16,127.29,1113,red
2025-10-29 02:05:22,paint,Paint Shop,1644.09,195.9,84.06,383.07,197.29,1087,red
2025-10-29 02:05:22,assembly,General Assembly,870.71,25.62,87.2,202.88,104.49,1128,red
2025-10-29 02:05:22,powertrain,Powertrain Assembly,721.24,33.49,86.46,168.05,86.55,1119,red
2025-10-29 02:05:22,quality,Quality Control,410.54,22.86,93.72,95.66,49.26,1212,red
2025-10-29 02:05:22,logistics,Logistics,361.33,19.84,90.39,84.19,43.36,1169,red
2025-10-29 03:05:22,stamping,Stamping Shop,574.31,63.31,91.95,133.82,68.92,1195,red
2025-10-29 03:05:22,body_shop,Body Shop (BIW),1073.54,51.08,87.75,250.14,128.83,1140,red
2025-10-29 03:05:22,paint,Paint Shop,1458.78,200.98,84.27,339.89,175.05,1095,amber
2025-10-29 03:05:22,assembly,General Assembly,883.99,25.43,86.9,205.97,106.08,1129,red
2025-10-29 03:05:22,powertrain,Powertrain Assembly,752.82,32.83,83.82,175.41,90.34,1089,red
2025-10-29 03:05:22,quality,Quality Control,410.42,23.05,95.14,95.63,49.25,1236,red
2025-10-29 03:05:22,logistics,Logistics,375.02,19.88,90.29,87.38,45.0,1173,red
2025-10-29 04:05:22,stamping,Stamping Shop,575.08,64.05,87.67,133.99,69.01,1134,red
2025-10-29 04:05:22,body_shop,Body Shop (BIW),1063.53,53.01,86.4,247.8,127.62,1118,red
2025-10-29 04:05:22,paint,Paint Shop,1534.76,192.32,82.54,357.6,184.17,1068,red
2025-10-29 04:05:22,assembly,General Assembly,865.42,26.01,86.12,201.64,103.85,1114,red
2025-10-29 04:05:22,powertrain,Powertrain Assembly,764.36,33.58,85.1,178.1,91.72,1101,red
2025-10-29 04:05:22,quality,Quality Control,402.84,23.04,89.45,93.86,48.34,1157,red
2025-10-29 04:05:22,logistics,Logistics,370.57,18.91,91.77,86.34,44.47,1187,red
2025-10-29 05:05:22,stamping,Stamping Shop,594.03,66.59,90.79,138.41,71.28,1159,red
2025-10-29 05:05:22,body_shop,Body Shop (BIW),925.35,53.45,82.32,215.61,111.04,1051,amber
2025-10-29 05:05:22,paint,Paint Shop,1527.65,199.44,83.21,355.94,183.32,1062,red
2025-10-29 05:05:22,assembly,General Assembly,869.84,23.98,85.56,202.67,104.38,1092,red
2025-10-29 05:05:22,powertrain,Powertrain Assembly,697.77,34.97,85.24,162.58,83.73,1088,red
2025-10-29 05:05:22,quality,Quality Control,377.42,23.74,88.79,87.94,45.29,1134,amber
2025-10-29 05:05:22,logistics,Logistics,357.88,19.59,88.8,83.39,42.95,1134,red
2025-10-29 06:05:22,stamping,Stamping Shop,623.65,59.43,88.08,145.31,74.84,1100,red
2025-10-29 06:05:22,body_shop,Body Shop (BIW),990.41,53.14,86.76,230.77,118.85,1083,amber
2025-10-29 06:05:22,paint,Paint Shop,1454.47,189.18,80.86,338.89,174.54,1010,amber
2025-10-29 06:05:22,assembly,General Assembly,821.65,25.13,88.99,191.45,98.6,1111,amber
2025-10-29 06:05:22,powertrain,Powertrain Assembly,713.63,32.09,87.12,166.28,85.64,1088,red
2025-10-29 06:05:22,quality,Quality Control,387.51,22.62,87.88,90.29,46.5,1097,amber
2025-10-29 06:05:22,logistics,Logistics,345.51,19.79,90.75,80.5,41.46,1133,amber
2025-10-29 07:05:22,stamping,Stamping Shop,523.96,65.04,88.58,122.08,62.88,1073,amber
2025-10-29 07:05:22,body_shop,Body Shop (BIW),949.76,54.35,90.66,221.29,113.97,1098,amber
2025-10-29 07:05:22,paint,Paint Shop,1500.85,178.89,80.76,349.7,180.1,978,red
2025-10-29 07:05:22,assembly,General Assembly,850.63,24.31,87.17,198.2,102.08,1056,red
2025-10-29 07:05:22,powertrain,Powertrain Assembly,695.52,36.87,88.76,162.06,83.46,1075,red
2025-10-29 07:05:22,quality,Quality Control,384.08,22.69,92.12,89.49,46.09,1116,amber
2025-10-29 07:05:22,logistics,Logistics,351.95,19.63,93.87,82.0,42.23,1137,red
2025-10-29 08:05:22,stamping,Stamping Shop,559.89,65.71,89.84,130.45,67.19,1048,amber
2025-10-29 08:05:22,body_shop,Body Shop (BIW),949.34,69.98498067491482,88.58,221.2,113.92,1033,amber
2025-10-29 08:05:22,paint,Paint Shop,1445.11,187.85,80.72,336.71,173.41,941,amber
2025-10-29 08:05:22,assembly,General Assembly,865.12,24.07,85.62,201.57,103.81,998,red
2025-10-29 08:05:22,powertrain,Powertrain Assembly,647.63,34.82,68.1725929342223,150.9,77.72,1061,red
2025-10-29 08:05:22,quality,Quality Control,414.51,21.12,93.77,96.58,49.74,1094,red
2025-10-29 08:05:22,logistics,Logistics,359.59,20.61,91.86,83.79,43.15,1071,red
2025-10-29 09:05:22,stamping,Stamping Shop,476.58,69.31,90.03,111.04,57.19,1003,green
2025-10-29 09:05:22,body_shop,Body Shop (BIW),923.86,53.92,87.32,215.26,110.86,973,amber
2025-10-29 09:05:22,paint,Paint Shop,1317.21,180.33,81.01,306.91,158.06,903,green
2025-10-29 09:05:22,assembly,General Assembly,735.37,25.16,83.34,171.34,88.24,929,green
2025-10-29 09:05:22,powertrain,Powertrain Assembly,635.45,34.58,87.78,148.06,76.25,978,amber
2025-10-29 09:05:22,quality,Quality Control,377.76,21.09,94.92,88.02,45.33,1058,amber
2025-10-29 09:05:22,logistics,Logistics,310.97,21.45,90.63,72.46,37.32,1010,green
2025-10-29 10:05:22,stamping,Stamping Shop,480.05,64.33,92.96,111.85,57.61,984,green
2025-10-29 10:05:22,body_shop,Body Shop (BIW),766.94,58.08,90.37,178.7,92.03,956,green
2025-10-29 10:05:22,paint,Paint Shop,1918.5328570058182,193.36,83.41,395.8932527111698,146.27,882,red
2025-10-29 10:05:22,assembly,General Assembly,707.11,25.68,86.82,164.76,84.85,918,green
2025-10-29 10:05:22,powertrain,Powertrain Assembly,568.67,36.35,89.35,132.5,68.24,945,green
2025-10-29 10:05:22,quality,Quality Control,332.84,21.37,93.27,77.55,39.94,987,green
2025-10-29 10:05:22,logistics,Logistics,273.92,20.86,86.94,63.82,32.87,920,green
2025-10-29 11:05:22,stamping,Stamping Shop,249.05,66.21,88.12,58.03,29.89,477,green
2025-10-29 11:05:22,body_shop,Body Shop (BIW),432.38,51.94,84.11,100.75,51.89,455,green
2025-10-29 11:05:22,paint,Paint Shop,660.6,193.22,78.91,153.92,79.27,427,green
2025-10-29 11:05:22,assembly,General Assembly,422.35,23.27,83.69,98.41,50.68,453,green
2025-10-29 11:05:22,powertrain,Powertrain Assembly,304.16,34.59,89.51,70.87,36.5,484,green
2025-10-29 11:05:22,quality,Quality Control,172.82,21.18,92.24,40.27,20.74,499,green
2025-10-29 11:05:22,logistics,Logistics,156.22,20.04,91.28,36.4,18.75,494,green
2025-10-29 12:05:22,stamping,Stamping Shop,296.71,68.08,92.25,69.13,35.6,605,green
2025-10-29 12:05:22,body_shop,Body Shop (BIW),465.5,58.94,86.12,108.46,55.86,564,green
2025-10-29 12:05:22,paint,Paint Shop,858.28,184.41,84.72,199.98,102.99,555,green
2025-10-29 12:05:22,assembly,General Assembly,469.2,24.43,89.27,109.32,56.3,585,green
2025-10-29 12:05:22,powertrain,Powertrain Assembly,358.47,33.77,89.88,83.52,43.02,589,green
2025-10-29 12:05:22,quality,Quality Control,223.19,21.28,91.11,52.0,26.78,597,green
2025-10-29 12:05:22,logistics,Logistics,200.46,18.79,91.53,46.71,24.05,600,green
2025-10-29 13:05:22,stamping,Stamping Shop,252.9,66.64,89.64,58.93,30.35,562,green
2025-10-29 13:05:22,body_shop,Body Shop (BIW),494.24,55.83,80.11,115.16,59.31,502,green
2025-10-29 13:05:22,paint,Paint Shop,761.04,187.02,83.76,177.32,91.32,525,green
2025-10-29 13:05:22,assembly,General Assembly,418.28,27.07,85.69,97.46,50.19,537,green
2025-10-29 13:05:22,powertrain,Powertrain Assembly,363.71,36.56,86.98,84.75,43.65,545,green
2025-10-29 13:05:22,quality,Quality Control,208.54,21.66,79.92807760619576,48.59,25.02,608,amber
2025-10-29 13:05:22,logistics,Logistics,184.48,20.19,91.51,42.98,22.14,573,green
2025-10-29 14:05:22,stamping,Stamping Shop,303.52,61.73,86.41,70.72,36.42,592,green
2025-10-29 14:05:22,body_shop,Body Shop (BIW),556.76,52.1,89.82,129.73,66.81,616,green
2025-10-29 14:05:22,paint,Paint Shop,900.41,196.85,84.49,209.8,108.05,579,green
2025-10-29 14:05:22,assembly,General Assembly,462.88,26.2,82.8,107.85,55.55,567,green
2025-10-29 14:05:22,powertrain,Powertrain Assembly,366.72,34.33,88.55,85.45,44.01,607,green
2025-10-29 14:05:22,quality,Quality Control,266.49055958267724,21.65,96.08,59.25476770848646,23.21,658,green
2025-10-29 14:05:22,logistics,Logistics,199.66,18.55,91.97,46.52,23.96,630,green
2025-10-29 15:05:22,stamping,Stamping Shop,294.06,63.77,82.57,68.52,35.29,570,amber
2025-10-29 15:05:22,body_shop,Body Shop (BIW),582.05,55.21,85.27,135.62,69.85,588,green
2025-10-29 15:05:22,paint,Paint Shop,849.37,197.47,80.88,197.9,101.92,558,green
2025-10-29 15:05:22,assembly,General Assembly,479.35,25.3,84.9,111.69,57.52,586,green
2025-10-29 15:05:22,powertrain,Powertrain Assembly,399.07,35.15,84.45,92.98,47.89,583,green
2025-10-29 15:05:22,quality,Quality Control,231.13,22.04,93.08,53.85,27.74,642,green
2025-10-29 15:05:22,logistics,Logistics,180.85,18.24,87.97,42.14,21.7,607,green
2025-10-29 16:05:22,stamping,Stamping Shop,231.55,65.79,88.85,53.95,27.79,452,green
2025-10-29 16:05:22,body_shop,Body Shop (BIW),415.61,55.25,89.43,96.84,49.87,455,green
2025-10-29 16:05:22,paint,Paint Shop,697.88,188.37,84.53,162.61,83.75,430,green
2025-10-29 16:05:22,assembly,General Assembly,317.74,25.2,86.31,74.03,38.13,439,green
2025-10-29 16:05:22,powertrain,Powertrain Assembly,276.66,35.43,88.79,64.46,33.2,452,green
2025-10-29 16:05:22,quality,Quality Control,176.14,21.53,94.84,41.04,21.14,483,green
2025-10-29 16:05:22,logistics,Logistics,137.62,20.51,91.15,32.07,16.51,464,green
2025-10-29 17:05:22,stamping,Stamping Shop,240.98,62.95,88.32,56.15,28.92,463,green
2025-10-29 17:05:22,body_shop,Body Shop (BIW),416.83,54.02,89.35,97.12,50.02,469,green
2025-10-29 17:05:22,paint,Paint Shop,619.69,177.37,82.29,144.39,74.36,432,green
2025-10-29 17:05:22,assembly,General Assembly,371.56,23.85,87.62,86.57,44.59,460,green
2025-10-29 17:05:22,powertrain,Powertrain Assembly,306.12,34.78,86.71,71.33,36.73,455,green
2025-10-29 17:05:22,quality,Quality Control,163.26,20.76,93.09,38.04,19.59,488,green
2025-10-29 17:05:22,logistics,Logistics,148.45,19.46,91.35,34.59,17.81,479,green
2025-10-29 18:05:22,stamping,Stamping Shop,271.53,69.17,91.51,63.27,32.58,528,green
2025-10-29 18:05:22,body_shop,Body Shop (BIW),480.55,51.67,90.69,111.97,57.67,524,green
2025-10-29 18:05:22,paint,Paint Shop,737.27,189.97,83.19,171.78,88.47,480,green
2025-10-29 18:05:22,assembly,General Assembly,404.12,23.75,89.17,94.16,48.49,515,green
2025-10-29 18:05:22,powertrain,Powertrain Assembly,337.54,34.23,83.65,78.65,40.5,483,green
2025-10-29 18:05:22,quality,Quality Control,184.16,20.69,92.44,42.91,22.1,534,green
2025-10-29 18:05:22,logistics,Logistics,157.56,19.44,97.53,36.71,18.91,563,green
2025-10-29 19:05:22,stamping,Stamping Shop,472.01,69.0,74.16150050522553,109.98,56.64,896,amber
2025-10-29 19:05:22,body_shop,Body Shop (BIW),818.11,53.28,87.05,190.62,98.17,870,green
2025-10-29 19:05:22,paint,Paint Shop,1151.41,186.75,82.14,268.28,138.17,821,green
2025-10-29 19:05:22,assembly,General Assembly,718.67,24.53,87.24,167.45,86.24,872,green
2025-10-29 19:05:22,powertrain,Powertrain Assembly,513.2,36.54,88.28,119.58,61.58,882,green
2025-10-29 19:05:22,quality,Quality Control,299.6,22.17,93.44,69.81,35.95,934,green
2025-10-29 19:05:22,logistics,Logistics,285.87,19.76,91.2,66.61,34.3,911,green
2025-10-29 20:05:22,stamping,Stamping Shop,526.01,67.97,89.64,122.56,63.12,948,amber
2025-10-29 20:05:22,body_shop,Body Shop (BIW),867.39,55.52,87.14,202.1,104.09,922,green
2025-10-29 20:05:22,paint,Paint Shop,1246.99,180.4,80.98,290.55,149.64,857,green
2025-10-29 20:05:22,assembly,General Assembly,807.59,24.71,89.94,188.17,96.91,952,amber
2025-10-29 20:05:22,powertrain,Powertrain Assembly,589.48,34.58,85.49,137.35,70.74,904,green
2025-10-29 20:05:22,quality,Quality Control,322.82,21.44,90.46,75.22,38.74,957,green
2025-10-29 20:05:22,logistics,Logistics,323.16,20.75,89.86,75.3,38.78,951,amber
2025-10-29 21:05:22,stamping,Stamping Shop,563.84,66.37,85.69,131.38,67.66,955,red
2025-10-29 21:05:22,body_shop,Body Shop (BIW),949.89,56.1,86.93,221.32,113.99,969,amber
2025-10-29 21:05:22,paint,Paint Shop,1493.21,173.11,85.61,347.92,179.18,954,amber
2025-10-29 21:05:22,assembly,General Assembly,733.01,25.29,84.47,170.79,87.96,941,green
2025-10-29 21:05:22,powertrain,Powertrain Assembly,541.98,36.39,92.4,126.28,65.04,1030,green
2025-10-29 21:05:22,quality,Quality Control,361.04,22.4,92.8,84.12,43.33,1034,green
2025-10-29 21:05:22,logistics,Logistics,324.68,19.42,95.34,75.65,38.96,1062,amber
2025-10-29 22:05:22,stamping,Stamping Shop,536.19,58.63,88.8,124.93,64.34,1036,amber
2025-10-29 22:05:22,body_shop,Body Shop (BIW),944.89,56.8,88.05,220.16,113.39,1027,amber
2025-10-29 22:05:22,paint,Paint Shop,1400.77,181.49,81.96,326.38,168.09,956,amber
2025-10-29 22:05:22,assembly,General Assembly,868.87,26.93,84.42,202.45,104.26,984,red
2025-10-29 22:05:22,powertrain,Powertrain Assembly,636.56,35.3,89.48,148.32,76.39,1043,amber
2025-10-29 22:05:22,quality,Quality Control,382.29,21.96,89.19,89.07,45.88,1040,amber
2025-10-29 22:05:22,logistics,Logistics,298.65,20.81,92.33,69.59,35.84,1077,green
2025-10-29 23:05:22,stamping,Stamping Shop,544.07,66.52,87.42,126.77,65.29,1059,amber
2025-10-29 23:05:22,body_shop,Body Shop (BIW),988.56,52.3,80.8,230.33,118.63,979,amber
2025-10-29 23:05:22,paint,Paint Shop,1433.11,175.47,81.22,333.91,171.97,984,amber
2025-10-29 23:05:22,assembly,General Assembly,823.56,25.95,83.7,191.89,98.83,1014,amber
2025-10-29 23:05:22,powertrain,Powertrain Assembly,682.96,35.88,89.22,159.13,81.96,1081,amber
2025-10-29 23:05:22,quality,Quality Control,413.88,22.19,96.21,96.43,49.67,1166,red
2025-10-29 23:05:22,logistics,Logistics,292.07,20.98,92.88,68.05,35.05,1125,green
2025-10-30 00:05:22,stamping,Stamping Shop,572.51,65.57,87.29,133.39,68.7,1090,red
2025-10-30 00:05:22,body_shop,Body Shop (BIW),1046.86,56.0,90.01,243.92,125.62,1124,red
2025-10-30 00:05:22,paint,Paint Shop,1590.73,191.6,82.4,370.64,190.89,1029,red
2025-10-30 00:05:22,assembly,General Assembly,892.83,23.98,86.78,208.03,107.14,1084,red
2025-10-30 00:05:22,powertrain,Powertrain Assembly,674.82,33.08,90.91,157.23,80.98,1135,amber
2025-10-30 00:05:22,quality,Quality Control,436.91,21.36,94.53,101.8,52.43,1181,red
2025-10-30 00:05:22,logistics,Logistics,370.06,20.22,91.98,86.22,44.41,1149,red
2025-10-30 01:05:22,stamping,Stamping Shop,567.47,65.49,88.81,132.22,68.1,1134,red
2025-10-30 01:05:22,body_shop,Body Shop (BIW),1107.97,56.72,87.79,258.16,132.96,1121,red
2025-10-30 01:05:22,paint,Paint Shop,1473.83,180.49,82.0,343.4,176.86,1047,amber
2025-10-30 01:05:22,assembly,General Assembly,847.34,23.76,86.04,197.43,101.68,1098,amber
2025-10-30 01:05:22,powertrain,Powertrain Assembly,681.29,34.06,85.43,158.74,81.75,1091,amber
2025-10-30 01:05:22,quality,Quality Control,410.16,20.9,89.0,95.57,49.22,1136,red
2025-10-30 01:05:22,logistics,Logistics,359.53,21.49,90.97,83.77,43.14,1161,red
2025-10-30 02:05:22,stamping,Stamping Shop,601.61,65.04,87.33,140.18,72.19,1130,red
2025-10-30 02:05:22,body_shop,Body Shop (BIW),1103.41,53.75,82.87,257.1,132.41,1072,red
2025-10-30 02:05:22,paint,Paint Shop,1577.28,197.02,81.05,367.51,189.27,1048,red
2025-10-30 02:05:22,assembly,General Assembly,888.92,25.59,88.85,207.12,106.67,1149,red
2025-10-30 02:05:22,powertrain,Powertrain Assembly,700.86,33.76,90.77,163.3,84.1,1174,red
2025-10-30 02:05:22,quality,Quality Control,418.44,21.95,93.91,97.5,50.21,1215,red
2025-10-30 02:05:22,logistics,Logistics,355.86,18.71,91.43,82.92,42.7,1183,red
2025-10-30 03:05:22,stamping,Stamping Shop,626.27,64.97,92.6,145.92,75.15,1203,red
2025-10-30 03:05:22,body_shop,Body Shop (BIW),1096.35,55.92,91.06,255.45,131.56,1183,red
2025-10-30 03:05:22,paint,Paint Shop,1546.25,182.42,82.88,360.28,185.55,1077,red
2025-10-30 03:05:22,assembly,General Assembly,903.97,22.91,84.85,210.63,108.48,1103,red
2025-10-30 03:05:22,powertrain,Powertrain Assembly,733.16,36.94,86.92,170.83,87.98,1129,red
2025-10-30 03:05:22,quality,Quality Control,441.58,22.59,93.09,102.89,52.99,1210,red
2025-10-30 03:05:22,logistics,Logistics,391.61,19.03,92.2,91.24,46.99,1198,red
2025-10-30 04:05:22,stamping,Stamping Shop,599.57,66.11,89.19,139.7,71.95,1154,red
2025-10-30 04:05:22,body_shop,Body Shop (BIW),993.55,55.85,84.26,231.5,119.23,1090,amber
2025-10-30 04:05:22,paint,Paint Shop,1603.61,187.96,82.55,373.64,192.43,1068,red
2025-10-30 04:05:22,assembly,General Assembly,891.27,23.66,87.63,207.66,106.95,1134,red
2025-10-30 04:05:22,powertrain,Powertrain Assembly,989.8949634793619,35.24,89.79,264.61079589226983,90.2,1162,red
2025-10-30 04:05:22,quality,Quality Control,413.34,22.16,93.5,96.31,49.6,1210,red
2025-10-30 04:05:22,logistics,Logistics,352.27,21.8,84.59,82.08,42.27,1094,red
2025-10-30 05:05:22,stamping,Stamping Shop,582.62,65.77,86.48,135.75,69.91,1104,red
2025-10-30 05:05:22,body_shop,Body Shop (BIW),1114.65,57.14,82.9,259.71,133.76,1058,red
2025-10-30 05:05:22,paint,Paint Shop,1570.02,184.17,81.96,365.82,188.4,1046,red
2025-10-30 05:05:22,assembly,General Assembly,886.82,25.85,85.64,206.63,106.42,1093,red
2025-10-30 05:05:22,powertrain,Powertrain Assembly,702.1,33.23,91.37,163.59,84.25,1166,red
2025-10-30 05:05:22,quality,Quality Control,401.26,21.31,96.54,93.49,48.15,1232,red
2025-10-30 05:05:22,logistics,Logistics,379.84,18.82,89.81,88.5,45.58,1147,red
2025-10-30 06:05:22,stamping,Stamping Shop,595.97,64.84,93.32,138.86,71.52,1165,red
2025-10-30 06:05:22,body_shop,Body Shop (BIW),960.91,52.17,69.86527700072638,223.89,115.31,1038,red
2025-10-30 06:05:22,paint,Paint Shop,1488.11,179.93,81.93,346.73,178.57,1023,amber
2025-10-30 06:05:22,assembly,General Assembly,914.69,24.93,85.63,213.12,109.76,1069,red
2025-10-30 06:05:22,powertrain,Powertrain Assembly,708.59,38.69,85.76,165.1,85.03,1071,red
2025-10-30 06:05:22,quality,Quality Control,392.13,23.09,91.8,91.37,47.06,1146,amber
2025-10-30 06:05:22,logistics,Logistics,341.64,18.82,91.24,79.6,41.0,1139,amber
2025-10-30 07:05:22,stamping,Stamping Shop,579.57,63.92,90.15,135.04,69.55,1092,red
2025-10-30 07:05:22,body_shop,Body Shop (BIW),1075.86,52.0,83.19,250.67,129.1,1008,red
2025-10-30 07:05:22,paint,Paint Shop,1542.27,192.23,79.94,359.35,185.07,968,red
2025-10-30 07:05:22,assembly,General Assembly,834.36,24.07,80.37,194.41,100.12,974,amber
2025-10-30 07:05:22,powertrain,Powertrain Assembly,680.26,34.77,88.83,158.5,81.63,1076,amber
2025-10-30 07:05:22,quality,Quality Control,373.8,21.77,94.57,87.09,44.86,1146,amber
2025-10-30 07:05:22,logistics,Logistics,338.49,19.91,89.96,78.87,40.62,1090,amber
2025-10-30 08:05:22,stamping,Stamping Shop,508.15,63.76,87.07,118.4,60.98,1015,green
2025-10-30 08:05:22,body_shop,Body Shop (BIW),915.23,50.47,87.68,213.25,109.83,1022,green
2025-10-30 08:05:22,paint,Paint Shop,1274.77,189.22,83.05,297.02,152.97,968,green
2025-10-30 08:05:22,assembly,General Assembly,714.39,24.19,82.88,166.45,85.73,966,green
2025-10-30 08:05:22,powertrain,Powertrain Assembly,649.16,36.8,84.48,151.26,77.9,985,amber
2025-10-30 08:05:22,quality,Quality Control,368.12,22.1,93.28,85.77,44.17,1088,amber
2025-10-30 08:05:22,logistics,Logistics,318.68,18.85,92.53,74.25,38.24,1079,green
2025-10-30 09:05:22,stamping,Stamping Shop,501.52,63.5,89.7,116.85,60.18,999,green
2025-10-30 09:05:22,body_shop,Body Shop (BIW),926.88,58.03,87.12,215.96,111.23,971,amber
2025-10-30 09:05:22,paint,Paint Shop,1262.48,173.38,84.82,294.16,151.5,945,green
2025-10-30 09:05:22,assembly,General Assembly,770.01,24.9,85.43,179.41,92.4,952,green
2025-10-30 09:05:22,powertrain,Powertrain Assembly,592.59,34.35,88.55,138.07,71.11,987,green
2025-10-30 09:05:22,quality,Quality Control,381.65,23.41,90.79,88.92,45.8,1012,amber
2025-10-30 09:05:22,logistics,Logistics,342.61,19.94,89.33,79.83,41.11,995,amber
2025-10-30 10:05:22,stamping,Stamping Shop,477.09,64.49,90.36,111.16,57.25,956,green
2025-10-30 10:05:22,body_shop,Body Shop (BIW),864.68,54.69,87.23,201.47,103.76,923,green
2025-10-30 10:05:22,paint,Paint Shop,1230.53,191.04,83.0,286.71,147.66,878,green
2025-10-30 10:05:22,assembly,General Assembly,696.19,26.1,82.24,162.21,83.54,870,green
2025-10-30 10:05:22,powertrain,Powertrain Assembly,560.76,36.07,90.87,130.66,67.29,961,green
2025-10-30 10:05:22,quality,Quality Control,340.9,21.04,92.9,79.43,40.91,983,green
2025-10-30 10:05:22,logistics,Logistics,321.74,20.67,89.62,74.97,38.61,948,green
2025-10-30 11:05:22,stamping,Stamping Shop,253.7,63.07,91.73,59.11,30.44,507,green
2025-10-30 11:05:22,body_shop,Body Shop (BIW),438.86,53.01,87.3,102.26,52.66,482,green
2025-10-30 11:05:22,paint,Paint Shop,661.77,194.57,85.23,154.19,79.41,471,green
2025-10-30 11:05:22,assembly,General Assembly,383.93,24.96,83.68,89.46,46.07,462,green
2025-10-30 11:05:22,powertrain,Powertrain Assembly,319.88,33.18,85.87,74.53,38.39,475,green
2025-10-30 11:05:22,quality,Quality Control,190.07,22.47,92.02,44.29,22.81,508,green
2025-10-30 11:05:22,logistics,Logistics,140.64,20.65,91.5,32.77,16.88,506,green
2025-10-30 12:05:22,stamping,Stamping Shop,313.83,65.41,91.59,73.12,37.66,640,green
2025-10-30 12:05:22,body_shop,Body Shop (BIW),528.62,56.37,84.55,123.17,63.43,591,green
2025-10-30 12:05:22,paint,Paint Shop,847.53,183.15,83.88,197.47,101.7,586,green
2025-10-30 12:05:22,assembly,General Assembly,502.79,23.41,84.8,117.15,60.33,593,green
2025-10-30 12:05:22,powertrain,Powertrain Assembly,393.68,35.88,87.21,91.73,47.24,609,green
2025-10-30 12:05:22,quality,Quality Control,218.82,21.59,93.16,50.98,26.26,651,green
2025-10-30 12:05:22,logistics,Logistics,197.32,19.99,93.35,45.97,23.68,652,green
2025-10-30 13:05:22,stamping,Stamping Shop,226.31,67.03,89.92,52.73,27.16,475,green
2025-10-30 13:05:22,body_shop,Body Shop (BIW),394.88,51.94,87.57,92.01,47.39,463,green
2025-10-30 13:05:22,paint,Paint Shop,618.84,187.49,85.51,144.19,74.26,452,green
2025-10-30 13:05:22,assembly,General Assembly,349.31,25.9,84.86,81.39,41.92,449,green
2025-10-30 13:05:22,powertrain,Powertrain Assembly,289.27,33.98,89.2,67.4,34.71,472,green
2025-10-30 13:05:22,quality,Quality Control,165.25,21.17,98.36,38.5,19.83,520,green
2025-10-30 13:05:22,logistics,Logistics,150.39,18.62,90.77,35.04,18.05,480,green
2025-10-30 14:05:22,stamping,Stamping Shop,250.92,61.88,91.47,58.46,30.11,480,green
2025-10-30 14:05:22,body_shop,Body Shop (BIW),401.99,57.57,88.16,93.66,48.24,462,green
2025-10-30 14:05:22,paint,Paint Shop,621.77,186.28,85.62,144.87,74.61,449,green
2025-10-30 14:05:22,assembly,General Assembly,371.15,25.66,87.45,86.48,44.54,459,green
2025-10-30 14:05:22,powertrain,Powertrain Assembly,294.55,35.02,87.7,68.63,35.35,460,green
2025-10-30 14:05:22,quality,Quality Control,169.93,23.21,91.62,39.59,20.39,480,green
2025-10-30 14:05:22,logistics,Logistics,165.13,19.51,90.97,38.48,19.82,477,green
2025-10-30 15:05:22,stamping,Stamping Shop,240.06,67.83,91.68,55.94,28.81,479,green
2025-10-30 15:05:22,body_shop,Body Shop (BIW),430.19,59.57,86.51,100.23,51.62,452,green
2025-10-30 15:05:22,paint,Paint Shop,610.19,178.27,86.15,142.17,73.22,450,green
2025-10-30 15:05:22,assembly,General Assembly,332.99,25.49,88.47,77.59,39.96,462,green
2025-10-30 15:05:22,powertrain,Powertrain Assembly,293.51,34.01,85.4,68.39,35.22,446,green
2025-10-30 15:05:22,quality,Quality Control,161.95,22.03,95.48,37.73,19.43,499,green
2025-10-30 15:05:22,logistics,Logistics,138.8,20.01,88.61,32.34,16.66,463,green
2025-10-30 16:05:22,stamping,Stamping Shop,307.84,66.95,84.87,71.73,36.94,569,green
2025-10-30 16:05:22,body_shop,Body Shop (BIW),518.12,57.22,84.81,120.72,62.17,569,green
2025-10-30 16:05:22,paint,Paint Shop,821.95,176.21,86.17,191.51,98.63,578,green
2025-10-30 16:05:22,assembly,General Assembly,467.4,25.52,90.07,108.91,56.09,604,green
2025-10-30 16:05:22,powertrain,Powertrain Assembly,383.67,32.11,90.34,89.4,46.04,606,green
2025-10-30 16:05:22,quality,Quality Control,205.17,23.2,88.96,47.8,24.62,597,green
2025-10-30 16:05:22,logistics,Logistics,202.08,19.9,87.64,47.09,24.25,588,green
2025-10-30 17:05:22,stamping,Stamping Shop,309.51,62.04,87.19,72.12,37.14,604,green
2025-10-30 17:05:22,body_shop,Body Shop (BIW),587.05,57.88,87.38,136.78,70.45,606,green
2025-10-30 17:05:22,paint,Paint Shop,800.29,186.43,83.89,186.47,96.03,581,green
2025-10-30 17:05:22,assembly,General Assembly,516.58,24.72,82.87,120.36,61.99,574,green
2025-10-30 17:05:22,powertrain,Powertrain Assembly,359.39,32.46,86.23,83.74,43.13,598,green
2025-10-30 17:05:22,quality,Quality Control,216.22,20.96,92.63,50.38,25.95,642,green
2025-10-30 17:05:22,logistics,Logistics,199.41,19.99,87.53,46.46,23.93,607,green
2025-10-30 18:05:22,stamping,Stamping Shop,308.67,69.41,91.06,71.92,37.04,601,green
2025-10-30 18:05:22,body_shop,Body Shop (BIW),516.9,54.08,89.37,120.44,62.03,590,green
2025-10-30 18:05:22,paint,Paint Shop,838.12,183.75,78.74,195.28,100.57,520,green
2025-10-30 18:05:22,assembly,General Assembly,450.73,24.21,87.78,105.02,54.09,580,green
2025-10-30 18:05:22,powertrain,Powertrain Assembly,369.55,35.85,89.59,86.11,44.35,592,green
2025-10-30 18:05:22,quality,Quality Control,204.97,21.66,93.21,47.76,24.6,616,green
2025-10-30 18:05:22,logistics,Logistics,190.31,20.06,93.12,44.34,22.84,615,green
2025-10-30 19:05:22,stamping,Stamping Shop,470.14,65.32,90.89,109.54,56.42,908,green
2025-10-30 19:05:22,body_shop,Body Shop (BIW),789.8,53.38,85.24,184.02,94.78,852,green
2025-10-30 19:05:22,paint,Paint Shop,1217.78,180.84,84.57,283.74,146.13,845,green
2025-10-30 19:05:22,assembly,General Assembly,686.64,25.67,63.06369632181386,159.99,82.4,855,red
2025-10-30 19:05:22,powertrain,Powertrain Assembly,586.57,36.55,91.72,136.67,70.39,917,green
2025-10-30 19:05:22,quality,Quality Control,331.32,22.09,96.63,77.2,39.76,966,green
2025-10-30 19:05:22,logistics,Logistics,257.71,18.83,94.26,60.05,30.93,942,green
2025-10-30 20:05:22,stamping,Stamping Shop,468.33,67.81,89.72,109.12,56.2,949,green
2025-10-30 20:05:22,body_shop,Body Shop (BIW),863.53,50.17,84.78,201.2,103.62,897,green
2025-10-30 20:05:22,paint,Paint Shop,1411.46,180.4,83.14,328.87,169.38,880,amber
2025-10-30 20:05:22,assembly,General Assembly,659.33,25.81,86.03,153.62,79.12,910,green
2025-10-30 20:05:22,powertrain,Powertrain Assembly,621.19,37.06,85.81,144.74,74.54,908,green
2025-10-30 20:05:22,quality,Quality Control,345.56,21.4,93.86,80.52,41.47,993,green
2025-10-30 20:05:22,logistics,Logistics,310.77,20.41,88.25,72.41,37.29,934,green
2025-10-30 21:05:22,stamping,Stamping Shop,472.03,65.89,94.43,109.98,56.64,1052,green
2025-10-30 21:05:22,body_shop,Body Shop (BIW),811.5,52.76,91.89,189.08,97.38,1024,green
2025-10-30 21:05:22,paint,Paint Shop,1182.43,190.73,77.14,275.51,141.89,859,green
2025-10-30 21:05:22,assembly,General Assembly,776.05,24.7,89.84,180.82,93.13,1001,green
2025-10-30 21:05:22,powertrain,Powertrain Assembly,573.58,35.09,86.53,133.64,68.83,964,green
2025-10-30 21:05:22,quality,Quality Control,336.14,22.26,93.04,78.32,40.34,1037,green
2025-10-30 21:05:22,logistics,Logistics,341.78,19.84,88.22,79.63,41.01,983,amber
2025-10-30 22:05:22,stamping,Stamping Shop,508.49,65.74,87.5,118.48,61.02,1020,green
2025-10-30 22:05:22,body_shop,Body Shop (BIW),1001.2,56.56,84.81,233.28,120.14,989,red
2025-10-30 22:05:22,paint,Paint Shop,1432.74,181.92,83.04,333.83,171.93,968,amber
2025-10-30 22:05:22,assembly,General Assembly,782.92,25.82,86.17,182.42,93.95,1005,amber
2025-10-30 22:05:22,powertrain,Powertrain Assembly,638.76,33.97,87.16,148.83,76.65,1016,amber
2025-10-30 22:05:22,quality,Quality Control,375.64,21.84,95.87,87.52,45.08,1118,amber
2025-10-30 22:05:22,logistics,Logistics,325.39,20.44,87.99,75.82,39.05,1026,amber
2025-10-30 23:05:22,stamping,Stamping Shop,522.82,65.58,89.25,121.82,62.74,1081,amber
2025-10-30 23:05:22,body_shop,Body Shop (BIW),1004.19,52.47,84.5,233.98,120.5,1024,red
2025-10-30 23:05:22,paint,Paint Shop,1465.85,192.15,79.56,341.54,175.9,964,amber
2025-10-30 23:05:22,assembly,General Assembly,807.68,25.33,85.27,188.19,96.92,1033,amber
2025-10-30 23:05:22,powertrain,Powertrain Assembly,705.12,34.67,84.79,164.29,84.61,1027,red
2025-10-30 23:05:22,quality,Quality Control,381.15,21.27,93.57,88.81,45.74,1134,amber
2025-10-30 23:05:22,logistics,Logistics,316.64,19.48,92.04,73.78,38.0,1115,green
2025-10-31 00:05:22,stamping,Stamping Shop,556.97,69.51,89.16,129.78,66.84,1114,amber
2025-10-31 00:05:22,body_shop,Body Shop (BIW),941.49,54.39,84.05,219.37,112.98,1050,amber
2025-10-31 00:05:22,paint,Paint Shop,1467.52,191.81,83.94,341.93,176.1,1048,amber
2025-10-31 00:05:22,assembly,General Assembly,884.98,24.24,86.79,206.2,106.2,1084,red
2025-10-31 00:05:22,powertrain,Powertrain Assembly,977.6751870582841,36.54,87.61,218.87884948049336,84.08,1094,red
2025-10-31 00:05:22,quality,Quality Control,368.45,20.13,93.81,85.85,44.21,1172,amber
2025-10-31 00:05:22,logistics,Logistics,341.13,21.22,90.42,79.48,40.94,1129,amber
2025-10-31 01:05:22,stamping,Stamping Shop,542.86,62.54,93.66,126.49,65.14,1196,amber
2025-10-31 01:05:22,body_shop,Body Shop (BIW),1084.05,58.95,88.54,252.58,130.09,1130,red
2025-10-31 01:05:22,paint,Paint Shop,1427.34,196.08,80.84,332.57,171.28,1032,amber
2025-10-31 01:05:22,assembly,General Assembly,886.17,24.22,87.99,206.48,106.34,1123,red
2025-10-31 01:05:22,powertrain,Powertrain Assembly,694.1,35.12,88.71,161.72,83.29,1132,red
2025-10-31 01:05:22,quality,Quality Control,404.48,21.94,92.78,94.24,48.54,1184,red
2025-10-31 01:05:22,logistics,Logistics,351.93,18.95,92.13,82.0,42.23,1176,red
2025-10-31 02:05:22,stamping,Stamping Shop,606.82,69.0,90.68,141.39,72.82,1173,red
2025-10-31 02:05:22,body_shop,Body Shop (BIW),1009.61,55.36,83.16,235.24,121.15,1076,red
2025-10-31 02:05:22,paint,Paint Shop,1538.72,185.53,83.4,358.52,184.65,1079,red
2025-10-31 02:05:22,assembly,General Assembly,796.65,24.72,87.09,185.62,95.6,1127,amber
2025-10-31 02:05:22,powertrain,Powertrain Assembly,728.08,34.1,90.62,169.64,87.37,1172,red
2025-10-31 02:05:22,quality,Quality Control,414.51,21.93,89.55,96.58,49.74,1158,red
2025-10-31 02:05:22,logistics,Logistics,327.21,20.95,93.44,76.24,39.27,1209,amber
2025-10-31 03:05:22,stamping,Stamping Shop,616.6,63.91,86.21,143.67,73.99,1120,red
2025-10-31 03:05:22,body_shop,Body Shop (BIW),1161.31,56.62,86.41,270.59,139.36,1123,red
2025-10-31 03:05:22,paint,Paint Shop,1563.08,187.36,82.37,364.2,187.57,1070,red
2025-10-31 03:05:22,assembly,General Assembly,881.47,25.16,86.53,205.38,105.78,1124,red
2025-10-31 03:05:22,powertrain,Powertrain Assembly,703.24,36.0,89.41,163.85,84.39,1162,red
2025-10-31 03:05:22,quality,Quality Control,440.63,22.97,91.19,102.67,52.88,1185,red
2025-10-31 03:05:22,logistics,Logistics,348.0,20.43,88.72,81.08,41.76,1153,amber
2025-10-31 04:05:22,stamping,Stamping Shop,546.16,67.64,92.23,127.25,65.54,1193,amber
2025-10-31 04:05:22,body_shop,Body Shop (BIW),1001.09,53.22,86.12,233.25,120.13,1114,red
2025-10-31 04:05:22,paint,Paint Shop,1653.69,184.65,84.81,385.31,198.44,1097,red
2025-10-31 04:05:22,assembly,General Assembly,1350.0167769538998,25.79,87.51,332.4805092843116,109.87,1132,red
2025-10-31 04:05:22,powertrain,Powertrain Assembly,684.57,35.65,86.54,159.5,82.15,1119,amber
2025-10-31 04:05:22,quality,Quality Control,437.27,22.0,91.74,101.88,52.47,1187,red
2025-10-31 04:05:22,logistics,Logistics,394.58,21.91,92.4,91.94,47.35,1195,red
2025-10-31 05:05:22,stamping,Stamping Shop,604.46,67.35,91.14,140.84,72.54,1164,red
2025-10-31 05:05:22,body_shop,Body Shop (BIW),979.25,56.34,82.99,228.17,117.51,1059,amber
2025-10-31 05:05:22,paint,Paint Shop,1415.44,187.61,86.51,329.8,169.85,1104,amber
2025-10-31 05:05:22,assembly,General Assembly,836.78,24.04,84.7,194.97,100.41,1081,amber
2025-10-31 05:05:22,powertrain,Powertrain Assembly,722.84,35.46,84.7,168.42,86.74,1081,red
2025-10-31 05:05:22,quality,Quality Control,390.76,21.89,89.6,91.05,46.89,1144,amber
2025-10-31 05:05:22,logistics,Logistics,361.04,19.68,92.11,84.12,43.33,1176,red
2025-10-31 06:05:22,stamping,Stamping Shop,539.97,60.16,88.93,125.81,64.8,1111,amber
2025-10-31 06:05:22,body_shop,Body Shop (BIW),948.82,52.48,87.0,221.08,113.86,1086,amber
2025-10-31 06:05:22,paint,Paint Shop,1548.51,191.21,80.98,360.8,185.82,1011,red
2025-10-31 06:05:22,assembly,General Assembly,891.85,25.26,85.65,207.8,107.02,1070,red
2025-10-31 06:05:22,powertrain,Powertrain Assembly,723.81,35.92,83.77,168.65,86.86,1046,red
2025-10-31 06:05:22,quality,Quality Control,381.72,21.3,90.2,88.94,45.81,1126,amber
2025-10-31 06:05:22,logistics,Logistics,323.86,19.31,90.46,75.46,38.86,1130,amber
2025-10-31 07:05:22,stamping,Stamping Shop,576.04,67.45,91.39,134.22,69.12,1107,red
2025-10-31 07:05:22,body_shop,Body Shop (BIW),907.5,56.32,85.79,211.45,108.9,1039,green
2025-10-31 07:05:22,paint,Paint Shop,1464.55,172.32,81.84,341.24,175.75,991,amber
2025-10-31 07:05:22,assembly,General Assembly,802.93,25.55,87.84,187.08,96.35,1064,amber
2025-10-31 07:05:22,powertrain,Powertrain Assembly,659.59,34.73,87.08,153.68,79.15,1055,amber
2025-10-31 07:05:22,quality,Quality Control,387.69,22.0,91.28,90.33,46.52,1106,amber
2025-10-31 07:05:22,logistics,Logistics,360.03,21.08,94.3,83.89,43.2,1142,red
2025-10-31 08:05:22,stamping,Stamping Shop,538.64,67.35,92.25,125.5,64.64,1076,amber
2025-10-31 08:05:22,body_shop,Body Shop (BIW),927.9,54.11,88.55,216.2,111.35,1033,amber
2025-10-31 08:05:22,paint,Paint Shop,1245.63,176.45,80.58,290.23,149.48,940,green
2025-10-31 08:05:22,assembly,General Assembly,798.69,24.62,85.85,186.1,95.84,1001,amber
2025-10-31 08:05:22,powertrain,Powertrain Assembly,649.8,33.94,85.42,151.4,77.98,996,amber
2025-10-31 08:05:22,quality,Quality Control,384.4,22.16,94.63,89.56,46.13,1104,amber
2025-10-31 08:05:22,logistics,Logistics,314.53,19.85,89.91,73.28,37.74,1048,green
2025-10-31 09:05:22,stamping,Stamping Shop,523.69,67.68,93.05,122.02,62.84,1037,amber
2025-10-31 09:05:22,body_shop,Body Shop (BIW),857.84,53.39,85.02,199.88,102.94,947,green
2025-10-31 09:05:22,paint,Paint Shop,1313.12,178.8,86.28,305.96,157.57,961,green
2025-10-31 09:05:22,assembly,General Assembly,765.53,23.98,87.68,178.37,91.86,977,green
2025-10-31 09:05:22,powertrain,Powertrain Assembly,620.73,38.21,88.93,144.63,74.49,991,green
2025-10-31 09:05:22,quality,Quality Control,361.24,22.34,93.98,84.17,43.35,1047,green
2025-10-31 09:05:22,logistics,Logistics,327.53,20.18,90.51,76.31,39.3,1009,amber
2025-10-31 10:05:22,stamping,Stamping Shop,472.24,63.63,87.6,110.03,56.67,927,green
2025-10-31 10:05:22,body_shop,Body Shop (BIW),859.54,59.62,85.75,200.27,103.14,907,green
2025-10-31 10:05:22,paint,Paint Shop,1327.71,176.76,86.48,309.36,159.33,915,green
2025-10-31 10:05:22,assembly,General Assembly,773.06,25.7,84.64,180.12,92.77,895,green
2025-10-31 10:05:22,powertrain,Powertrain Assembly,538.16,34.14,85.76,125.39,64.58,907,green
2025-10-31 10:05:22,quality,Quality Control,336.22,22.35,92.59,78.34,40.35,980,green
2025-10-31 10:05:22,logistics,Logistics,280.68,19.51,91.07,65.4,33.68,964,green
2025-10-31 11:05:22,stamping,Stamping Shop,257.65,66.85,90.81,60.03,30.92,477,green
2025-10-31 11:05:22,body_shop,Body Shop (BIW),432.34,54.17,84.66,100.73,51.88,445,green
2025-10-31 11:05:22,paint,Paint Shop,652.96,187.75,83.61,152.14,78.35,439,green
2025-10-31 11:05:22,assembly,General Assembly,360.66,24.1,86.13,84.03,43.28,452,green
2025-10-31 11:05:22,powertrain,Powertrain Assembly,261.67,34.98,91.01,60.97,31.4,478,green
2025-10-31 11:05:22,quality,Quality Control,173.47,21.39,93.36,40.42,20.82,490,green
2025-10-31 11:05:22,logistics,Logistics,149.19,20.97,86.5,34.76,17.9,454,green
2025-10-31 12:05:22,stamping,Stamping Shop,320.6,66.8,88.77,74.7,38.47,616,green
2025-10-31 12:05:22,body_shop,Body Shop (BIW),605.09,57.74,84.11,140.99,72.61,584,green
2025-10-31 12:05:22,paint,Paint Shop,881.69,182.87,85.84,205.43,105.8,596,green
2025-10-31 12:05:22,assembly,General Assembly,468.8,26.78,85.44,109.23,56.26,593,green
2025-10-31 12:05:22,powertrain,Powertrain Assembly,365.49,35.94,90.12,85.16,43.86,625,green
2025-10-31 12:05:22,quality,Quality Control,244.68,21.22,90.5,57.01,29.36,628,green
2025-10-31 12:05:22,logistics,Logistics,198.46,20.95,86.16,46.24,23.82,598,green
2025-10-31 13:05:22,stamping,Stamping Shop,274.64,59.89,86.89,63.99,32.96,529,green
2025-10-31 13:05:22,body_shop,Body Shop (BIW),476.86,57.33,90.18,111.11,57.22,549,green
2025-10-31 13:05:22,paint,Paint Shop,659.59,179.64,81.54,153.68,79.15,497,green
2025-10-31 13:05:22,assembly,General Assembly,465.16,24.61,86.28,108.38,55.82,525,green
2025-10-31 13:05:22,powertrain,Powertrain Assembly,347.55,36.84,92.27,80.98,41.71,562,green
2025-10-31 13:05:22,quality,Quality Control,198.3,21.91,95.46,46.2,23.8,582,green
2025-10-31 13:05:22,logistics,Logistics,165.56,18.54,90.15,38.58,19.87,549,green
2025-10-31 14:05:22,stamping,Stamping Shop,245.09,66.25,87.06,57.11,29.41,456,green
2025-10-31 14:05:22,body_shop,Body Shop (BIW),418.38,56.47,84.18,97.48,50.21,441,green
2025-10-31 14:05:22,paint,Paint Shop,621.83,199.11,84.0,144.89,74.62,440,green
2025-10-31 14:05:22,assembly,General Assembly,346.17,25.68,83.52,80.66,41.54,437,green
2025-10-31 14:05:22,powertrain,Powertrain Assembly,289.2,37.7,88.99,67.38,34.7,466,green
2025-10-31 14:05:22,quality,Quality Control,179.63,20.4,88.07,41.85,21.56,461,green
2025-10-31 14:05:22,logistics,Logistics,153.0,19.36,92.61,35.65,18.36,485,green
2025-10-31 15:05:22,stamping,Stamping Shop,258.58,64.83,90.89,60.25,31.03,533,green
2025-10-31 15:05:22,body_shop,Body Shop (BIW),456.25,54.65,87.34,106.31,54.75,512,green
2025-10-31 15:05:22,paint,Paint Shop,687.62,188.85,81.4,160.22,82.51,477,green
2025-10-31 15:05:22,assembly,General Assembly,389.04,25.72,86.8,90.65,46.68,509,green
2025-10-31 15:05:22,powertrain,Powertrain Assembly,338.14,35.24,87.19,78.79,40.58,511,green
2025-10-31 15:05:22,quality,Quality Control,189.92,21.74,92.83,44.25,22.79,545,green
2025-10-31 15:05:22,logistics,Logistics,165.21,19.94,87.5,38.49,19.83,513,green
2025-10-31 16:05:22,stamping,Stamping Shop,241.84,65.68,91.33,56.35,29.02,494,green
2025-10-31 16:05:22,body_shop,Body Shop (BIW),463.21,56.73,89.09,107.93,55.59,481,green
2025-10-31 16:05:22,paint,Paint Shop,646.99,183.61,80.29,150.75,77.64,434,green
2025-10-31 16:05:22,assembly,General Assembly,394.36,26.07,88.81,91.89,47.32,480,green
2025-10-31 16:05:22,powertrain,Powertrain Assembly,277.83,36.53,85.54,64.73,33.34,462,green
2025-10-31 16:05:22,quality,Quality Control,170.52,21.48,95.14,39.73,20.46,514,green
2025-10-31 16:05:22,logistics,Logistics,166.91,21.71,89.18,38.89,20.03,482,green
2025-10-31 17:05:22,stamping,Stamping Shop,239.24,64.06,84.86,55.74,28.71,457,green
2025-10-31 17:05:22,body_shop,Body Shop (BIW),439.35,55.03,90.87,102.37,52.72,490,green
2025-10-31 17:05:22,paint,Paint Shop,597.32,188.17,86.64,139.18,71.68,467,green
2025-10-31 17:05:22,assembly,General Assembly,348.85,26.23,86.65,81.28,41.86,467,green
2025-10-31 17:05:22,powertrain,Powertrain Assembly,301.83,34.2,84.53,70.33,36.22,456,green
2025-10-31 17:05:22,quality,Quality Control,172.15,22.38,92.12,40.11,20.66,497,green
2025-10-31 17:05:22,logistics,Logistics,153.56,19.96,87.67,35.78,18.43,473,green
2025-10-31 18:05:22,stamping,Stamping Shop,301.41,68.87,87.09,70.23,36.17,608,green
2025-10-31 18:05:22,body_shop,Body Shop (BIW),538.16,54.98,88.33,125.39,64.58,617,green
2025-10-31 18:05:22,paint,Paint Shop,785.82,181.48,84.34,183.1,94.3,589,green
2025-10-31 18:05:22,assembly,General Assembly,460.59,24.77,88.67,107.32,55.27,619,green
2025-10-31 18:05:22,powertrain,Powertrain Assembly,343.09,34.76,88.01,79.94,41.17,615,green
2025-10-31 18:05:22,quality,Quality Control,218.44,21.22,92.69,50.9,26.21,648,green
2025-10-31 18:05:22,logistics,Logistics,175.72,19.7,90.71,40.94,21.09,634,green
2025-10-31 19:05:22,stamping,Stamping Shop,424.36,64.65,92.2,98.88,50.92,921,green
2025-10-31 19:05:22,body_shop,Body Shop (BIW),886.14,54.17,90.02,206.47,106.34,900,green
2025-10-31 19:05:22,paint,Paint Shop,1121.31,174.84,81.24,261.26,134.56,812,green
2025-10-31 19:05:22,assembly,General Assembly,567.88,24.46,85.2,132.32,68.15,852,green
2025-10-31 19:05:22,powertrain,Powertrain Assembly,594.88,33.63,89.03,138.61,71.39,890,green
2025-10-31 19:05:22,quality,Quality Control,321.74,22.58,92.57,74.96,38.61,925,green
2025-10-31 19:05:22,logistics,Logistics,289.87,19.08,89.43,67.54,34.78,894,green
2025-10-31 20:05:22,stamping,Stamping Shop,485.01,68.06,90.85,113.01,58.2,961,green
2025-10-31 20:05:22,body_shop,Body Shop (BIW),864.61,58.02,88.4,201.45,103.75,935,green
2025-10-31 20:05:22,paint,Paint Shop,1343.27,181.56,79.82,312.98,161.19,844,green
2025-10-31 20:05:22,assembly,General Assembly,770.58,25.26,84.03,179.55,92.47,889,green
2025-10-31 20:05:22,powertrain,Powertrain Assembly,528.82,32.32,88.59,123.21,63.46,937,green
2025-10-31 20:05:22,quality,Quality Control,336.28,21.93,91.82,78.35,40.35,971,green
2025-10-31 20:05:22,logistics,Logistics,290.81,18.89,95.4,67.76,34.9,1009,green
2025-10-31 21:05:22,stamping,Stamping Shop,749.9908884893382,64.2,90.12,200.775202198096,65.34,1004,red
2025-10-31 21:05:22,body_shop,Body Shop (BIW),866.99,57.82,85.39,202.01,104.04,951,green
2025-10-31 21:05:22,paint,Paint Shop,1266.46,192.47,82.09,295.09,151.98,915,green
2025-10-31 21:05:22,assembly,General Assembly,735.0,23.89,82.8,171.25,88.2,923,green
2025-10-31 21:05:22,powertrain,Powertrain Assembly,628.59,36.41,87.4,146.46,75.43,974,green
2025-10-31 21:05:22,quality,Quality Control,364.45,23.88,92.41,84.92,43.73,1030,green
2025-10-31 21:05:22,logistics,Logistics,323.64,18.36,88.41,75.41,38.84,985,amber
2025-10-31 22:05:22,stamping,Stamping Shop,534.63,66.72,85.47,124.57,64.16,997,amber
2025-10-31 22:05:22,body_shop,Body Shop (BIW),924.61,56.83,84.18,215.43,110.95,982,amber
2025-10-31 22:05:22,paint,Paint Shop,1405.31,170.11,82.43,327.44,168.64,961,amber
2025-10-31 22:05:22,assembly,General Assembly,785.05,25.9,86.88,182.92,94.21,1013,amber
2025-10-31 22:05:22,powertrain,Powertrain Assembly,653.83,33.75,86.85,152.34,78.46,1013,amber
2025-10-31 22:05:22,quality,Quality Control,378.57,22.48,96.36,88.21,45.43,1124,amber
2025-10-31 22:05:22,logistics,Logistics,313.17,20.82,95.03,72.97,37.58,1108,green
2025-10-31 23:05:22,stamping,Stamping Shop,577.71,59.41,88.85,134.61,69.33,1077,red
2025-10-31 23:05:22,body_shop,Body Shop (BIW),861.88,56.2,84.12,200.82,103.43,1019,green
2025-10-31 23:05:22,paint,Paint Shop,1510.01,196.89,84.37,351.83,181.2,1022,red
2025-10-31 23:05:22,assembly,General Assembly,802.44,23.86,84.32,186.97,96.29,1022,amber
2025-10-31 23:05:22,powertrain,Powertrain Assembly,723.55,34.19,88.17,168.59,86.83,1068,red
2025-10-31 23:05:22,quality,Quality Control,381.14,20.91,92.75,88.81,45.74,1124,amber
2025-10-31 23:05:22,logistics,Logistics,371.08,21.03,95.17,86.46,44.53,1153,red
2025-11-01 00:05:22,stamping,Stamping Shop,610.96,66.06,88.41,142.35,73.31,1104,red
2025-11-01 00:05:22,body_shop,Body Shop (BIW),1048.73,52.98,87.0,244.35,125.85,1086,red
2025-11-01 00:05:22,paint,Paint Shop,1597.07,183.29,80.94,372.12,191.65,1011,red
2025-11-01 00:05:22,assembly,General Assembly,870.92,25.48,83.91,202.92,104.51,1048,red
2025-11-01 00:05:22,powertrain,Powertrain Assembly,725.26,34.31,86.29,168.99,87.03,1078,red
2025-11-01 00:05:22,quality,Quality Control,383.45,22.68,92.62,89.34,46.01,1157,amber
2025-11-01 00:05:22,logistics,Logistics,330.25,20.17,89.52,76.95,39.63,1118,amber
2025-11-01 01:05:22,stamping,Stamping Shop,598.18,67.49,90.06,139.38,71.78,1150,red
2025-11-01 01:05:22,body_shop,Body Shop (BIW),1732.7005942398418,58.24,85.26,364.8942444936488,116.14,1088,red
2025-11-01 01:05:22,paint,Paint Shop,1458.78,187.11,80.99,339.9,175.05,1034,amber
2025-11-01 01:05:22,assembly,General Assembly,866.8,24.7,85.38,201.96,104.02,1090,red
2025-11-01 01:05:22,powertrain,Powertrain Assembly,677.2,34.47,90.53,157.79,81.26,1156,amber
2025-11-01 01:05:22,quality,Quality Control,360.97,22.21,93.29,84.11,43.32,1191,green
2025-11-01 01:05:22,logistics,Logistics,382.78,21.2,93.99,89.19,45.93,1200,red
2025-11-01 02:05:22,stamping,Stamping Shop,596.17,61.82,90.18,138.91,71.54,1167,red
2025-11-01 02:05:22,body_shop,Body Shop (BIW),1075.98,56.92,87.89,250.7,129.12,1137,red
2025-11-01 02:05:22,paint,Paint Shop,1543.61,180.82,78.78,359.66,185.23,1019,red
2025-11-01 02:05:22,assembly,General Assembly,875.01,24.46,82.83,203.88,105.0,1072,red
2025-11-01 02:05:22,powertrain,Powertrain Assembly,732.3,34.46,86.4,170.63,87.88,1118,red
2025-11-01 02:05:22,quality,Quality Control,399.27,23.69,92.54,93.03,47.91,1197,amber
2025-11-01 02:05:22,logistics,Logistics,359.7,19.22,90.63,83.81,43.16,1172,red
2025-11-01 03:05:22,stamping,Stamping Shop,571.92,64.8,67.44508156614825,133.26,68.63,1171,red
2025-11-01 03:05:22,body_shop,Body Shop (BIW),1058.29,54.32,80.9,246.58,127.0,1051,red
2025-11-01 03:05:22,paint,Paint Shop,1549.76,186.4,81.48,361.1,185.97,1059,red
2025-11-01 03:05:22,assembly,General Assembly,843.75,25.22,84.42,196.59,101.25,1097,amber
2025-11-01 03:05:22,powertrain,Powertrain Assembly,695.24,32.58,85.2,161.99,83.43,1107,red
2025-11-01 03:05:22,quality,Quality Control,404.79,22.41,87.38,94.32,48.57,1135,red
2025-11-01 03:05:22,logistics,Logistics,380.6,19.0,88.47,88.68,45.67,1150,red
2025-11-01 04:05:22,stamping,Stamping Shop,591.81,67.32,89.02,137.89,71.02,1152,red
2025-11-01 04:05:22,body_shop,Body Shop (BIW),955.81,52.82,86.16,222.7,114.7,1115,amber
2025-11-01 04:05:22,paint,Paint Shop,1555.2,194.03,82.25,362.36,186.62,1064,red
2025-11-01 04:05:22,assembly,General Assembly,881.58,26.11,85.93,205.41,105.79,1112,red
2025-11-01 04:05:22,powertrain,Powertrain Assembly,717.66,35.95,89.59,167.21,86.12,1159,red
2025-11-01 04:05:22,quality,Quality Control,394.33,21.21,91.65,91.88,47.32,1186,amber
2025-11-01 04:05:22,logistics,Logistics,388.64,20.58,89.46,90.55,46.64,1157,red
2025-11-01 05:05:22,stamping,Stamping Shop,593.0,71.13,87.25,138.17,71.16,1114,red
2025-11-01 05:05:22,body_shop,Body Shop (BIW),1061.21,53.33,86.88,247.26,127.35,1109,red
2025-11-01 05:05:22,paint,Paint Shop,1526.07,184.24,79.16,355.57,183.13,1010,red
2025-11-01 05:05:22,assembly,General Assembly,932.13,25.4,84.89,217.19,111.86,1084,red
2025-11-01 05:05:22,powertrain,Powertrain Assembly,714.42,34.67,85.81,166.46,85.73,1095,red
2025-11-01 05:05:22,quality,Quality Control,407.16,22.57,90.9,94.87,48.86,1160,red
2025-11-01 05:05:22,logistics,Logistics,339.54,20.25,93.63,79.11,40.74,1195,amber
2025-11-01 06:05:22,stamping,Stamping Shop,544.91,68.08,88.97,126.97,65.39,1111,amber
2025-11-01 06:05:22,body_shop,Body Shop (BIW),970.88,56.04,86.89,226.21,116.51,1085,amber
2025-11-01 06:05:22,paint,Paint Shop,1466.11,201.99,78.2,341.6,175.93,977,amber
2025-11-01 06:05:22,assembly,General Assembly,905.84,25.38,79.12,211.06,108.7,988,red
2025-11-01 06:05:22,powertrain,Powertrain Assembly,709.46,34.03,86.05,165.3,85.14,1075,red
2025-11-01 06:05:22,quality,Quality Control,387.51,21.91,94.96,90.29,46.5,1186,amber
2025-11-01 06:05:22,logistics,Logistics,372.07,20.25,90.95,86.69,44.65,1136,red
2025-11-01 07:05:22,stamping,Stamping Shop,559.97,63.82,92.47,130.47,67.2,1120,amber
2025-11-01 07:05:22,body_shop,Body Shop (BIW),912.61,58.9,85.16,212.64,109.51,1032,green
2025-11-01 07:05:22,paint,Paint Shop,1320.04,178.24,82.21,307.57,158.41,996,green
2025-11-01 07:05:22,assembly,General Assembly,767.76,24.98,87.03,178.89,92.13,1054,green
2025-11-01 07:05:22,powertrain,Powertrain Assembly,784.794168918468,34.17,86.87,224.0106371084105,71.75,1053,red
2025-11-01 07:05:22,quality,Quality Control,359.6,22.04,89.31,83.79,43.15,1082,green
2025-11-01 07:05:22,logistics,Logistics,322.69,20.45,91.02,75.19,38.72,1103,amber
2025-11-01 08:05:22,stamping,Stamping Shop,476.51,69.61,85.91,111.03,57.18,1002,green
2025-11-01 08:05:22,body_shop,Body Shop (BIW),921.91,60.08,85.68,214.8,110.63,999,amber
2025-11-01 08:05:22,paint,Paint Shop,1555.28,187.08,80.41,362.38,186.63,938,red
2025-11-01 08:05:22,assembly,General Assembly,785.88,25.8,85.43,183.11,94.31,996,amber
2025-11-01 08:05:22,powertrain,Powertrain Assembly,666.08,31.56,85.11,155.2,79.93,992,amber
2025-11-01 08:05:22,quality,Quality Control,357.18,21.93,94.23,83.22,42.86,1099,green
2025-11-01 08:05:22,logistics,Logistics,315.23,20.34,91.62,73.45,37.83,1068,green
2025-11-01 09:05:22,stamping,Stamping Shop,551.63,68.21,92.94,128.53,66.2,1036,amber
2025-11-01 09:05:22,body_shop,Body Shop (BIW),953.48,54.15,88.74,222.16,114.42,989,amber
2025-11-01 09:05:22,paint,Paint Shop,1411.92,191.45,84.15,328.98,169.43,938,amber
2025-11-01 09:05:22,assembly,General Assembly,768.85,25.53,85.61,179.14,92.26,954,green
2025-11-01 09:05:22,powertrain,Powertrain Assembly,640.42,33.91,89.77,149.22,76.85,1000,amber
2025-11-01 09:05:22,quality,Quality Control,348.01,22.98,90.81,81.09,41.76,1012,green
2025-11-01 09:05:22,logistics,Logistics,275.78,20.29,88.57,64.26,33.09,987,green
2025-11-01 10:05:22,stamping,Stamping Shop,509.68,63.76,89.35,118.75,61.16,945,green
2025-11-01 10:05:22,body_shop,Body Shop (BIW),861.05,58.19,89.43,200.62,103.33,946,green
2025-11-01 10:05:22,paint,Paint Shop,1376.9,189.03,81.76,320.82,165.23,865,green
2025-11-01 10:05:22,assembly,General Assembly,720.94,26.93,91.55,167.98,86.51,969,green
2025-11-01 10:05:22,powertrain,Powertrain Assembly,599.38,34.61,88.32,139.66,71.93,934,green
2025-11-01 10:05:22,quality,Quality Control,311.03,23.48,95.57,72.47,37.32,1011,green
2025-11-01 10:05:22,logistics,Logistics,285.27,18.19,91.92,66.47,34.23,972,green
2025-11-01 11:05:22,stamping,Stamping Shop,321.82,63.67,88.68,74.98,38.62,611,green
2025-11-01 11:05:22,body_shop,Body Shop (BIW),582.08,57.06,88.77,135.62,69.85,612,green
2025-11-01 11:05:22,paint,Paint Shop,771.25,184.51,79.87,179.7,92.55,550,green
2025-11-01 11:05:22,assembly,General Assembly,471.98,24.65,87.06,109.97,56.64,600,green
2025-11-01 11:05:22,powertrain,Powertrain Assembly,401.34,34.72,84.69,93.51,48.16,584,green
2025-11-01 11:05:22,quality,Quality Control,216.32,22.39,92.31,50.4,25.96,636,green
2025-11-01 11:05:22,logistics,Logistics,194.91,21.18,91.73,45.41,23.39,632,green
2025-11-01 12:05:22,stamping,Stamping Shop,292.12,67.93,91.2,68.06,35.05,604,green
2025-11-01 12:05:22,body_shop,Body Shop (BIW),554.81,53.87,89.45,129.27,66.58,592,green
2025-11-01 12:05:22,paint,Paint Shop,786.74,187.41,83.01,183.31,94.41,550,green
2025-11-01 12:05:22,assembly,General Assembly,423.48,24.15,85.45,98.67,50.82,566,green
2025-11-01 12:05:22,powertrain,Powertrain Assembly,344.32,33.98,87.56,80.23,41.32,580,green
2025-11-01 12:05:22,quality,Quality Control,219.92,20.54,94.56,51.24,26.39,626,green
2025-11-01 12:05:22,logistics,Logistics,191.09,19.95,93.05,44.52,22.93,616,green
2025-11-01 13:05:22,stamping,Stamping Shop,168.36,63.39,90.73,39.23,20.2,345,green
2025-11-01 13:05:22,body_shop,Body Shop (BIW),282.35,56.82,83.27,65.79,33.88,317,green
2025-11-01 13:05:22,paint,Paint Shop,427.38,178.73,82.8,99.58,51.29,315,green
2025-11-01 13:05:22,assembly,General Assembly,258.54,25.96,84.55,60.24,31.02,322,green
2025-11-01 13:05:22,powertrain,Powertrain Assembly,212.39,32.43,86.77,49.49,25.49,330,green
2025-11-01 13:05:22,quality,Quality Control,109.03,20.82,95.08,25.4,13.08,362,green
2025-11-01 13:05:22,logistics,Logistics,111.72,18.91,90.13,26.03,13.41,343,green
2025-11-01 14:05:22,stamping,Stamping Shop,168.13,67.17,92.87,39.18,20.18,385,green
2025-11-01 14:05:22,body_shop,Body Shop (BIW),325.4,54.74,88.1,75.82,39.05,365,green
2025-11-01 14:05:22,paint,Paint Shop,481.28,181.87,83.97,112.14,57.75,348,green
2025-11-01 14:05:22,assembly,General Assembly,283.71,25.95,88.74,66.1,34.04,367,green
2025-11-01 14:05:22,powertrain,Powertrain Assembly,206.57,33.63,87.93,48.13,24.79,364,green
2025-11-01 14:05:22,quality,Quality Control,139.43,20.7,95.14,32.49,16.73,394,green
2025-11-01 14:05:22,logistics,Logistics,126.53,22.01,89.56,29.48,15.18,371,green
2025-11-01 15:05:22,stamping,Stamping Shop,163.15,63.34,90.02,38.02,19.58,319,green
2025-11-01 15:05:22,body_shop,Body Shop (BIW),267.54,53.86,87.85,62.34,32.1,311,green
2025-11-01 15:05:22,paint,Paint Shop,429.26,194.52,83.58,100.02,51.51,296,green
2025-11-01 15:05:22,assembly,General Assembly,249.65,24.89,88.82,58.17,29.96,315,green
2025-11-01 15:05:22,powertrain,Powertrain Assembly,183.67,33.86,87.71,42.79,22.04,311,green
2025-11-01 15:05:22,quality,Quality Control,106.04,21.88,93.93,24.71,12.72,333,green
2025-11-01 15:05:22,logistics,Logistics,98.56,19.98,91.53,22.97,11.83,324,green
2025-11-01 16:05:22,stamping,Stamping Shop,159.63,65.76,91.19,37.19,19.16,309,green
2025-11-01 16:05:22,body_shop,Body Shop (BIW),262.08,54.6,87.39,61.06,31.45,296,green
2025-11-01 16:05:22,paint,Paint Shop,386.38,192.12,81.62,90.03,46.37,276,green
2025-11-01 16:05:22,assembly,General Assembly,235.4,23.94,89.67,54.85,28.25,304,green
2025-11-01 16:05:22,powertrain,Powertrain Assembly,175.59,33.11,83.88,40.91,21.07,284,green
2025-11-01 16:05:22,quality,Quality Control,104.37,21.36,94.83,24.32,12.52,321,green
2025-11-01 16:05:22,logistics,Logistics,100.12,19.84,90.93,23.33,12.01,308,green
2025-11-01 17:05:22,stamping,Stamping Shop,178.96,66.56,86.7,41.7,21.48,326,green
2025-11-01 17:05:22,body_shop,Body Shop (BIW),303.0,57.71,85.87,70.6,36.36,323,green
2025-11-01 17:05:22,paint,Paint Shop,493.06,189.68,83.09,114.88,59.17,312,green
2025-11-01 17:05:22,assembly,General Assembly,256.05,26.76,85.81,59.66,30.73,323,green
2025-11-01 17:05:22,powertrain,Powertrain Assembly,204.18,35.25,88.04,47.57,24.5,331,green
2025-11-01 17:05:22,quality,Quality Control,115.63,22.1,88.73,26.94,13.88,334,green
2025-11-01 17:05:22,logistics,Logistics,105.02,19.5,91.53,24.47,12.6,344,green
2025-11-01 18:05:22,stamping,Stamping Shop,165.04,62.95,90.61,38.45,19.8,313,green
2025-11-01 18:05:22,body_shop,Body Shop (BIW),271.87,53.32,91.33,63.35,32.62,315,green
2025-11-01 18:05:22,paint,Paint Shop,407.55,196.51,82.68,94.96,48.91,285,green
2025-11-01 18:05:22,assembly,General Assembly,226.56,25.11,87.3,52.79,27.19,301,green
2025-11-01 18:05:22,powertrain,Powertrain Assembly,198.81,32.91,88.62,46.32,23.86,306,green
2025-11-01 18:05:22,quality,Quality Control,106.51,23.63,98.71,24.82,12.78,341,green
2025-11-01 18:05:22,logistics,Logistics,99.22,20.5,89.26,23.12,11.91,308,green
2025-11-01 19:05:22,stamping,Stamping Shop,266.12,70.92,89.48,62.01,31.93,536,green
2025-11-01 19:05:22,body_shop,Body Shop (BIW),500.97,56.95,87.92,116.73,60.12,527,green
2025-11-01 19:05:22,paint,Paint Shop,703.18,202.75,84.02,163.84,84.38,504,green
2025-11-01 19:05:22,assembly,General Assembly,423.03,24.56,81.71,98.57,50.76,490,green
2025-11-01 19:05:22,powertrain,Powertrain Assembly,327.89,33.88,89.1,76.4,39.35,534,green
2025-11-01 19:05:22,quality,Quality Control,199.96,23.44,70.29006533913517,46.59,23.99,552,red
2025-11-01 19:05:22,logistics,Logistics,171.71,20.16,92.75,40.01,20.61,556,green
2025-11-01 20:05:22,stamping,Stamping Shop,272.52,63.74,89.97,63.5,32.7,571,green
2025-11-01 20:05:22,body_shop,Body Shop (BIW),461.76,53.99,89.87,107.59,55.41,570,green
2025-11-01 20:05:22,paint,Paint Shop,800.45,190.16,85.74,186.51,96.05,544,green
2025-11-01 20:05:22,assembly,General Assembly,469.97,25.53,89.28,109.5,56.4,567,green
2025-11-01 20:05:22,powertrain,Powertrain Assembly,359.4,31.37,83.73,83.74,43.13,531,green
2025-11-01 20:05:22,quality,Quality Control,222.72,20.43,90.93,51.89,26.73,577,green
2025-11-01 20:05:22,logistics,Logistics,194.06,21.25,88.67,45.22,23.29,563,green
2025-11-01 21:05:22,stamping,Stamping Shop,326.83,61.28,89.08,76.15,39.22,595,green
2025-11-01 21:05:22,body_shop,Body Shop (BIW),529.26,55.39,88.67,123.32,63.51,593,green
2025-11-01 21:05:22,paint,Paint Shop,872.57,189.15,82.78,203.31,104.71,553,green
2025-11-01 21:05:22,assembly,General Assembly,440.41,24.06,86.63,102.62,52.85,579,green
2025-11-01 21:05:22,powertrain,Powertrain Assembly,396.88,36.59,88.07,92.47,47.63,589,green
2025-11-01 21:05:22,quality,Quality Control,239.71,22.2,93.71,55.85,28.76,626,green
2025-11-01 21:05:22,logistics,Logistics,196.86,19.54,94.42,45.87,23.62,631,green
2025-11-01 22:05:22,stamping,Stamping Shop,316.28,65.66,90.96,73.69,37.95,636,green
2025-11-01 22:05:22,body_shop,Body Shop (BIW),587.68,51.87,86.6,136.93,70.52,606,green
2025-11-01 22:05:22,paint,Paint Shop,821.54,181.59,83.04,191.42,98.59,581,green
2025-11-01 22:05:22,assembly,General Assembly,484.39,23.23,88.21,112.86,58.13,617,green
2025-11-01 22:05:22,powertrain,Powertrain Assembly,391.71,37.14,89.45,91.27,47.01,626,green
2025-11-01 22:05:22,quality,Quality Control,220.44,21.41,90.99,51.36,26.45,636,green
2025-11-01 22:05:22,logistics,Logistics,214.53,18.92,91.81,49.99,25.74,642,green
2025-11-01 23:05:22,stamping,Stamping Shop,326.31,63.02,89.82,76.03,39.16,653,green
2025-11-01 23:05:22,body_shop,Body Shop (BIW),600.58,57.67,87.93,139.93,72.07,639,green
2025-11-01 23:05:22,paint,Paint Shop,828.33,180.79,85.25,193.0,99.4,619,green
2025-11-01 23:05:22,assembly,General Assembly,462.57,23.22,88.3,107.78,55.51,642,green
2025-11-01 23:05:22,powertrain,Powertrain Assembly,405.18,33.19,84.59,94.41,48.62,615,green
2025-11-01 23:05:22,quality,Quality Control,230.56,21.48,92.13,53.72,27.67,670,green
2025-11-01 23:05:22,logistics,Logistics,203.85,19.69,89.81,47.5,24.46,653,green
2025-11-02 00:05:22,stamping,Stamping Shop,364.65,67.45,91.86,84.96,43.76,688,green
2025-11-02 00:05:22,body_shop,Body Shop (BIW),608.36,59.06,83.69,141.75,73.0,627,green
2025-11-02 00:05:22,paint,Paint Shop,956.16,187.03,81.67,222.79,114.74,612,green
2025-11-02 00:05:22,assembly,General Assembly,514.69,25.98,83.98,119.92,61.76,629,green
2025-11-02 00:05:22,powertrain,Powertrain Assembly,428.32,35.66,91.43,99.8,51.4,685,green
2025-11-02 00:05:22,quality,Quality Control,224.68,21.54,94.01,52.35,26.96,704,green
2025-11-02 00:05:22,logistics,Logistics,227.63,20.09,91.01,53.04,27.32,682,green
2025-11-02 01:05:22,stamping,Stamping Shop,348.94,63.47,90.5,81.3,41.87,693,green
2025-11-02 01:05:22,body_shop,Body Shop (BIW),657.88,54.45,89.78,153.29,78.95,687,green
2025-11-02 01:05:22,paint,Paint Shop,980.04,172.13,83.03,228.35,117.61,636,green
2025-11-02 01:05:22,assembly,General Assembly,525.94,24.45,85.0,122.54,63.11,651,green
2025-11-02 01:05:22,powertrain,Powertrain Assembly,439.01,36.17,88.61,102.29,52.68,678,green
2025-11-02 01:05:22,quality,Quality Control,249.14,22.23,95.84,58.05,29.9,734,green
2025-11-02 01:05:22,logistics,Logistics,207.21,18.17,93.21,48.28,24.87,714,green
2025-11-02 02:05:22,stamping,Stamping Shop,347.44,63.13,89.67,80.95,41.69,696,green
2025-11-02 02:05:22,body_shop,Body Shop (BIW),625.76,56.28,86.68,145.8,75.09,673,green
2025-11-02 02:05:22,paint,Paint Shop,928.16,187.08,83.83,216.26,111.38,650,green
2025-11-02 02:05:22,assembly,General Assembly,504.59,26.62,85.43,117.57,60.55,663,green
2025-11-02 02:05:22,powertrain,Powertrain Assembly,428.94,35.0,87.47,99.94,51.47,679,green
2025-11-02 02:05:22,quality,Quality Control,263.66,21.78,92.04,61.43,31.64,714,green
2025-11-02 02:05:22,logistics,Logistics,212.13,19.3,91.51,49.43,25.46,710,green
2025-11-02 03:05:22,stamping,Stamping Shop,337.82,64.88,86.24,78.71,40.54,672,green
2025-11-02 03:05:22,body_shop,Body Shop (BIW),627.27,56.46,87.32,146.15,75.27,681,green
2025-11-02 03:05:22,paint,Paint Shop,876.17,177.3,79.5,204.15,105.14,620,green
2025-11-02 03:05:22,assembly,General Assembly,480.3,24.38,88.01,111.91,57.64,686,green
2025-11-02 03:05:22,powertrain,Powertrain Assembly,448.08,32.26,87.13,104.4,53.77,679,green
2025-11-02 03:05:22,quality,Quality Control,255.53,22.52,91.11,59.54,30.66,710,green
2025-11-02 03:05:22,logistics,Logistics,217.95,20.8,87.1,50.78,26.15,679,green
2025-11-02 04:05:22,stamping,Stamping Shop,329.26,57.96,90.89,76.72,39.51,705,green
2025-11-02 04:05:22,body_shop,Body Shop (BIW),593.76,55.61,88.61,138.35,71.25,688,green
2025-11-02 04:05:22,paint,Paint Shop,952.0,182.69,82.78,221.82,114.24,642,green
2025-11-02 04:05:22,assembly,General Assembly,527.06,27.24,89.64,122.8,63.25,696,green
2025-11-02 04:05:22,powertrain,Powertrain Assembly,433.97,37.07,89.51,101.12,52.08,695,green
2025-11-02 04:05:22,quality,Quality Control,254.73,21.6,94.13,59.35,30.57,730,green
2025-11-02 04:05:22,logistics,Logistics,224.96,20.33,89.14,52.42,27.0,692,green
2025-11-02 05:05:22,stamping,Stamping Shop,344.3,60.65,90.0,80.22,41.32,689,green
2025-11-02 05:05:22,body_shop,Body Shop (BIW),595.47,55.03,86.6,138.74,71.46,663,green
2025-11-02 05:05:22,paint,Paint Shop,901.25,179.05,80.19,209.99,108.15,614,green
2025-11-02 05:05:22,assembly,General Assembly,516.95,23.84,83.58,120.45,62.03,640,green
2025-11-02 05:05:22,powertrain,Powertrain Assembly,438.17,34.95,85.94,102.09,52.58,658,green
2025-11-02 05:05:22,quality,Quality Control,221.87,22.72,94.94,51.7,26.62,727,green
2025-11-02 05:05:22,logistics,Logistics,209.71,18.42,90.19,48.86,25.17,691,green
2025-11-02 06:05:22,stamping,Stamping Shop,344.65,85.80833910647911,86.15,80.3,41.36,645,green
2025-11-02 06:05:22,body_shop,Body Shop (BIW),614.47,57.02,87.37,143.17,73.74,654,green
2025-11-02 06:05:22,paint,Paint Shop,929.23,176.94,86.13,216.51,111.51,645,green
2025-11-02 06:05:22,assembly,General Assembly,501.71,24.3,83.62,116.9,60.21,626,green
2025-11-02 06:05:22,powertrain,Powertrain Assembly,395.97,35.11,87.48,92.26,47.52,655,green
2025-11-02 06:05:22,quality,Quality Control,236.65,23.16,92.59,55.14,28.4,694,green
2025-11-02 06:05:22,logistics,Logistics,205.55,19.19,91.3,47.89,24.67,684,green
2025-11-02 07:05:22,stamping,Stamping Shop,330.14,66.05,91.28,76.92,39.62,663,green
2025-11-02 07:05:22,body_shop,Body Shop (BIW),557.61,54.89,88.08,129.92,66.91,640,green
2025-11-02 07:05:22,paint,Paint Shop,910.19,175.57,82.99,212.07,109.22,603,green
2025-11-02 07:05:22,assembly,General Assembly,511.74,25.54,87.22,119.24,61.41,634,green
2025-11-02 07:05:22,powertrain,Powertrain Assembly,388.33,35.44,90.77,90.48,46.6,660,green
2025-11-02 07:05:22,quality,Quality Control,259.64,22.56,94.26,60.5,31.16,685,green
2025-11-02 07:05:22,logistics,Logistics,216.97,21.35,92.87,50.55,26.04,675,green
2025-11-02 08:05:22,stamping,Stamping Shop,309.19,64.24,87.77,72.04,37.1,614,green
2025-11-02 08:05:22,body_shop,Body Shop (BIW),557.53,56.52,86.2,129.9,66.9,603,green
2025-11-02 08:05:22,paint,Paint Shop,820.71,189.01,83.84,191.23,98.49,586,green
2025-11-02 08:05:22,assembly,General Assembly,493.8,25.22,83.17,115.05,59.26,582,green
2025-11-02 08:05:22,powertrain,Powertrain Assembly,391.15,34.35,86.47,91.14,46.94,605,green
2025-11-02 08:05:22,quality,Quality Control,217.98,22.14,94.47,50.79,26.16,661,green
2025-11-02 08:05:22,logistics,Logistics,191.17,19.21,88.21,44.54,22.94,617,green
2025-11-02 09:05:22,stamping,Stamping Shop,299.81,65.71,91.32,69.86,35.98,610,green
2025-11-02 09:05:22,body_shop,Body Shop (BIW),509.53,54.3,86.1,118.72,61.14,575,green
2025-11-02 09:05:22,paint,Paint Shop,810.97,184.19,84.19,188.96,97.32,563,green
2025-11-02 09:05:22,assembly,General Assembly,456.74,25.43,86.33,106.42,54.81,577,green
2025-11-02 09:05:22,powertrain,Powertrain Assembly,380.09,34.24,87.23,88.56,45.61,583,green
2025-11-02 09:05:22,quality,Quality Control,218.09,21.48,94.03,50.82,26.17,628,green
2025-11-02 09:05:22,logistics,Logistics,196.43,19.19,68.62271286352849,45.77,23.57,592,red
2025-11-02 10:05:22,stamping,Stamping Shop,264.66,63.0,90.34,61.67,31.76,573,green
2025-11-02 10:05:22,body_shop,Body Shop (BIW),498.77,56.53,88.27,116.21,59.85,560,green
2025-11-02 10:05:22,paint,Paint Shop,783.29,188.13,85.4,182.51,93.99,542,green
2025-11-02 10:05:22,assembly,General Assembly,457.89,24.42,87.66,106.69,54.95,556,green
2025-11-02 10:05:22,powertrain,Powertrain Assembly,328.1,35.65,85.61,76.45,39.37,543,green
2025-11-02 10:05:22,quality,Quality Control,190.13,22.93,93.99,44.3,22.82,596,green
2025-11-02 10:05:22,logistics,Logistics,182.0,19.76,93.06,42.41,21.84,591,green
2025-11-02 11:05:22,stamping,Stamping Shop,142.61,62.79,88.28,33.23,17.11,300,green
2025-11-02 11:05:22,body_shop,Body Shop (BIW),271.16,52.01,90.07,63.18,32.54,306,green
2025-11-02 11:05:22,paint,Paint Shop,405.4,196.29,82.55,94.46,48.65,280,green
2025-11-02 11:05:22,assembly,General Assembly,244.23,25.15,86.83,56.9,29.31,295,green
2025-11-02 11:05:22,powertrain,Powertrain Assembly,179.86,36.33,85.44,41.91,21.58,290,green
2025-11-02 11:05:22,quality,Quality Control,98.19,21.77,90.69,22.88,11.78,308,green
2025-11-02 11:05:22,logistics,Logistics,95.15,21.17,88.69,22.17,11.42,301,green
2025-11-02 12:05:22,stamping,Stamping Shop,155.88,65.17,92.65,36.32,18.71,313,green
2025-11-02 12:05:22,body_shop,Body Shop (BIW),276.28,57.86,84.34,64.37,33.15,285,green
2025-11-02 12:05:22,paint,Paint Shop,402.67,180.85,85.17,93.82,48.32,287,green
2025-11-02 12:05:22,assembly,General Assembly,235.05,26.28,84.36,54.77,28.21,285,green
2025-11-02 12:05:22,powertrain,Powertrain Assembly,187.77,36.38,86.52,43.75,22.53,292,green
2025-11-02 12:05:22,quality,Quality Control,103.41,22.71,95.04,24.09,12.41,321,green
2025-11-02 12:05:22,logistics,Logistics,88.85,19.68,93.25,20.7,10.66,315,green
2025-11-02 13:05:22,stamping,Stamping Shop,145.31,63.25,92.97,33.86,17.44,289,green
2025-11-02 13:05:22,body_shop,Body Shop (BIW),244.84,57.48,88.43,57.05,29.38,275,green
2025-11-02 13:05:22,paint,Paint Shop,379.46,190.0,85.07,88.41,45.53,264,green
2025-11-02 13:05:22,assembly,General Assembly,204.63,25.56,86.76,47.68,24.56,269,green
2025-11-02 13:05:22,powertrain,Powertrain Assembly,155.97,36.17,89.27,36.34,18.72,277,green
2025-11-02 13:05:22,quality,Quality Control,100.76,20.63,87.61,23.48,12.09,272,green
2025-11-02 13:05:22,logistics,Logistics,86.27,18.41,91.75,20.1,10.35,285,green
2025-11-02 14:05:22,stamping,Stamping Shop,164.95,65.49,91.11,38.43,19.79,344,green
2025-11-02 14:05:22,body_shop,Body Shop (BIW),296.36,77.1331723125524,86.55,69.05,35.56,327,green
2025-11-02 14:05:22,paint,Paint Shop,426.16,192.39,81.25,99.29,51.14,307,green
2025-11-02 14:05:22,assembly,General Assembly,244.8,25.12,85.55,57.04,29.38,323,green
2025-11-02 14:05:22,powertrain,Powertrain Assembly,221.97,32.92,84.82,51.72,26.64,321,green
2025-11-02 14:05:22,quality,Quality Control,116.61,21.15,91.76,27.17,13.99,347,green
2025-11-02 14:05:22,logistics,Logistics,95.98,19.5,94.69,22.36,11.52,358,green
2025-11-02 15:05:22,stamping,Stamping Shop,153.02,67.05,87.31,35.65,18.36,270,green
2025-11-02 15:05:22,body_shop,Body Shop (BIW),256.88,56.84,88.87,59.85,30.83,274,green
2025-11-02 15:05:22,paint,Paint Shop,373.62,180.73,81.86,87.05,44.83,253,green
2025-11-02 15:05:22,assembly,General Assembly,221.76,24.84,88.67,51.67,26.61,274,green
2025-11-02 15:05:22,powertrain,Powertrain Assembly,152.52,32.67,88.3,35.54,18.3,273,green
2025-11-02 15:05:22,quality,Quality Control,96.16,24.09,91.74,22.4,11.54,283,green
2025-11-02 15:05:22,logistics,Logistics,85.81,19.8,86.74,19.99,10.3,268,green
2025-11-02 16:05:22,stamping,Stamping Shop,178.76,66.54,89.03,41.65,21.45,352,green
2025-11-02 16:05:22,body_shop,Body Shop (BIW),301.97,52.64,84.09,70.36,36.24,332,green
2025-11-02 16:05:22,paint,Paint Shop,451.44,189.88,84.46,105.19,54.17,334,green
2025-11-02 16:05:22,assembly,General Assembly,268.21,24.09,87.55,62.49,32.19,346,green
2025-11-02 16:05:22,powertrain,Powertrain Assembly,221.19,33.8,89.14,51.54,26.54,352,green
2025-11-02 16:05:22,quality,Quality Control,125.56,21.17,92.67,29.26,15.07,366,green
2025-11-02 16:05:22,logistics,Logistics,111.1,21.71,94.46,25.89,13.33,373,green
2025-11-02 17:05:22,stamping,Stamping Shop,146.15,66.03,89.37,34.05,17.54,304,green
2025-11-02 17:05:22,body_shop,Body Shop (BIW),284.88,55.2,86.13,66.38,34.19,293,green
2025-11-02 17:05:22,paint,Paint Shop,368.11,190.21,80.91,85.77,44.17,275,green
2025-11-02 17:05:22,assembly,General Assembly,223.97,23.4,83.32,52.19,26.88,283,green
2025-11-02 17:05:22,powertrain,Powertrain Assembly,199.66,33.53,86.42,46.52,23.96,294,green
2025-11-02 17:05:22,quality,Quality Control,110.32,22.59,93.23,25.7,13.24,317,green
2025-11-02 17:05:22,logistics,Logistics,104.34,20.38,91.44,24.31,12.52,311,green
2025-11-02 18:05:22,stamping,Stamping Shop,186.59,62.51,91.66,43.47,22.39,365,green
2025-11-02 18:05:22,body_shop,Body Shop (BIW),340.85,50.73,83.1,79.42,40.9,331,green
2025-11-02 18:05:22,paint,Paint Shop,500.8,186.01,82.57,116.69,60.1,329,green
2025-11-02 18:05:22,assembly,General Assembly,294.28,26.52,83.97,68.57,35.31,335,green
2025-11-02 18:05:22,powertrain,Powertrain Assembly,218.49,34.63,87.5,50.91,26.22,349,green
2025-11-02 18:05:22,quality,Quality Control,121.43,21.33,91.84,28.29,14.57,366,green
2025-11-02 18:05:22,logistics,Logistics,112.34,20.17,94.19,26.18,13.48,375,green
2025-11-02 19:05:22,stamping,Stamping Shop,269.12,58.3,87.14,62.7,32.29,522,green
2025-11-02 19:05:22,body_shop,Body Shop (BIW),499.54,56.63,89.1,116.39,59.94,534,green
2025-11-02 19:05:22,paint,Paint Shop,722.03,178.61,78.95,168.23,86.64,473,green
2025-11-02 19:05:22,assembly,General Assembly,410.17,24.79,62.458488846912644,95.57,49.22,500,red
2025-11-02 19:05:22,powertrain,Powertrain Assembly,333.82,34.64,91.35,77.78,40.06,548,green
2025-11-02 19:05:22,quality,Quality Control,199.84,22.3,95.87,46.56,23.98,575,green
2025-11-02 19:05:22,logistics,Logistics,152.17,19.71,92.09,35.46,18.26,552,green
2025-11-02 20:05:22,stamping,Stamping Shop,273.12,64.82,93.25,63.64,32.77,592,green
2025-11-02 20:05:22,body_shop,Body Shop (BIW),520.07,50.24,85.19,121.18,62.41,541,green
2025-11-02 20:05:22,paint,Paint Shop,799.76,171.69,81.57,186.34,95.97,518,green
2025-11-02 20:05:22,assembly,General Assembly,448.67,24.76,83.04,104.54,53.84,527,green
2025-11-02 20:05:22,powertrain,Powertrain Assembly,328.15,37.18,89.29,76.46,39.38,567,green
2025-11-02 20:05:22,quality,Quality Control,201.91,19.52,89.95,47.04,24.23,571,green
2025-11-02 20:05:22,logistics,Logistics,182.43,20.41,89.7,42.51,21.89,569,green
2025-11-02 21:05:22,stamping,Stamping Shop,301.1,71.07,89.44,70.16,36.13,598,green
2025-11-02 21:05:22,body_shop,Body Shop (BIW),553.82,55.53,89.69,129.04,66.46,599,green
2025-11-02 21:05:22,paint,Paint Shop,804.94,194.64,81.66,187.55,96.59,546,green
2025-11-02 21:05:22,assembly,General Assembly,444.96,23.5,86.94,103.68,53.4,581,green
2025-11-02 21:05:22,powertrain,Powertrain Assembly,379.18,37.38,88.17,88.35,45.5,589,green
2025-11-02 21:05:22,quality,Quality Control,231.54,23.28,92.78,53.95,27.78,620,green
2025-11-02 21:05:22,logistics,Logistics,191.86,20.2,88.78,44.7,23.02,593,green
2025-11-02 22:05:22,stamping,Stamping Shop,330.92,63.12,85.46,77.11,39.71,598,green
2025-11-02 22:05:22,body_shop,Body Shop (BIW),551.5,57.01,88.69,128.5,66.18,620,green
2025-11-02 22:05:22,paint,Paint Shop,793.09,166.62,80.51,184.79,95.17,563,green
2025-11-02 22:05:22,assembly,General Assembly,490.24,24.81,87.64,114.23,58.83,613,green
2025-11-02 22:05:22,powertrain,Powertrain Assembly,393.8,33.15,85.87,91.76,47.26,601,green
2025-11-02 22:05:22,quality,Quality Control,227.34,21.81,91.8,52.97,27.28,642,green
2025-11-02 22:05:22,logistics,Logistics,183.18,20.37,93.36,42.68,21.98,653,green
2025-11-02 23:05:22,stamping,Stamping Shop,314.58,65.56,91.1,73.3,37.75,662,green
2025-11-02 23:05:22,body_shop,Body Shop (BIW),584.2,55.73,91.66,136.12,70.1,666,green
2025-11-02 23:05:22,paint,Paint Shop,900.27,186.07,84.93,209.76,108.03,617,green
2025-11-02 23:05:22,assembly,General Assembly,493.34,25.39,85.07,114.95,59.2,618,green
2025-11-02 23:05:22,powertrain,Powertrain Assembly,383.51,34.76,83.67,89.36,46.02,608,green
2025-11-02 23:05:22,quality,Quality Control,212.81,20.93,88.83,49.59,25.54,646,green
2025-11-02 23:05:22,logistics,Logistics,214.39,20.95,90.79,49.95,25.73,660,green
2025-11-03 00:05:22,stamping,Stamping Shop,333.94,61.25,85.04,77.81,40.07,637,green
2025-11-03 00:05:22,body_shop,Body Shop (BIW),1038.295446285804,57.46,82.93,222.65128249276606,73.28,621,red
2025-11-03 00:05:22,paint,Paint Shop,926.64,179.54,83.15,215.91,111.2,623,green
2025-11-03 00:05:22,assembly,General Assembly,521.29,23.5,84.18,121.46,62.56,631,green
2025-11-03 00:05:22,powertrain,Powertrain Assembly,441.98,33.71,87.86,102.98,53.04,658,green
2025-11-03 00:05:22,quality,Quality Control,238.63,22.67,91.37,55.6,28.64,684,green
2025-11-03 00:05:22,logistics,Logistics,212.18,28.151209797350496,90.35,49.44,25.46,677,green
2025-11-03 01:05:22,stamping,Stamping Shop,330.86,64.79,85.38,77.09,39.7,654,green
2025-11-03 01:05:22,body_shop,Body Shop (BIW),660.88,53.32,84.85,153.98,79.31,650,green
2025-11-03 01:05:22,paint,Paint Shop,918.33,180.76,82.66,213.97,110.2,633,green
2025-11-03 01:05:22,assembly,General Assembly,510.49,25.31,85.54,118.95,61.26,655,green
2025-11-03 01:05:22,powertrain,Powertrain Assembly,459.64,36.11,84.89,107.1,55.16,650,green
2025-11-03 01:05:22,quality,Quality Control,231.37,22.66,97.28,53.91,27.76,745,green
2025-11-03 01:05:22,logistics,Logistics,210.72,18.61,92.49,49.1,25.29,708,green
2025-11-03 02:05:22,stamping,Stamping Shop,342.14,61.95,86.69,79.72,41.06,673,green
2025-11-03 02:05:22,body_shop,Body Shop (BIW),566.48,56.41,84.82,131.99,67.98,658,green
2025-11-03 02:05:22,paint,Paint Shop,942.76,173.72,81.72,219.66,113.13,634,green
2025-11-03 02:05:22,assembly,General Assembly,610.8,24.64,86.4,142.32,73.3,670,green
2025-11-03 02:05:22,powertrain,Powertrain Assembly,425.83,34.14,88.0,99.22,51.1,683,green
2025-11-03 02:05:22,quality,Quality Control,253.32,21.9,86.41,59.02,30.4,670,green
2025-11-03 02:05:22,logistics,Logistics,205.73,20.52,72.49389605203694,47.94,24.69,722,red
2025-11-03 03:05:22,stamping,Stamping Shop,364.21,63.45,87.71,84.86,43.71,684,green
2025-11-03 03:05:22,body_shop,Body Shop (BIW),625.15,56.13,86.12,145.66,75.02,671,green
2025-11-03 03:05:22,paint,Paint Shop,855.63,194.5,86.07,199.36,102.68,671,green
2025-11-03 03:05:22,assembly,General Assembly,521.59,25.21,86.72,121.53,62.59,676,green
2025-11-03 03:05:22,powertrain,Powertrain Assembly,366.33,35.4,86.85,85.36,43.96,677,green
2025-11-03 03:05:22,quality,Quality Control,239.0,22.87,90.52,55.69,28.68,706,green
2025-11-03 03:05:22,logistics,Logistics,211.98,19.11,87.78,49.39,25.44,684,green
2025-11-03 04:05:22,stamping,Stamping Shop,315.91,65.66,87.89,73.61,37.91,682,green
2025-11-03 04:05:22,body_shop,Body Shop (BIW),602.76,52.07,86.07,140.44,72.33,668,green
2025-11-03 04:05:22,paint,Paint Shop,980.01,188.45,80.08,228.34,117.6,621,green
2025-11-03 04:05:22,assembly,General Assembly,565.05,25.36,82.65,131.66,67.81,641,green
2025-11-03 04:05:22,powertrain,Powertrain Assembly,393.55,33.57,89.05,91.7,47.23,691,green
2025-11-03 04:05:22,quality,Quality Control,264.75,20.8,94.24,61.69,31.77,731,green
2025-11-03 04:05:22,logistics,Logistics,234.57,19.32,90.74,54.66,28.15,704,green
2025-11-03 05:05:22,stamping,Stamping Shop,344.09,69.05,89.05,80.17,41.29,682,green
2025-11-03 05:05:22,body_shop,Body Shop (BIW),665.39,56.75,87.58,155.04,79.85,671,green
2025-11-03 05:05:22,paint,Paint Shop,902.77,172.16,83.07,210.35,108.33,636,green
2025-11-03 05:05:22,assembly,General Assembly,480.25,23.81,84.57,111.9,57.63,648,green
2025-11-03 05:05:22,powertrain,Powertrain Assembly,417.48,36.24,90.07,97.27,50.1,690,green
2025-11-03 05:05:22,quality,Quality Control,233.16,22.89,90.39,54.33,27.98,692,green
2025-11-03 05:05:22,logistics,Logistics,215.45,20.58,89.75,50.2,25.85,687,green
2025-11-03 06:05:22,stamping,Stamping Shop,326.83,62.83,90.1,76.15,39.22,675,green
2025-11-03 06:05:22,body_shop,Body Shop (BIW),625.71,57.8,91.63,145.79,75.08,686,green
2025-11-03 06:05:22,paint,Paint Shop,969.19,188.72,81.84,225.82,116.3,613,green
2025-11-03 06:05:22,assembly,General Assembly,489.37,25.35,90.15,114.02,58.72,675,green
2025-11-03 06:05:22,powertrain,Powertrain Assembly,403.06,35.56,90.97,93.91,48.37,681,green
2025-11-03 06:05:22,quality,Quality Control,214.29,22.48,92.07,49.93,25.71,690,green
2025-11-03 06:05:22,logistics,Logistics,193.14,19.55,91.29,45.0,23.18,684,green
2025-11-03 07:05:22,stamping,Stamping Shop,375.27,69.53,87.02,87.44,45.03,632,green
2025-11-03 07:05:22,body_shop,Body Shop (BIW),595.0,57.03,85.73,138.64,71.4,623,green
2025-11-03 07:05:22,paint,Paint Shop,787.55,191.02,85.55,183.5,94.51,622,green
2025-11-03 07:05:22,assembly,General Assembly,510.69,25.67,83.73,118.99,61.28,608,green
2025-11-03 07:05:22,powertrain,Powertrain Assembly,394.02,35.19,89.56,91.81,47.28,651,green
2025-11-03 07:05:22,quality,Quality Control,235.35,21.4,90.78,54.84,28.24,660,green
2025-11-03 07:05:22,logistics,Logistics,202.91,18.14,93.74,47.28,24.35,681,green
2025-11-03 08:05:22,stamping,Stamping Shop,304.61,62.71,92.0,70.97,36.55,643,green
2025-11-03 08:05:22,body_shop,Body Shop (BIW),545.68,52.55,89.41,127.14,65.48,625,green
2025-11-03 08:05:22,paint,Paint Shop,844.82,184.24,85.13,196.84,101.38,595,green
2025-11-03 08:05:22,assembly,General Assembly,447.88,27.0,84.96,104.36,53.75,594,green
2025-11-03 08:05:22,powertrain,Powertrain Assembly,396.38,33.24,90.39,92.36,47.57,632,green
2025-11-03 08:05:22,quality,Quality Control,231.94,20.68,93.24,54.04,27.83,652,green
2025-11-03 08:05:22,logistics,Logistics,205.36,19.01,87.44,47.85,24.64,612,green
2025-11-03 09:05:22,stamping,Stamping Shop,313.87,69.7,90.13,73.13,37.66,602,green
2025-11-03 09:05:22,body_shop,Body Shop (BIW),504.28,53.71,87.43,117.5,60.51,584,green
2025-11-03 09:05:22,paint,Paint Shop,786.91,177.96,80.58,183.35,94.43,538,green
2025-11-03 09:05:22,assembly,General Assembly,428.93,25.02,87.17,99.94,51.47,583,green
2025-11-03 09:05:22,powertrain,Powertrain Assembly,367.4,33.8,88.76,85.6,44.09,593,green
2025-11-03 09:05:22,quality,Quality Control,209.45,21.05,93.7,48.8,25.13,626,green
2025-11-03 09:05:22,logistics,Logistics,181.33,19.27,91.39,42.25,21.76,611,green
2025-11-03 10:05:22,stamping,Stamping Shop,277.57,63.89,89.41,64.67,33.31,567,green
2025-11-03 10:05:22,body_shop,Body Shop (BIW),472.34,57.32,88.38,110.05,56.68,561,green
2025-11-03 10:05:22,paint,Paint Shop,704.19,174.03,88.67,164.08,84.5,563,green
2025-11-03 10:05:22,assembly,General Assembly,410.29,24.88,86.81,95.6,49.24,551,green
2025-11-03 10:05:22,powertrain,Powertrain Assembly,362.82,35.01,90.94,84.54,43.54,577,green
2025-11-03 10:05:22,quality,Quality Control,207.98,22.41,92.19,48.46,24.96,585,green
2025-11-03 10:05:22,logistics,Logistics,173.96,19.69,91.74,40.53,20.87,582,green
2025-11-03 11:05:22,stamping,Stamping Shop,138.68,71.15,90.47,32.31,16.64,282,green
2025-11-03 11:05:22,body_shop,Body Shop (BIW),259.36,55.33,84.85,60.43,31.12,265,green
2025-11-03 11:05:22,paint,Paint Shop,357.09,196.52,83.62,83.2,42.85,261,green
2025-11-03 11:05:22,assembly,General Assembly,218.43,24.28,89.75,50.89,26.21,280,green
2025-11-03 11:05:22,powertrain,Powertrain Assembly,181.1,33.28,87.89,42.2,21.73,274,green
2025-11-03 11:05:22,quality,Quality Control,99.26,20.71,94.24,23.13,11.91,294,green
2025-11-03 11:05:22,logistics,Logistics,80.14,18.31,88.89,18.67,9.62,277,green
2025-11-03 12:05:22,stamping,Stamping Shop,165.51,61.42,87.56,38.56,19.86,301,green
2025-11-03 12:05:22,body_shop,Body Shop (BIW),271.05,56.13,89.44,63.16,32.53,307,green
2025-11-03 12:05:22,paint,Paint Shop,413.32,175.46,83.34,96.3,49.6,286,green
2025-11-03 12:05:22,assembly,General Assembly,229.87,25.31,82.89,53.56,27.58,284,green
2025-11-03 12:05:22,powertrain,Powertrain Assembly,179.26,35.46,87.85,41.77,21.51,302,green
2025-11-03 12:05:22,quality,Quality Control,105.93,21.34,94.61,24.68,12.71,325,green
2025-11-03 12:05:22,logistics,Logistics,94.28,20.65,93.46,21.97,11.31,321,green
2025-11-03 13:05:22,stamping,Stamping Shop,265.0,66.83,93.21,61.74,31.8,557,green
2025-11-03 13:05:22,body_shop,Body Shop (BIW),493.35,50.74,84.66,114.95,59.2,506,green
2025-11-03 13:05:22,paint,Paint Shop,750.75,262.26288260201676,81.15,174.92,90.09,485,green
2025-11-03 13:05:22,assembly,General Assembly,429.38,24.19,87.61,100.05,51.53,523,green
2025-11-03 13:05:22,powertrain,Powertrain Assembly,316.34,35.11,87.75,73.71,37.96,524,green
2025-11-03 13:05:22,quality,Quality Control,193.05,21.78,88.58,44.98,23.17,529,green
2025-11-03 13:05:22,logistics,Logistics,160.53,19.35,92.28,37.4,19.26,551,green
2025-11-03 14:05:22,stamping,Stamping Shop,318.31,65.95,86.82,74.17,38.2,598,green
2025-11-03 14:05:22,body_shop,Body Shop (BIW),533.47,60.19,91.37,124.3,64.02,629,green
2025-11-03 14:05:22,paint,Paint Shop,830.55,182.85,81.58,193.52,99.67,562,green
2025-11-03 14:05:22,assembly,General Assembly,510.58,23.3,84.07,118.97,61.27,579,green
2025-11-03 14:05:22,powertrain,Powertrain Assembly,392.11,34.47,90.68,91.36,47.05,624,green
2025-11-03 14:05:22,quality,Quality Control,300.5775388081924,21.13,93.42,64.93585180453564,24.02,643,green
2025-11-03 14:05:22,logistics,Logistics,169.31,20.41,88.98,39.45,20.32,613,green
2025-11-03 15:05:22,stamping,Stamping Shop,231.77,63.82,92.23,54.0,27.81,479,green
2025-11-03 15:05:22,body_shop,Body Shop (BIW),422.95,53.58,88.67,98.55,50.75,460,green
2025-11-03 15:05:22,paint,Paint Shop,660.82,186.24,83.69,153.97,79.3,434,green
2025-11-03 15:05:22,assembly,General Assembly,358.67,26.4,82.98,83.57,43.04,431,green
2025-11-03 15:05:22,powertrain,Powertrain Assembly,275.78,33.93,87.61,64.26,33.09,455,green
2025-11-03 15:05:22,quality,Quality Control,166.05,21.18,92.0,38.69,19.93,477,green
2025-11-03 15:05:22,logistics,Logistics,142.46,21.45,91.52,33.19,17.09,475,green
2025-11-03 16:05:22,stamping,Stamping Shop,252.36,61.8,90.91,58.8,30.28,492,green
2025-11-03 16:05:22,body_shop,Body Shop (BIW),425.62,53.48,86.43,99.17,51.07,467,green
2025-11-03 16:05:22,paint,Paint Shop,648.41,193.49,83.0,151.08,77.81,449,green
2025-11-03 16:05:22,assembly,General Assembly,347.42,25.55,84.63,80.95,41.69,458,green
2025-11-03 16:05:22,powertrain,Powertrain Assembly,261.44,34.89,86.33,60.91,31.37,467,green
2025-11-03 16:05:22,quality,Quality Control,163.89,20.68,93.31,38.19,19.67,505,green
2025-11-03 16:05:22,logistics,Logistics,150.09,20.34,93.95,34.97,18.01,508,green
2025-11-03 17:05:22,stamping,Stamping Shop,230.91,62.18,86.79,53.8,27.71,448,green
2025-11-03 17:05:22,body_shop,Body Shop (BIW),413.66,52.06,88.08,96.38,49.64,455,green
2025-11-03 17:05:22,paint,Paint Shop,604.58,188.05,82.41,140.87,72.55,425,green
2025-11-03 17:05:22,assembly,General Assembly,342.57,23.4,84.32,79.82,41.11,435,green
2025-11-03 17:05:22,powertrain,Powertrain Assembly,268.32,35.83,86.45,62.52,32.2,446,green
2025-11-03 17:05:22,quality,Quality Control,149.69,20.92,91.91,34.88,17.96,474,green
2025-11-03 17:05:22,logistics,Logistics,233.0785286984684,19.11,92.33,59.170028771506686,18.07,477,green
2025-11-03 18:05:22,stamping,Stamping Shop,273.68,61.97,90.93,63.77,32.84,586,green
2025-11-03 18:05:22,body_shop,Body Shop (BIW),506.14,54.52,86.5,117.93,60.74,557,green
2025-11-03 18:05:22,paint,Paint Shop,726.78,189.69,82.87,169.34,87.21,534,green
2025-11-03 18:05:22,assembly,General Assembly,435.24,26.4,87.11,101.41,52.23,561,green
2025-11-03 18:05:22,powertrain,Powertrain Assembly,362.87,35.04,90.84,84.55,43.54,585,green
2025-11-03 18:05:22,quality,Quality Control,207.13,23.29,94.56,48.26,24.86,609,green
2025-11-03 18:05:22,logistics,Logistics,174.76,19.99,89.82,40.72,20.97,579,green
2025-11-03 19:05:22,stamping,Stamping Shop,448.74,70.14,87.76,104.56,53.85,877,green
2025-11-03 19:05:22,body_shop,Body Shop (BIW),820.99,56.48,84.82,191.29,98.52,848,green
2025-11-03 19:05:22,paint,Paint Shop,1227.61,196.03,82.33,286.03,147.31,823,green
2025-11-03 19:05:22,assembly,General Assembly,646.47,24.07,83.17,150.63,77.58,831,green
2025-11-03 19:05:22,powertrain,Powertrain Assembly,555.92,33.86,86.86,129.53,66.71,868,green
2025-11-03 19:05:22,quality,Quality Control,302.33,21.52,91.69,70.44,36.28,916,green
2025-11-03 19:05:22,logistics,Logistics,276.69,21.53,89.55,64.47,33.2,895,green
2025-11-03 20:05:22,stamping,Stamping Shop,448.39,61.9,89.47,104.47,53.81,947,green
2025-11-03 20:05:22,body_shop,Body Shop (BIW),802.51,58.36,89.0,186.99,96.3,942,green
2025-11-03 20:05:22,paint,Paint Shop,1212.84,186.31,81.33,282.59,145.54,860,green
2025-11-03 20:05:22,assembly,General Assembly,690.19,24.94,85.8,160.81,82.82,908,green
2025-11-03 20:05:22,powertrain,Powertrain Assembly,541.82,33.78,85.57,126.24,65.02,905,green
2025-11-03 20:05:22,quality,Quality Control,352.03,22.32,93.18,82.02,42.24,986,green
2025-11-03 20:05:22,logistics,Logistics,314.99,21.01,93.04,73.39,37.8,984,green
2025-11-03 21:05:22,stamping,Stamping Shop,454.09,62.59,87.87,105.8,54.49,979,green
2025-11-03 21:05:22,body_shop,Body Shop (BIW),819.89,55.66,91.27,191.04,98.39,1017,green
2025-11-03 21:05:22,paint,Paint Shop,1325.92,176.98,81.72,308.94,159.11,911,green
2025-11-03 21:05:22,assembly,General Assembly,810.63,26.2,83.12,188.88,97.28,926,amber
2025-11-03 21:05:22,powertrain,Powertrain Assembly,677.48,33.58,87.39,157.85,81.3,974,amber
2025-11-03 21:05:22,quality,Quality Control,362.05,22.62,92.12,84.36,43.45,1026,green
2025-11-03 21:05:22,logistics,Logistics,297.41,20.53,90.33,69.3,35.69,1006,green
2025-11-03 22:05:22,stamping,Stamping Shop,521.61,63.72,85.53,121.53,62.59,997,amber
2025-11-03 22:05:22,body_shop,Body Shop (BIW),877.91,53.12,87.58,204.55,105.35,1021,green
2025-11-03 22:05:22,paint,Paint Shop,1408.58,192.07,82.0,328.2,169.03,956,amber
2025-11-03 22:05:22,assembly,General Assembly,701.38,24.44,88.97,163.42,84.17,1038,green
2025-11-03 22:05:22,powertrain,Powertrain Assembly,577.45,44.33484758014211,85.82,134.55,69.29,1001,green
2025-11-03 22:05:22,quality,Quality Control,363.6,21.31,92.61,84.72,43.63,1080,green
2025-11-03 22:05:22,logistics,Logistics,333.76,20.75,89.77,77.77,40.05,1047,amber
2025-11-03 23:05:22,stamping,Stamping Shop,548.87,70.56,88.5,127.89,65.86,1072,amber
2025-11-03 23:05:22,body_shop,Body Shop (BIW),998.53,56.09,88.87,232.66,119.82,1077,amber
2025-11-03 23:05:22,paint,Paint Shop,1474.7,179.41,80.87,343.61,176.96,980,amber
2025-11-03 23:05:22,assembly,General Assembly,838.07,23.72,86.98,195.27,100.57,1054,amber
2025-11-03 23:05:22,powertrain,Powertrain Assembly,659.99,33.52,88.22,153.78,79.2,1069,amber
2025-11-03 23:05:22,quality,Quality Control,407.73,22.66,96.64,95.0,48.93,1171,red
2025-11-03 23:05:22,logistics,Logistics,343.37,19.07,89.13,80.0,41.2,1080,amber
2025-11-04 00:05:22,stamping,Stamping Shop,572.86,65.56,91.11,133.48,68.74,1138,red
2025-11-04 00:05:22,body_shop,Body Shop (BIW),980.58,53.0,85.4,228.48,117.67,1066,amber
2025-11-04 00:05:22,paint,Paint Shop,1501.08,196.69,84.84,349.75,180.13,1060,red
2025-11-04 00:05:22,assembly,General Assembly,819.52,24.77,83.15,190.95,98.34,1038,amber
2025-11-04 00:05:22,powertrain,Powertrain Assembly,711.5,34.77,89.79,165.78,85.38,1121,red
2025-11-04 00:05:22,quality,Quality Control,372.78,31.156457893885666,89.77,86.86,44.73,1121,amber
2025-11-04 00:05:22,logistics,Logistics,342.25,20.91,94.27,79.74,41.07,1177,amber
2025-11-04 01:05:22,stamping,Stamping Shop,623.89,62.91,85.14,145.37,74.87,1087,red
2025-11-04 01:05:22,body_shop,Body Shop (BIW),963.83,56.37,84.32,224.57,115.66,1076,amber
2025-11-04 01:05:22,paint,Paint Shop,1691.24,194.64,80.26,394.06,202.95,1025,red
2025-11-04 01:05:22,assembly,General Assembly,825.64,25.52,85.45,192.37,99.08,1091,amber
2025-11-04 01:05:22,powertrain,Powertrain Assembly,693.92,33.48,87.59,161.68,83.27,1118,red
2025-11-04 01:05:22,quality,Quality Control,419.49,21.86,95.33,97.74,50.34,1217,red
2025-11-04 01:05:22,logistics,Logistics,347.54,18.69,89.61,80.98,41.71,1144,amber
2025-11-04 02:05:22,stamping,Stamping Shop,565.45,65.5,90.7,131.75,67.85,1173,red
2025-11-04 02:05:22,body_shop,Body Shop (BIW),948.92,55.56,84.56,221.1,113.87,1094,amber
2025-11-04 02:05:22,paint,Paint Shop,1624.07,193.35,87.44,378.41,194.89,1131,red
2025-11-04 02:05:22,assembly,General Assembly,931.18,24.99,85.96,216.96,111.74,1112,red
2025-11-04 02:05:22,powertrain,Powertrain Assembly,716.78,33.56,87.77,167.01,86.01,1135,red
2025-11-04 02:05:22,quality,Quality Control,443.25,20.25,90.37,103.28,53.19,1169,red
2025-11-04 02:05:22,logistics,Logistics,369.85,21.21,90.25,86.17,44.38,1168,red
2025-11-04 03:05:22,stamping,Stamping Shop,583.79,63.98,91.65,136.02,70.05,1191,red
2025-11-04 03:05:22,body_shop,Body Shop (BIW),1071.47,54.83,89.66,249.65,128.58,1165,red
2025-11-04 03:05:22,paint,Paint Shop,1518.28,181.89,82.72,353.76,182.19,1075,red
2025-11-04 03:05:22,assembly,General Assembly,884.28,24.38,85.26,206.04,106.11,1108,red
2025-11-04 03:05:22,powertrain,Powertrain Assembly,780.72,37.11,87.96,181.91,93.69,1143,red
2025-11-04 03:05:22,quality,Quality Control,418.9,21.91,91.93,97.6,50.27,1195,red
2025-11-04 03:05:22,logistics,Logistics,382.54,20.8,93.0,89.13,45.91,1209,red
2025-11-04 04:05:22,stamping,Stamping Shop,580.78,67.33,85.55,135.32,69.69,1107,red
2025-11-04 04:05:22,body_shop,Body Shop (BIW),1022.11,57.76,89.69,238.15,122.65,1160,red
2025-11-04 04:05:22,paint,Paint Shop,1498.02,198.28,83.58,349.04,179.76,1081,amber
2025-11-04 04:05:22,assembly,General Assembly,903.45,24.86,83.45,210.5,108.41,1080,red
2025-11-04 04:05:22,powertrain,Powertrain Assembly,713.32,34.9,86.55,166.2,85.6,1120,red
2025-11-04 04:05:22,quality,Quality Control,421.72,23.16,93.34,98.26,50.61,1208,red
2025-11-04 04:05:22,logistics,Logistics,363.23,19.78,94.56,84.63,43.59,1223,red
2025-11-04 05:05:22,stamping,Stamping Shop,645.2,65.56,94.2,150.33,77.42,1203,red
2025-11-04 05:05:22,body_shop,Body Shop (BIW),1048.54,55.1,86.1,244.31,125.82,1099,red
2025-11-04 05:05:22,paint,Paint Shop,1636.15,204.04,82.41,381.22,196.34,1052,red
2025-11-04 05:05:22,assembly,General Assembly,939.1,25.26,85.48,218.81,112.69,1091,red
2025-11-04 05:05:22,powertrain,Powertrain Assembly,764.74,34.15,89.01,178.18,91.77,1136,red
2025-11-04 05:05:22,quality,Quality Control,405.78,21.83,94.83,94.55,48.69,1211,red
2025-11-04 05:05:22,logistics,Logistics,340.49,18.66,86.28,79.33,40.86,1101,amber
2025-11-04 06:05:22,stamping,Stamping Shop,574.24,61.57,91.23,133.8,68.91,1139,red
2025-11-04 06:05:22,body_shop,Body Shop (BIW),982.72,51.41,85.91,228.97,117.93,1073,amber
2025-11-04 06:05:22,paint,Paint Shop,1505.92,195.71,82.22,350.88,180.71,1027,red
2025-11-04 06:05:22,assembly,General Assembly,822.61,26.16,88.86,191.67,98.71,1110,amber
2025-11-04 06:05:22,powertrain,Powertrain Assembly,1014.5597451578716,34.71,87.47,186.15947025749227,70.12,1092,red
2025-11-04 06:05:22,quality,Quality Control,400.76,22.36,93.65,93.38,48.09,1170,red
2025-11-04 06:05:22,logistics,Logistics,330.16,20.49,90.11,76.93,39.62,1125,amber
2025-11-04 07:05:22,stamping,Stamping Shop,509.28,66.91,88.24,118.66,61.11,1069,green
2025-11-04 07:05:22,body_shop,Body Shop (BIW),1032.96,53.9,88.51,240.68,123.96,1072,red
2025-11-04 07:05:22,paint,Paint Shop,1347.74,181.83,81.92,314.02,161.73,992,green
2025-11-04 07:05:22,assembly,General Assembly,759.68,24.35,86.74,177.01,91.16,1051,green
2025-11-04 07:05:22,powertrain,Powertrain Assembly,630.12,35.6,87.38,146.82,75.61,1059,green
2025-11-04 07:05:22,quality,Quality Control,397.37,22.02,95.95,92.59,47.68,1163,amber
2025-11-04 07:05:22,logistics,Logistics,323.94,20.19,89.09,75.48,38.87,1079,amber
2025-11-04 08:05:22,stamping,Stamping Shop,539.13,63.44,89.81,125.62,64.7,1047,amber
2025-11-04 08:05:22,body_shop,Body Shop (BIW),862.87,53.81,86.22,201.05,103.54,1005,green
2025-11-04 08:05:22,paint,Paint Shop,1345.06,196.36,81.5,313.4,161.41,950,green
2025-11-04 08:05:22,assembly,General Assembly,763.94,26.23,83.63,178.0,91.67,975,green
2025-11-04 08:05:22,powertrain,Powertrain Assembly,602.22,37.37,87.88,140.32,72.27,1025,green
2025-11-04 08:05:22,quality,Quality Control,376.4,23.91,92.52,87.7,45.17,1079,amber
2025-11-04 08:05:22,logistics,Logistics,308.44,21.17,94.2,71.87,37.01,1099,green
2025-11-04 09:05:22,stamping,Stamping Shop,495.71,67.87,86.64,115.5,59.48,965,green
2025-11-04 09:05:22,body_shop,Body Shop (BIW),852.85,57.01,86.27,198.71,102.34,961,green
2025-11-04 09:05:22,paint,Paint Shop,1439.64,192.69,83.26,335.44,172.76,928,amber
2025-11-04 09:05:22,assembly,General Assembly,729.65,25.64,86.68,170.01,87.56,966,green
2025-11-04 09:05:22,powertrain,Powertrain Assembly,573.98,33.95,86.73,133.74,68.88,966,green
2025-11-04 09:05:22,quality,Quality Control,374.31,21.86,97.45,87.21,44.92,1086,amber
2025-11-04 09:05:22,logistics,Logistics,316.11,19.68,87.79,73.65,37.93,978,green
2025-11-04 10:05:22,stamping,Stamping Shop,444.3,61.98,87.18,103.52,53.32,922,green
2025-11-04 10:05:22,body_shop,Body Shop (BIW),829.8,52.23,87.55,193.34,99.58,926,green
2025-11-04 10:05:22,paint,Paint Shop,1135.41,192.74,81.93,264.55,136.25,867,green
2025-11-04 10:05:22,assembly,General Assembly,703.61,25.58,85.52,163.94,84.43,905,green
2025-11-04 10:05:22,powertrain,Powertrain Assembly,577.04,36.63,88.93,134.45,69.24,941,green
2025-11-04 10:05:22,quality,Quality Control,339.27,21.88,90.42,79.05,40.71,957,green
2025-11-04 10:05:22,logistics,Logistics,302.85,19.97,93.25,70.56,36.34,987,green
2025-11-04 11:05:22,stamping,Stamping Shop,297.38,63.08,91.94,69.29,35.69,611,green
2025-11-04 11:05:22,body_shop,Body Shop (BIW),574.21,56.14,88.99,133.79,68.9,591,green
2025-11-04 11:05:22,paint,Paint Shop,755.36,167.51,82.54,176.0,90.64,548,green
2025-11-04 11:05:22,assembly,General Assembly,452.79,24.61,84.44,105.5,54.34,561,green
2025-11-04 11:05:22,powertrain,Powertrain Assembly,339.1,33.98,86.29,79.01,40.69,573,green
2025-11-04 11:05:22,quality,Quality Control,220.57,21.07,92.54,51.39,26.47,615,green
2025-11-04 11:05:22,logistics,Logistics,179.37,19.55,90.52,41.79,21.52,602,green
2025-11-04 12:05:22,stamping,Stamping Shop,225.32,68.5,90.89,52.5,27.04,459,green
2025-11-04 12:05:22,body_shop,Body Shop (BIW),413.61,54.99,86.1,96.37,49.63,435,green
2025-11-04 12:05:22,paint,Paint Shop,975.9765202636235,191.34,79.36,228.4050226504956,69.79,401,green
2025-11-04 12:05:22,assembly,General Assembly,376.58,24.3,88.8,87.74,45.19,449,green
2025-11-04 12:05:22,powertrain,Powertrain Assembly,269.97,33.59,90.96,62.9,32.4,460,green
2025-11-04 12:05:22,quality,Quality Control,149.81,22.45,91.79,34.9,17.98,464,green
2025-11-04 12:05:22,logistics,Logistics,147.64,21.23,96.73,34.4,17.72,489,green
2025-11-04 13:05:22,stamping,Stamping Shop,240.68,66.01,91.11,56.08,28.88,476,green
2025-11-04 13:05:22,body_shop,Body Shop (BIW),440.43,56.02,88.6,102.62,52.85,463,green
2025-11-04 13:05:22,paint,Paint Shop,643.22,186.15,78.24,149.87,77.19,409,green
2025-11-04 13:05:22,assembly,General Assembly,346.16,26.63,80.32,80.66,41.54,419,green
2025-11-04 13:05:22,powertrain,Powertrain Assembly,290.11,32.8,89.59,67.6,34.81,468,green
2025-11-04 13:05:22,quality,Quality Control,163.67,21.37,92.25,38.13,19.64,482,green
2025-11-04 13:05:22,logistics,Logistics,149.6,19.95,91.57,34.86,17.95,478,green
2025-11-04 14:05:22,stamping,Stamping Shop,279.15,62.76,91.75,65.04,33.5,536,green
2025-11-04 14:05:22,body_shop,Body Shop (BIW),468.1,53.32,83.07,109.07,56.17,486,green
2025-11-04 14:05:22,paint,Paint Shop,729.62,186.06,83.17,170.0,87.55,486,green
2025-11-04 14:05:22,assembly,General Assembly,392.7,24.13,82.58,91.5,47.12,483,green
2025-11-04 14:05:22,powertrain,Powertrain Assembly,332.66,36.36,86.15,77.51,39.92,504,green
2025-11-04 14:05:22,quality,Quality Control,195.8,22.29,94.71,45.62,23.5,554,green
2025-11-04 14:05:22,logistics,Logistics,165.71,18.85,92.41,38.61,19.89,540,green
2025-11-04 15:05:22,stamping,Stamping Shop,281.16,65.94,91.78,65.51,33.74,512,green
2025-11-04 15:05:22,body_shop,Body Shop (BIW),417.14,52.93,82.59,97.19,50.06,460,green
2025-11-04 15:05:22,paint,Paint Shop,689.11,191.25,81.8,160.56,82.69,456,green
2025-11-04 15:05:22,assembly,General Assembly,378.7,24.61,83.5,88.24,45.44,466,green
2025-11-04 15:05:22,powertrain,Powertrain Assembly,313.25,36.03,87.39,72.99,37.59,487,green
2025-11-04 15:05:22,quality,Quality Control,165.31,21.96,91.15,38.52,19.84,508,green
2025-11-04 15:05:22,logistics,Logistics,154.68,20.48,89.41,36.04,18.56,499,green
2025-11-04 16:05:22,stamping,Stamping Shop,249.97,66.88,88.99,58.24,30.0,496,green
2025-11-04 16:05:22,body_shop,Body Shop (BIW),476.3,54.39,89.6,110.98,57.16,499,green
2025-11-04 16:05:22,paint,Paint Shop,653.53,193.04,85.0,152.27,78.42,474,green
2025-11-04 16:05:22,assembly,General Assembly,337.78,24.04,85.74,78.7,40.53,478,green
2025-11-04 16:05:22,powertrain,Powertrain Assembly,297.12,34.8,84.62,69.23,35.65,472,green
2025-11-04 16:05:22,quality,Quality Control,168.29,21.64,95.44,39.21,20.19,532,green
2025-11-04 16:05:22,logistics,Logistics,153.81,19.35,92.68,35.84,18.46,517,green
2025-11-04 17:05:22,stamping,Stamping Shop,258.29,68.75,86.87,60.18,31.0,463,green
2025-11-04 17:05:22,body_shop,Body Shop (BIW),461.49,57.45,88.95,107.53,55.38,474,green
2025-11-04 17:05:22,paint,Paint Shop,657.02,186.48,83.34,153.09,78.84,444,green
2025-11-04 17:05:22,assembly,General Assembly,344.14,23.94,89.61,80.18,41.3,478,green
2025-11-04 17:05:22,powertrain,Powertrain Assembly,286.33,35.17,87.6,66.72,34.36,467,green
2025-11-04 17:05:22,quality,Quality Control,157.22,21.41,90.72,36.63,18.87,484,green
2025-11-04 17:05:22,logistics,Logistics,138.66,19.43,90.44,32.31,16.64,482,green
2025-11-04 18:05:22,stamping,Stamping Shop,205.25,66.17,88.43,47.82,24.63,469,green
2025-11-04 18:05:22,body_shop,Body Shop (BIW),440.13,52.31,85.63,102.55,52.82,454,green
2025-11-04 18:05:22,paint,Paint Shop,578.49,191.18,83.99,134.79,69.42,445,green
2025-11-04 18:05:22,assembly,General Assembly,381.79,25.79,86.25,88.96,45.81,457,green
2025-11-04 18:05:22,powertrain,Powertrain Assembly,312.72,35.65,86.41,72.86,37.53,458,green
2025-11-04 18:05:22,quality,Quality Control,170.8,19.77,89.17,39.8,20.5,473,green
2025-11-04 18:05:22,logistics,Logistics,165.0,19.31,89.94,38.45,19.8,477,green
2025-11-04 19:05:22,stamping,Stamping Shop,439.15,65.67,94.43,102.32,52.7,944,green
2025-11-04 19:05:22,body_shop,Body Shop (BIW),792.91,54.68,87.67,184.75,95.15,876,green
2025-11-04 19:05:22,paint,Paint Shop,1139.19,182.27,83.18,265.43,136.7,831,green
2025-11-04 19:05:22,assembly,General Assembly,633.36,25.72,84.87,147.57,76.0,848,green
2025-11-04 19:05:22,powertrain,Powertrain Assembly,549.09,34.12,84.3,127.94,65.89,843,green
2025-11-04 19:05:22,quality,Quality Control,301.03,21.17,91.57,70.14,36.12,915,green
2025-11-04 19:05:22,logistics,Logistics,305.8,19.76,87.26,71.25,36.7,872,green
2025-11-04 20:05:22,stamping,Stamping Shop,495.21,63.79,90.05,115.38,59.43,953,green
2025-11-04 20:05:22,body_shop,Body Shop (BIW),798.63,57.2,88.39,186.08,95.84,935,green
2025-11-04 20:05:22,paint,Paint Shop,1214.5,170.26,82.11,282.98,145.74,869,green
2025-11-04 20:05:22,assembly,General Assembly,737.7,23.77,83.54,171.88,88.52,884,green
2025-11-04 20:05:22,powertrain,Powertrain Assembly,585.19,32.42,87.39,136.35,70.22,925,green
2025-11-04 20:05:22,quality,Quality Control,326.43,22.2,93.03,76.06,39.17,984,green
2025-11-04 20:05:22,logistics,Logistics,302.75,20.73,87.07,70.54,36.33,921,green
2025-11-04 21:05:22,stamping,Stamping Shop,536.51,64.66,86.48,125.01,64.38,964,amber
2025-11-04 21:05:22,body_shop,Body Shop (BIW),829.33,56.73,90.46,193.23,99.52,1008,green
2025-11-04 21:05:22,paint,Paint Shop,1381.01,193.43,88.08,321.77,165.72,981,amber
2025-11-04 21:05:22,assembly,General Assembly,772.29,23.79,85.99,179.94,92.67,958,green
2025-11-04 21:05:22,powertrain,Powertrain Assembly,598.5,34.68,86.2,139.45,71.82,960,green
2025-11-04 21:05:22,quality,Quality Control,344.88,22.01,95.75,80.36,41.39,1067,green
2025-11-04 21:05:22,logistics,Logistics,308.2,19.91,92.38,71.81,36.98,1029,green
2025-11-04 22:05:22,stamping,Stamping Shop,502.1,66.06,88.5,116.99,60.25,1032,green
2025-11-04 22:05:22,body_shop,Body Shop (BIW),861.54,57.25,87.62,200.74,103.38,1022,green
2025-11-04 22:05:22,paint,Paint Shop,1360.31,183.67,83.09,316.95,163.24,969,green
2025-11-04 22:05:22,assembly,General Assembly,838.77,25.99,86.76,195.43,100.65,1012,amber
2025-11-04 22:05:22,powertrain,Powertrain Assembly,609.69,34.85,88.64,142.06,73.16,1034,green
2025-11-04 22:05:22,quality,Quality Control,393.45,21.5,91.41,91.67,47.21,1066,amber
2025-11-04 22:05:22,logistics,Logistics,326.89,18.99,92.86,76.17,39.23,1083,amber
2025-11-04 23:05:22,stamping,Stamping Shop,544.94,68.9,90.38,126.97,65.39,1095,amber
2025-11-04 23:05:22,body_shop,Body Shop (BIW),936.42,51.68,87.66,218.19,112.37,1062,amber
2025-11-04 23:05:22,paint,Paint Shop,1417.64,190.98,84.38,330.31,170.12,1022,amber
2025-11-04 23:05:22,assembly,General Assembly,836.64,25.32,88.09,194.94,100.4,1067,amber
2025-11-04 23:05:22,powertrain,Powertrain Assembly,719.64,35.6,85.28,167.68,86.36,1033,red
2025-11-04 23:05:22,quality,Quality Control,409.19,21.97,94.04,95.34,49.1,1139,red
2025-11-04 23:05:22,logistics,Logistics,351.52,19.29,89.05,81.9,42.18,1079,red
2025-11-05 00:05:22,stamping,Stamping Shop,560.89,60.63,89.93,130.69,67.31,1123,amber
2025-11-05 00:05:22,body_shop,Body Shop (BIW),1100.28,56.18,84.95,256.36,132.03,1061,red
2025-11-05 00:05:22,paint,Paint Shop,1542.37,182.84,85.77,359.37,185.08,1071,red
2025-11-05 00:05:22,assembly,General Assembly,851.1,25.55,84.11,198.31,102.13,1050,red
2025-11-05 00:05:22,powertrain,Powertrain Assembly,706.16,34.55,88.49,164.54,84.74,1105,red
2025-11-05 00:05:22,quality,Quality Control,404.37,22.25,93.82,94.22,48.52,1172,red
2025-11-05 00:05:22,logistics,Logistics,348.18,20.61,90.41,81.13,41.78,1129,amber
2025-11-05 01:05:22,stamping,Stamping Shop,607.95,63.74,89.86,141.65,72.95,1147,red
2025-11-05 01:05:22,body_shop,Body Shop (BIW),1054.24,58.38,84.26,245.64,126.51,1076,red
2025-11-05 01:05:22,paint,Paint Shop,1481.12,190.42,84.25,345.1,177.73,1076,amber
2025-11-05 01:05:22,assembly,General Assembly,870.07,24.02,88.9,202.73,104.41,1135,red
2025-11-05 01:05:22,powertrain,Powertrain Assembly,776.02,36.84,87.79,180.81,93.12,1121,red
2025-11-05 01:05:22,quality,Quality Control,448.89,23.94,95.8,104.59,53.87,1223,red
2025-11-05 01:05:22,logistics,Logistics,391.56,21.75,92.25,91.23,46.99,1178,red
2025-11-05 02:05:22,stamping,Stamping Shop,598.31,64.35,89.41,139.41,71.8,1157,red
2025-11-05 02:05:22,body_shop,Body Shop (BIW),1029.13,59.4,87.27,239.79,123.5,1129,red
2025-11-05 02:05:22,paint,Paint Shop,1506.69,184.33,79.68,351.06,180.8,1031,red
2025-11-05 02:05:22,assembly,General Assembly,880.07,24.73,82.52,205.06,105.61,1068,red
2025-11-05 02:05:22,powertrain,Powertrain Assembly,663.26,37.68,88.0,154.54,79.59,1138,amber
2025-11-05 02:05:22,quality,Quality Control,369.37,21.48,87.44,86.06,44.32,1131,amber
2025-11-05 02:05:22,logistics,Logistics,388.98,20.51,91.69,90.63,46.68,1186,red
2025-11-05 03:05:22,stamping,Stamping Shop,580.96,61.75,89.76,135.36,69.72,1166,red
2025-11-05 03:05:22,body_shop,Body Shop (BIW),1012.68,54.68,86.11,235.95,121.52,1119,red
2025-11-05 03:05:22,paint,Paint Shop,1747.05,181.8,84.95,407.06,209.65,1104,red
2025-11-05 03:05:22,assembly,General Assembly,909.88,26.53,87.45,212.0,109.19,1136,red
2025-11-05 03:05:22,powertrain,Powertrain Assembly,693.26,35.92,89.69,161.53,83.19,1165,red
2025-11-05 03:05:22,quality,Quality Control,451.14,21.5,91.16,105.11,54.14,1185,red
2025-11-05 03:05:22,logistics,Logistics,375.95,20.33,88.58,87.6,45.11,1151,red
2025-11-05 04:05:22,stamping,Stamping Shop,589.03,66.82,91.38,137.24,70.68,1182,red
2025-11-05 04:05:22,body_shop,Body Shop (BIW),1054.48,57.69,88.03,245.69,126.54,1139,red
2025-11-05 04:05:22,paint,Paint Shop,1506.73,187.88,82.81,351.07,180.81,1071,red
2025-11-05 04:05:22,assembly,General Assembly,927.29,24.86,84.69,216.06,111.27,1096,red
2025-11-05 04:05:22,powertrain,Powertrain Assembly,657.71,36.23,91.13,153.25,78.93,1179,amber
2025-11-05 04:05:22,quality,Quality Control,414.25,21.4,95.33,96.52,49.71,1233,red
2025-11-05 04:05:22,logistics,Logistics,355.32,20.93,88.41,82.79,42.64,1144,red
2025-11-05 05:05:22,stamping,Stamping Shop,579.74,63.78,91.38,135.08,69.57,1167,red
2025-11-05 05:05:22,body_shop,Body Shop (BIW),974.33,51.48,84.99,227.02,116.92,1085,amber
2025-11-05 05:05:22,paint,Paint Shop,1468.54,202.12,83.67,342.17,176.22,1068,amber
2025-11-05 05:05:22,assembly,General Assembly,856.37,24.51,83.8,199.53,102.76,1070,red
2025-11-05 05:05:22,powertrain,Powertrain Assembly,729.67,35.72,84.4,170.01,87.56,1077,red
2025-11-05 05:05:22,quality,Quality Control,399.09,23.12,89.72,92.99,47.89,1145,amber
2025-11-05 05:05:22,logistics,Logistics,371.16,19.56,89.94,86.48,44.54,1148,red
2025-11-05 06:05:22,stamping,Stamping Shop,567.95,66.21,92.19,132.33,68.15,1151,red
2025-11-05 06:05:22,body_shop,Body Shop (BIW),947.18,58.27,86.41,220.69,113.66,1079,amber
2025-11-05 06:05:22,paint,Paint Shop,1478.4,184.91,80.99,344.47,177.41,1011,amber
2025-11-05 06:05:22,assembly,General Assembly,856.34,26.04,85.97,199.53,102.76,1074,red
2025-11-05 06:05:22,powertrain,Powertrain Assembly,672.27,33.97,86.19,156.64,80.67,1076,amber
2025-11-05 06:05:22,quality,Quality Control,380.04,21.28,91.94,88.55,45.6,1148,amber
2025-11-05 06:05:22,logistics,Logistics,370.24,19.76,90.0,86.27,44.43,1124,red
2025-11-05 07:05:22,stamping,Stamping Shop,565.42,68.45,88.72,131.74,67.85,1075,red
2025-11-05 07:05:22,body_shop,Body Shop (BIW),1011.91,53.27,88.76,235.77,121.43,1075,red
2025-11-05 07:05:22,paint,Paint Shop,1601.43,169.72,83.24,373.13,192.17,1008,red
2025-11-05 07:05:22,assembly,General Assembly,834.7,26.52,82.1,194.48,100.16,995,amber
2025-11-05 07:05:22,powertrain,Powertrain Assembly,649.0,34.45,90.22,151.22,77.88,1093,amber
2025-11-05 07:05:22,quality,Quality Control,346.06,21.6,95.47,80.63,41.53,1157,green
2025-11-05 07:05:22,logistics,Logistics,356.5,18.82,87.18,83.06,42.78,1056,red
2025-11-05 08:05:22,stamping,Stamping Shop,525.23,80.39680869067939,92.64,122.38,63.03,1080,amber
2025-11-05 08:05:22,body_shop,Body Shop (BIW),969.52,56.55,89.6,225.9,116.34,1045,amber
2025-11-05 08:05:22,paint,Paint Shop,1490.96,177.09,83.56,347.39,178.91,974,amber
2025-11-05 08:05:22,assembly,General Assembly,772.51,25.46,86.0,179.99,92.7,1003,green
2025-11-05 08:05:22,powertrain,Powertrain Assembly,637.83,34.71,90.11,148.61,76.54,1051,amber
2025-11-05 08:05:22,quality,Quality Control,388.4,22.94,94.9,90.5,46.61,1107,amber
2025-11-05 08:05:22,logistics,Logistics,321.81,18.89,92.73,74.98,38.62,1081,green
2025-11-05 09:05:22,stamping,Stamping Shop,491.17,66.5,89.17,114.44,58.94,994,green
2025-11-05 09:05:22,body_shop,Body Shop (BIW),901.39,57.08,85.74,210.02,108.17,955,green
2025-11-05 09:05:22,paint,Paint Shop,1318.63,177.45,83.61,307.24,158.24,932,green
2025-11-05 09:05:22,assembly,General Assembly,825.45,25.58,85.63,192.33,99.05,954,amber
2025-11-05 09:05:22,powertrain,Powertrain Assembly,601.06,34.99,89.0,140.05,72.13,992,green
2025-11-05 09:05:22,quality,Quality Control,390.52,21.41,94.99,90.99,46.86,1058,amber
2025-11-05 09:05:22,logistics,Logistics,320.45,20.77,87.87,74.66,38.45,979,green
2025-11-05 10:05:22,stamping,Stamping Shop,477.94,65.99,92.17,111.36,57.35,975,green
2025-11-05 10:05:22,body_shop,Body Shop (BIW),784.58,54.81,88.02,182.81,94.15,931,green
2025-11-05 10:05:22,paint,Paint Shop,1251.67,172.6,82.22,291.64,150.2,870,green
2025-11-05 10:05:22,assembly,General Assembly,695.14,26.7,84.55,161.97,83.42,894,green
2025-11-05 10:05:22,powertrain,Powertrain Assembly,584.71,36.01,87.03,136.24,70.17,921,green
2025-11-05 10:05:22,quality,Quality Control,346.98,21.58,89.95,80.85,41.64,952,green
2025-11-05 10:05:22,logistics,Logistics,302.11,20.74,93.76,70.39,36.25,992,green
2025-11-05 11:05:22,stamping,Stamping Shop,315.23,64.86,85.1,73.45,37.83,577,green
2025-11-05 11:05:22,body_shop,Body Shop (BIW),550.49,51.92,90.75,128.26,66.06,616,green
2025-11-05 11:05:22,paint,Paint Shop,868.15,186.46,83.0,202.28,104.18,563,green
2025-11-05 11:05:22,assembly,General Assembly,456.88,26.58,89.97,106.45,54.83,610,green
2025-11-05 11:05:22,powertrain,Powertrain Assembly,353.87,34.66,85.88,82.45,42.46,582,green
2025-11-05 11:05:22,quality,Quality Control,210.63,21.83,94.67,49.08,25.28,642,green
2025-11-05 11:05:22,logistics,Logistics,176.31,18.37,87.94,41.08,21.16,596,green
2025-11-05 12:05:22,stamping,Stamping Shop,302.64,59.15,90.55,70.52,36.32,605,green
2025-11-05 12:05:22,body_shop,Body Shop (BIW),537.44,50.31,89.64,125.22,64.49,598,green
2025-11-05 12:05:22,paint,Paint Shop,803.28,190.33,85.35,187.16,96.39,570,green
2025-11-05 12:05:22,assembly,General Assembly,436.9,25.3,85.0,101.8,52.43,567,green
2025-11-05 12:05:22,powertrain,Powertrain Assembly,364.05,36.5,87.96,84.82,43.69,587,green
2025-11-05 12:05:22,quality,Quality Control,200.49,20.75,94.63,46.72,24.06,632,green
2025-11-05 12:05:22,logistics,Logistics,193.06,18.74,91.39,44.98,23.17,610,green
2025-11-05 13:05:22,stamping,Stamping Shop,247.25,61.5,89.51,57.61,29.67,491,green
2025-11-05 13:05:22,body_shop,Body Shop (BIW),475.71,53.19,85.61,110.84,57.09,470,green
2025-11-05 13:05:22,paint,Paint Shop,668.04,185.01,80.3,155.65,80.16,440,green
2025-11-05 13:05:22,assembly,General Assembly,384.09,24.82,85.79,89.49,46.09,471,green
2025-11-05 13:05:22,powertrain,Powertrain Assembly,289.25,34.29,87.83,67.39,34.71,482,green
2025-11-05 13:05:22,quality,Quality Control,192.26,20.37,92.77,44.8,23.07,509,green
2025-11-05 13:05:22,logistics,Logistics,158.52,19.83,91.32,36.94,19.02,501,green
2025-11-05 14:05:22,stamping,Stamping Shop,218.74,63.21,88.22,50.97,26.25,458,green
2025-11-05 14:05:22,body_shop,Body Shop (BIW),386.62,57.08,87.49,90.08,46.39,454,green
2025-11-05 14:05:22,paint,Paint Shop,674.81,191.48,79.64,157.23,80.98,413,green
2025-11-05 14:05:22,assembly,General Assembly,383.78,24.27,86.22,89.42,46.05,447,green
2025-11-05 14:05:22,powertrain,Powertrain Assembly,272.27,34.66,88.39,63.44,32.67,459,green
2025-11-05 14:05:22,quality,Quality Control,175.99,22.17,93.14,41.0,21.12,483,green
2025-11-05 14:05:22,logistics,Logistics,146.77,20.24,94.19,34.2,17.61,489,green
2025-11-05 15:05:22,stamping,Stamping Shop,284.57,63.38,92.44,66.3,34.15,571,green
2025-11-05 15:05:22,body_shop,Body Shop (BIW),481.81,54.91,85.01,112.26,57.82,525,green
2025-11-05 15:05:22,paint,Paint Shop,696.69,165.92,85.25,162.33,83.6,526,green
2025-11-05 15:05:22,assembly,General Assembly,368.1,26.01,88.36,85.77,44.17,546,green
2025-11-05 15:05:22,powertrain,Powertrain Assembly,355.75,35.18,82.93,82.89,42.69,512,green
2025-11-05 15:05:22,quality,Quality Control,197.13,23.22,94.29,45.93,23.66,582,green
2025-11-05 15:05:22,logistics,Logistics,172.41,21.8,86.64,40.17,20.69,535,green
2025-11-05 16:05:22,stamping,Stamping Shop,290.92,65.1,87.03,67.78,34.91,567,green
2025-11-05 16:05:22,body_shop,Body Shop (BIW),480.33,54.63,84.65,111.92,57.64,551,green
2025-11-05 16:05:22,paint,Paint Shop,753.11,179.53,83.93,175.48,90.37,547,green
2025-11-05 16:05:22,assembly,General Assembly,428.33,27.28,84.44,99.8,51.4,550,green
2025-11-05 16:05:22,powertrain,Powertrain Assembly,376.6,33.72,87.36,87.75,45.19,569,green
2025-11-05 16:05:22,quality,Quality Control,200.05,23.29,92.12,46.61,24.01,600,green
2025-11-05 16:05:22,logistics,Logistics,181.47,19.27,92.43,42.28,21.78,602,green
2025-11-05 17:05:22,stamping,Stamping Shop,299.6,66.29,87.83,69.81,35.95,585,green
2025-11-05 17:05:22,body_shop,Body Shop (BIW),525.4,55.67,87.71,122.42,63.05,584,green
2025-11-05 17:05:22,paint,Paint Shop,845.18,175.13,83.82,196.93,101.42,558,green
2025-11-05 17:05:22,assembly,General Assembly,473.05,25.37,85.17,110.22,56.77,567,green
2025-11-05 17:05:22,powertrain,Powertrain Assembly,354.53,34.42,89.17,82.6,42.54,594,green
2025-11-05 17:05:22,quality,Quality Control,197.82,21.77,93.57,46.09,23.74,623,green
2025-11-05 17:05:22,logistics,Logistics,187.85,21.36,91.47,43.77,22.54,609,green
2025-11-05 18:05:22,stamping,Stamping Shop,240.16,64.69,86.31,55.96,28.82,477,green
2025-11-05 18:05:22,body_shop,Body Shop (BIW),466.52,61.09,84.81,108.7,55.98,469,green
2025-11-05 18:05:22,paint,Paint Shop,682.36,179.92,83.7,158.99,81.88,463,green
2025-11-05 18:05:22,assembly,General Assembly,390.94,25.34,88.43,91.09,46.91,489,green
2025-11-05 18:05:22,powertrain,Powertrain Assembly,324.89,34.22,89.14,75.7,38.99,493,green
2025-11-05 18:05:22,quality,Quality Control,166.63,21.65,92.73,38.83,20.0,513,green
2025-11-05 18:05:22,logistics,Logistics,142.43,18.94,91.99,33.19,17.09,509,green
2025-11-05 19:05:22,stamping,Stamping Shop,445.99,68.81,90.09,103.92,53.52,900,green
2025-11-05 19:05:22,body_shop,Body Shop (BIW),809.78,56.28,67.79693163720282,188.68,97.17,858,red
2025-11-05 19:05:22,paint,Paint Shop,1175.04,195.96,78.9,273.78,141.0,789,green
2025-11-05 19:05:22,assembly,General Assembly,677.67,26.29,86.98,157.9,81.32,869,green
2025-11-05 19:05:22,powertrain,Powertrain Assembly,549.89,33.6,87.19,128.12,65.99,871,green
2025-11-05 19:05:22,quality,Quality Control,320.97,24.31,91.92,74.79,38.52,919,green
2025-11-05 19:05:22,logistics,Logistics,292.38,19.53,85.33,68.12,35.09,853,green
2025-11-05 20:05:22,stamping,Stamping Shop,449.61,63.4,89.32,104.76,53.95,945,green
2025-11-05 20:05:22,body_shop,Body Shop (BIW),881.96,56.12,86.8,205.5,105.84,918,green
2025-11-05 20:05:22,paint,Paint Shop,1272.71,185.62,84.31,296.54,152.73,892,green
2025-11-05 20:05:22,assembly,General Assembly,751.51,35.1900233640213,84.83,175.1,90.18,897,green
2025-11-05 20:05:22,powertrain,Powertrain Assembly,609.59,33.29,85.8,142.04,73.15,908,green
2025-11-05 20:05:22,quality,Quality Control,349.43,23.08,92.2,81.42,41.93,975,green
2025-11-05 20:05:22,logistics,Logistics,312.48,21.04,92.99,72.81,37.5,984,green
2025-11-05 21:05:22,stamping,Stamping Shop,546.52,63.41,91.53,127.34,65.58,1020,amber
2025-11-05 21:05:22,body_shop,Body Shop (BIW),853.73,56.07,86.94,198.92,102.45,969,green
2025-11-05 21:05:22,paint,Paint Shop,1328.59,181.49,81.6,309.56,159.43,909,green
2025-11-05 21:05:22,assembly,General Assembly,739.04,23.71,83.39,172.2,88.69,929,green
2025-11-05 21:05:22,powertrain,Powertrain Assembly,607.01,36.27,87.17,141.43,72.84,971,green
2025-11-05 21:05:22,quality,Quality Control,381.08,22.58,88.94,88.79,45.73,991,amber
2025-11-05 21:05:22,logistics,Logistics,301.15,18.43,89.78,70.17,36.14,1000,green
2025-11-05 22:05:22,stamping,Stamping Shop,536.96,63.23,92.9,125.11,64.44,1083,amber
2025-11-05 22:05:22,body_shop,Body Shop (BIW),979.99,54.58,88.98,228.34,117.6,1038,amber
2025-11-05 22:05:22,paint,Paint Shop,1469.53,195.06,81.74,342.4,176.34,953,amber
2025-11-05 22:05:22,assembly,General Assembly,769.83,23.43,86.15,179.37,92.38,1005,green
2025-11-05 22:05:22,powertrain,Powertrain Assembly,627.72,37.93,88.02,146.26,75.33,1026,green
2025-11-05 22:05:22,quality,Quality Control,358.4,19.94,91.52,83.51,43.01,1067,green
2025-11-05 22:05:22,logistics,Logistics,344.16,19.54,92.88,80.19,41.3,1083,amber
2025-11-05 23:05:22,stamping,Stamping Shop,507.78,63.16,88.63,118.31,60.93,1074,green
2025-11-05 23:05:22,body_shop,Body Shop (BIW),968.79,55.54,87.09,225.73,116.25,1055,amber
2025-11-05 23:05:22,paint,Paint Shop,1554.13,205.89,85.3,362.11,186.5,1034,red
2025-11-05 23:05:22,assembly,General Assembly,784.75,24.78,85.98,182.85,94.17,1042,amber
2025-11-05 23:05:22,powertrain,Powertrain Assembly,708.03,32.91,88.21,164.97,84.96,1069,red
2025-11-05 23:05:22,quality,Quality Control,381.96,23.58,90.47,89.0,45.84,1096,amber
2025-11-05 23:05:22,logistics,Logistics,342.83,19.55,91.8,79.88,41.14,1112,amber
2025-11-06 00:05:22,stamping,Stamping Shop,547.64,63.61,87.42,127.6,65.72,1092,amber
2025-11-06 00:05:22,body_shop,Body Shop (BIW),1088.81,52.34,89.92,253.69,130.66,1123,red
2025-11-06 00:05:22,paint,Paint Shop,1373.12,174.35,82.01,319.94,164.77,1024,green
2025-11-06 00:05:22,assembly,General Assembly,918.87,24.08,82.3,214.1,110.26,1028,red
2025-11-06 00:05:22,powertrain,Powertrain Assembly,709.62,34.56,86.66,165.34,85.15,1082,red
2025-11-06 00:05:22,quality,Quality Control,386.13,21.71,91.89,89.97,46.34,1148,amber
2025-11-06 00:05:22,logistics,Logistics,328.29,20.41,91.75,76.49,39.39,1146,amber
2025-11-06 01:05:22,stamping,Stamping Shop,614.71,64.9,87.06,143.23,73.76,1111,red
2025-11-06 01:05:22,body_shop,Body Shop (BIW),999.48,54.44,89.76,232.88,119.94,1146,amber
2025-11-06 01:05:22,paint,Paint Shop,1497.3,196.94,85.58,348.87,179.68,1092,amber
2025-11-06 01:05:22,assembly,General Assembly,800.12,24.84,86.29,186.43,96.01,1102,amber
2025-11-06 01:05:22,powertrain,Powertrain Assembly,652.94,36.62,87.11,152.13,78.35,1112,amber
2025-11-06 01:05:22,quality,Quality Control,405.88,20.99,94.14,94.57,48.71,1202,red
2025-11-06 01:05:22,logistics,Logistics,349.64,18.23,91.14,81.47,41.96,1164,amber
2025-11-06 02:05:22,stamping,Stamping Shop,579.57,63.84,93.94,135.04,69.55,1215,red
2025-11-06 02:05:22,body_shop,Body Shop (BIW),1077.0,54.95,84.05,250.94,129.24,1087,red
2025-11-06 02:05:22,paint,Paint Shop,1545.6,181.19,79.7,360.13,185.47,1031,red
2025-11-06 02:05:22,assembly,General Assembly,965.85,24.93,85.37,225.04,115.9,1104,red
2025-11-06 02:05:22,powertrain,Powertrain Assembly,787.68,35.19,86.12,183.53,94.52,1114,red
2025-11-06 02:05:22,quality,Quality Control,428.7,21.23,88.54,99.89,51.44,1145,red
2025-11-06 02:05:22,logistics,Logistics,350.57,20.84,92.88,81.68,42.07,1202,red
2025-11-06 03:05:22,stamping,Stamping Shop,545.69,62.51,87.55,127.15,65.48,1138,amber
2025-11-06 03:05:22,body_shop,Body Shop (BIW),1032.74,55.16,81.18,240.63,123.93,1055,red
2025-11-06 03:05:22,paint,Paint Shop,1511.62,176.58,81.89,352.21,181.39,1064,red
2025-11-06 03:05:22,assembly,General Assembly,884.54,25.41,86.5,206.1,106.14,1124,red
2025-11-06 03:05:22,powertrain,Powertrain Assembly,725.03,34.15,89.49,168.93,87.0,1163,red
2025-11-06 03:05:22,quality,Quality Control,402.43,22.43,93.48,93.77,48.29,1215,red
2025-11-06 03:05:22,logistics,Logistics,373.72,18.8,88.65,87.08,44.85,1152,red
2025-11-06 04:05:22,stamping,Stamping Shop,568.39,68.42,90.38,132.43,68.21,1169,red
2025-11-06 04:05:22,body_shop,Body Shop (BIW),1063.22,52.47,87.28,247.73,127.59,1129,red
2025-11-06 04:05:22,paint,Paint Shop,1542.62,188.79,81.03,359.43,185.11,1048,red
2025-11-06 04:05:22,assembly,General Assembly,944.11,23.29,83.86,219.98,113.29,1085,red
2025-11-06 04:05:22,powertrain,Powertrain Assembly,642.27,32.78,87.38,149.65,77.07,1130,amber
2025-11-06 04:05:22,quality,Quality Control,435.09,21.67,92.65,101.38,52.21,1199,red
2025-11-06 04:05:22,logistics,Logistics,325.94,19.6,92.38,75.94,39.11,1195,amber
2025-11-06 05:05:22,stamping,Stamping Shop,532.78,66.11,83.88,124.14,63.93,1071,amber
2025-11-06 05:05:22,body_shop,Body Shop (BIW),1072.58,51.72,84.76,249.91,128.71,1082,red
2025-11-06 05:05:22,paint,Paint Shop,1508.53,187.57,83.01,351.49,181.02,1060,red
2025-11-06 05:05:22,assembly,General Assembly,884.2,26.17,90.92,206.02,106.1,1161,red
2025-11-06 05:05:22,powertrain,Powertrain Assembly,687.35,36.13,87.87,160.15,82.48,1122,amber
2025-11-06 05:05:22,quality,Quality Control,414.53,22.39,93.01,96.58,49.74,1187,red
2025-11-06 05:05:22,logistics,Logistics,365.65,20.26,89.96,85.2,43.88,1148,red
2025-11-06 06:05:22,stamping,Stamping Shop,581.99,65.73,90.5,135.6,69.84,1130,red
2025-11-06 06:05:22,body_shop,Body Shop (BIW),926.16,56.58,80.81,215.8,111.14,1009,amber
2025-11-06 06:05:22,paint,Paint Shop,1563.37,173.08,81.94,364.27,187.6,1023,red
2025-11-06 06:05:22,assembly,General Assembly,884.05,24.06,86.2,205.98,106.09,1077,red
2025-11-06 06:05:22,powertrain,Powertrain Assembly,701.14,37.05,87.6,163.37,84.14,1094,red
2025-11-06 06:05:22,quality,Quality Control,394.44,28.39645526689828,94.52,91.9,47.33,1180,amber
2025-11-06 06:05:22,logistics,Logistics,329.31,20.22,91.6,76.73,39.52,1144,amber
2025-11-06 07:05:22,stamping,Stamping Shop,533.57,65.97,94.42,124.32,64.03,1144,amber
2025-11-06 07:05:22,body_shop,Body Shop (BIW),945.56,58.12,88.91,220.32,113.47,1077,amber
2025-11-06 07:05:22,paint,Paint Shop,1485.62,185.58,82.98,346.15,178.27,1005,amber
2025-11-06 07:05:22,assembly,General Assembly,806.65,24.66,83.95,187.95,96.8,1017,amber
2025-11-06 07:05:22,powertrain,Powertrain Assembly,649.34,35.28,88.75,151.3,77.92,1075,amber
2025-11-06 07:05:22,quality,Quality Control,421.27,20.83,92.26,98.16,50.55,1118,red
2025-11-06 07:05:22,logistics,Logistics,344.52,21.36,92.37,80.27,41.34,1119,amber
2025-11-06 08:05:22,stamping,Stamping Shop,467.4,69.78,90.0,108.9,56.09,1049,green
2025-11-06 08:05:22,body_shop,Body Shop (BIW),933.1,58.76,84.9,217.41,111.97,990,amber
2025-11-06 08:05:22,paint,Paint Shop,1543.66,179.79,82.78,359.67,185.24,965,red
2025-11-06 08:05:22,assembly,General Assembly,831.05,25.69,82.62,193.63,99.73,963,amber
2025-11-06 08:05:22,powertrain,Powertrain Assembly,609.71,37.48,91.57,142.06,73.17,1068,green
2025-11-06 08:05:22,quality,Quality Control,383.89,23.15,91.91,89.45,46.07,1072,amber
2025-11-06 08:05:22,logistics,Logistics,347.11,18.69,95.66,80.88,41.65,1116,amber
2025-11-06 09:05:22,stamping,Stamping Shop,509.34,65.98,89.07,118.68,61.12,992,green
2025-11-06 09:05:22,body_shop,Body Shop (BIW),886.68,56.06,87.18,206.6,106.4,971,green
2025-11-06 09:05:22,paint,Paint Shop,1271.14,197.74,81.08,296.18,152.54,903,green
2025-11-06 09:05:22,assembly,General Assembly,756.34,26.22,85.59,176.23,90.76,954,green
2025-11-06 09:05:22,powertrain,Powertrain Assembly,605.66,35.36,85.65,141.12,72.68,954,green
2025-11-06 09:05:22,quality,Quality Control,394.69,21.55,91.19,91.96,47.36,1016,amber
2025-11-06 09:05:22,logistics,Logistics,316.57,21.17,92.16,73.76,37.99,1027,green
2025-11-06 10:05:22,stamping,Stamping Shop,473.45,65.27,90.73,110.31,56.81,960,green
2025-11-06 10:05:22,body_shop,Body Shop (BIW),924.79,52.69,83.45,215.48,110.98,883,amber
2025-11-06 10:05:22,paint,Paint Shop,1304.28,166.48,82.36,303.9,156.51,871,green
2025-11-06 10:05:22,assembly,General Assembly,747.2,23.94,87.0,174.1,89.66,920,green
2025-11-06 10:05:22,powertrain,Powertrain Assembly,595.15,34.87,82.74,138.67,71.42,875,green
2025-11-06 10:05:22,quality,Quality Control,371.61,22.48,93.71,86.59,44.59,991,amber
2025-11-06 10:05:22,logistics,Logistics,294.64,20.09,90.76,68.65,35.36,960,green
2025-11-06 11:05:22,stamping,Stamping Shop,276.88,67.06,91.57,64.51,33.23,579,green
2025-11-06 11:05:22,body_shop,Body Shop (BIW),492.94,55.7,89.9,114.86,59.15,569,green
2025-11-06 11:05:22,paint,Paint Shop,729.33,199.72,81.57,169.93,87.52,516,green
2025-11-06 11:05:22,assembly,General Assembly,437.35,25.98,85.63,101.9,52.48,542,green
2025-11-06 11:05:22,powertrain,Powertrain Assembly,362.57,33.77,88.88,84.48,43.51,562,green
2025-11-06 11:05:22,quality,Quality Control,213.24,20.94,89.26,49.68,25.59,565,green
2025-11-06 11:05:22,logistics,Logistics,166.86,20.75,87.72,38.88,20.02,555,green
2025-11-06 12:05:22,stamping,Stamping Shop,264.24,61.82,95.79,61.57,31.71,543,green
2025-11-06 12:05:22,body_shop,Body Shop (BIW),450.06,53.83,91.15,104.86,54.01,516,green
2025-11-06 12:05:22,paint,Paint Shop,672.04,198.05,79.68,156.58,80.64,451,green
2025-11-06 12:05:22,assembly,General Assembly,378.38,28.02,84.91,88.16,45.41,481,green
2025-11-06 12:05:22,powertrain,Powertrain Assembly,303.7,33.07,86.61,70.76,36.44,491,green
2025-11-06 12:05:22,quality,Quality Control,187.93,20.97,91.31,43.79,22.55,517,green
2025-11-06 12:05:22,logistics,Logistics,173.05,20.18,91.69,40.32,20.77,519,green
2025-11-06 13:05:22,stamping,Stamping Shop,267.68,67.68,90.22,62.37,32.12,568,green
2025-11-06 13:05:22,body_shop,Body Shop (BIW),547.85,54.67,86.13,127.65,65.74,542,green
2025-11-06 13:05:22,paint,Paint Shop,762.66,186.61,84.64,177.7,91.52,533,green
2025-11-06 13:05:22,assembly,General Assembly,445.78,26.14,88.36,103.87,53.49,556,green
2025-11-06 13:05:22,powertrain,Powertrain Assembly,318.17,36.08,84.75,74.13,38.18,534,green
2025-11-06 13:05:22,quality,Quality Control,185.66,21.96,92.42,43.26,22.28,582,green
2025-11-06 13:05:22,logistics,Logistics,171.74,20.27,87.2,40.01,20.61,549,green
2025-11-06 14:05:22,stamping,Stamping Shop,238.27,68.04,89.78,55.52,28.59,466,green
2025-11-06 14:05:22,body_shop,Body Shop (BIW),440.06,57.83,83.79,102.53,52.81,435,green
2025-11-06 14:05:22,paint,Paint Shop,630.17,192.13,85.41,146.83,75.62,443,green
2025-11-06 14:05:22,assembly,General Assembly,373.24,24.36,90.92,86.96,44.79,472,green
2025-11-06 14:05:22,powertrain,Powertrain Assembly,291.47,42.87016671521358,88.0,67.91,34.98,457,green
2025-11-06 14:05:22,quality,Quality Control,156.81,22.03,94.19,36.54,18.82,489,green
2025-11-06 14:05:22,logistics,Logistics,154.52,20.34,91.98,36.0,18.54,478,green
2025-11-06 15:05:22,stamping,Stamping Shop,316.52,63.66,86.93,73.75,37.98,592,green
2025-11-06 15:05:22,body_shop,Body Shop (BIW),479.04,54.14,88.98,111.62,57.48,606,green
2025-11-06 15:05:22,paint,Paint Shop,843.22,183.25,81.61,196.47,101.19,556,green
2025-11-06 15:05:22,assembly,General Assembly,452.34,24.71,84.53,105.39,54.28,575,green
2025-11-06 15:05:22,powertrain,Powertrain Assembly,359.62,33.4,87.9,83.79,43.15,598,green
2025-11-06 15:05:22,quality,Quality Control,230.79,22.59,92.94,53.77,27.69,633,green
2025-11-06 15:05:22,logistics,Logistics,199.3,19.32,94.21,46.44,23.92,641,green
2025-11-06 16:05:22,stamping,Stamping Shop,274.83,66.66,87.69,64.03,32.98,522,green
2025-11-06 16:05:22,body_shop,Body Shop (BIW),482.1,56.67,88.47,112.33,57.85,526,green
2025-11-06 16:05:22,paint,Paint Shop,700.79,178.53,82.34,163.28,84.09,490,green
2025-11-06 16:05:22,assembly,General Assembly,419.08,27.39,83.99,97.64,50.29,500,green
2025-11-06 16:05:22,powertrain,Powertrain Assembly,339.99,35.92,85.48,79.22,40.8,508,green
2025-11-06 16:05:22,quality,Quality Control,193.83,23.56,88.02,45.16,23.26,524,green
2025-11-06 16:05:22,logistics,Logistics,160.03,19.48,95.86,37.29,19.2,570,green
2025-11-06 17:05:22,stamping,Stamping Shop,243.22,66.78,85.5,56.67,29.19,452,green
2025-11-06 17:05:22,body_shop,Body Shop (BIW),408.26,52.81,87.9,95.12,48.99,465,green
2025-11-06 17:05:22,paint,Paint Shop,641.25,180.69,83.87,149.41,76.95,444,green
2025-11-06 17:05:22,assembly,General Assembly,340.24,26.88,80.74,79.28,40.83,427,green
2025-11-06 17:05:22,powertrain,Powertrain Assembly,275.3,35.78,85.05,64.14,33.04,450,green
2025-11-06 17:05:22,quality,Quality Control,156.46,21.67,89.86,36.46,18.78,475,green
2025-11-06 17:05:22,logistics,Logistics,134.89,21.1,90.44,31.43,16.19,478,green
2025-11-06 18:05:22,stamping,Stamping Shop,319.41,67.21,86.31,74.42,38.33,601,green
2025-11-06 18:05:22,body_shop,Body Shop (BIW),575.91,53.2,90.32,134.19,69.11,629,green
2025-11-06 18:05:22,paint,Paint Shop,863.33,184.68,83.96,201.16,103.6,584,green
2025-11-06 18:05:22,assembly,General Assembly,497.96,26.26,86.48,116.03,59.76,602,green
2025-11-06 18:05:22,powertrain,Powertrain Assembly,408.59,33.17,84.93,95.2,49.03,591,green
2025-11-06 18:05:22,quality,Quality Control,224.23,21.57,93.86,52.25,26.91,653,green
2025-11-06 18:05:22,logistics,Logistics,206.43,18.71,90.89,48.1,24.77,633,green
2025-11-06 19:05:22,stamping,Stamping Shop,446.47,64.03,91.82,104.03,53.58,918,green
2025-11-06 19:05:22,body_shop,Body Shop (BIW),821.66,55.71,87.13,191.45,98.6,871,green
2025-11-06 19:05:22,paint,Paint Shop,1280.78,173.39,83.89,298.42,153.69,838,green
2025-11-06 19:05:22,assembly,General Assembly,617.96,24.92,86.34,143.98,74.15,863,green
2025-11-06 19:05:22,powertrain,Powertrain Assembly,546.94,32.75,85.48,127.44,65.63,854,green
2025-11-06 19:05:22,quality,Quality Control,334.45,21.4,91.61,77.93,40.13,916,green
2025-11-06 19:05:22,logistics,Logistics,282.36,21.03,90.15,65.79,33.88,901,green
2025-11-06 20:05:22,stamping,Stamping Shop,461.49,63.53,93.72,107.53,55.38,992,green
2025-11-06 20:05:22,body_shop,Body Shop (BIW),922.31,58.44,83.3,214.9,110.68,881,amber
2025-11-06 20:05:22,paint,Paint Shop,1276.75,189.68,80.37,297.48,153.21,850,green
2025-11-06 20:05:22,assembly,General Assembly,659.54,24.5,86.26,153.67,79.14,913,green
2025-11-06 20:05:22,powertrain,Powertrain Assembly,616.21,36.29,85.43,143.58,73.95,904,green
2025-11-06 20:05:22,quality,Quality Control,366.58,21.01,94.83,85.41,43.99,1003,green
2025-11-06 20:05:22,logistics,Logistics,314.93,20.44,90.59,73.38,37.79,958,green
2025-11-06 21:05:22,stamping,Stamping Shop,481.44,62.35,92.58,112.17,57.77,1032,green
2025-11-06 21:05:22,body_shop,Body Shop (BIW),956.49,55.74,84.47,222.86,114.78,941,amber
2025-11-06 21:05:22,paint,Paint Shop,1396.47,184.69,82.07,325.38,167.58,914,amber
2025-11-06 21:05:22,assembly,General Assembly,747.88,24.68,85.17,174.26,89.75,949,green
2025-11-06 21:05:22,powertrain,Powertrain Assembly,631.34,32.13,84.68,147.1,75.76,943,green
2025-11-06 21:05:22,quality,Quality Control,380.29,23.41,91.77,88.61,45.64,1023,amber
2025-11-06 21:05:22,logistics,Logistics,304.63,20.31,93.24,70.98,36.56,1039,green
2025-11-06 22:05:22,stamping,Stamping Shop,506.87,63.38,91.55,118.1,60.82,1068,green
2025-11-06 22:05:22,body_shop,Body Shop (BIW),956.15,52.88,88.64,222.78,114.74,1034,amber
2025-11-06 22:05:22,paint,Paint Shop,1489.86,178.28,79.02,347.14,178.78,921,amber
2025-11-06 22:05:22,assembly,General Assembly,778.68,23.78,84.01,181.43,93.44,980,green
2025-11-06 22:05:22,powertrain,Powertrain Assembly,640.58,35.83,65.72569334138588,149.25,76.87,994,red
2025-11-06 22:05:22,quality,Quality Control,375.35,22.67,92.67,87.46,45.04,1081,amber
2025-11-06 22:05:22,logistics,Logistics,338.3,20.77,94.4,78.82,40.6,1101,amber
2025-11-06 23:05:22,stamping,Stamping Shop,577.74,62.95,88.72,134.61,69.33,1075,red
2025-11-06 23:05:22,body_shop,Body Shop (BIW),967.1,51.77,85.92,225.33,116.05,1041,amber
2025-11-06 23:05:22,paint,Paint Shop,1362.07,177.95,79.67,317.36,163.45,965,green
2025-11-06 23:05:22,assembly,General Assembly,872.95,23.44,83.97,203.4,104.75,1017,red
2025-11-06 23:05:22,powertrain,Powertrain Assembly,666.99,34.74,89.17,155.41,80.04,1080,amber
2025-11-06 23:05:22,quality,Quality Control,388.83,22.01,88.64,90.6,46.66,1074,amber
2025-11-06 23:05:22,logistics,Logistics,323.77,21.58,93.32,75.44,38.85,1131,amber
2025-11-07 00:05:22,stamping,Stamping Shop,550.75,66.22,88.89,128.32,66.09,1110,amber
2025-11-07 00:05:22,body_shop,Body Shop (BIW),1014.88,53.79,89.14,236.47,121.79,1113,red
2025-11-07 00:05:22,paint,Paint Shop,1551.85,187.21,84.14,361.58,186.22,1051,red
2025-11-07 00:05:22,assembly,General Assembly,820.63,22.88,83.83,191.21,98.48,1047,amber
2025-11-07 00:05:22,powertrain,Powertrain Assembly,669.73,34.64,91.94,156.05,80.37,1148,amber
2025-11-07 00:05:22,quality,Quality Control,399.47,21.86,93.1,93.08,47.94,1163,amber
2025-11-07 00:05:22,logistics,Logistics,399.94,19.88,89.28,93.19,47.99,1115,red
2025-11-07 01:05:22,stamping,Stamping Shop,577.52,66.96,90.64,134.56,69.3,1157,red
2025-11-07 01:05:22,body_shop,Body Shop (BIW),1021.28,56.41,89.01,237.96,122.55,1136,red
2025-11-07 01:05:22,paint,Paint Shop,1534.62,177.54,79.94,357.57,184.15,1020,red
2025-11-07 01:05:22,assembly,General Assembly,884.14,23.34,86.06,206.0,106.1,1099,red
2025-11-07 01:05:22,powertrain,Powertrain Assembly,666.0,32.99,87.92,155.18,79.92,1122,amber
2025-11-07 01:05:22,quality,Quality Control,428.77,22.24,92.92,99.9,51.45,1186,red
2025-11-07 01:05:22,logistics,Logistics,352.82,19.44,93.43,82.21,42.34,1193,red
2025-11-07 02:05:22,stamping,Stamping Shop,529.41,62.76,89.07,123.35,63.53,1152,amber
2025-11-07 02:05:22,body_shop,Body Shop (BIW),1052.02,53.78,89.12,245.12,126.24,1153,red
2025-11-07 02:05:22,paint,Paint Shop,1605.01,181.21,82.0,373.97,192.6,1061,red
2025-11-07 02:05:22,assembly,General Assembly,847.35,23.57,86.5,197.43,101.68,1119,amber
2025-11-07 02:05:22,powertrain,Powertrain Assembly,731.57,33.83,85.96,170.46,87.79,1112,red
2025-11-07 02:05:22,quality,Quality Control,405.01,22.0,94.71,94.37,48.6,1225,red
2025-11-07 02:05:22,logistics,Logistics,366.87,20.87,87.89,85.48,44.02,1137,red
2025-11-07 03:05:22,stamping,Stamping Shop,577.51,66.47,86.85,134.56,69.3,1129,red
2025-11-07 03:05:22,body_shop,Body Shop (BIW),1005.7,57.66,88.61,234.33,120.68,1151,red
2025-11-07 03:05:22,paint,Paint Shop,1543.58,183.12,82.91,359.65,185.23,1077,red
2025-11-07 03:05:22,assembly,General Assembly,889.45,25.93,87.97,207.24,106.73,1143,red
2025-11-07 03:05:22,powertrain,Powertrain Assembly,692.03,35.05,86.51,161.24,83.04,1124,red
2025-11-07 03:05:22,quality,Quality Control,387.22,20.95,90.41,90.22,46.47,1175,amber
2025-11-07 03:05:22,logistics,Logistics,345.8,19.73,88.7,80.57,41.5,1153,amber
2025-11-07 04:05:22,stamping,Stamping Shop,586.91,60.48,90.37,136.75,70.43,1169,red
2025-11-07 04:05:22,body_shop,Body Shop (BIW),1097.15,54.97,86.79,255.64,131.66,1123,red
2025-11-07 04:05:22,paint,Paint Shop,1484.7,182.12,82.5,345.94,178.16,1067,amber
2025-11-07 04:05:22,assembly,General Assembly,818.88,23.79,84.32,190.8,98.27,1091,amber
2025-11-07 04:05:22,powertrain,Powertrain Assembly,665.78,33.15,85.8,155.13,79.89,1110,amber
2025-11-07 04:05:22,quality,Quality Control,403.37,21.04,94.97,93.99,48.4,1229,red
2025-11-07 04:05:22,logistics,Logistics,346.25,20.91,86.26,80.68,41.55,1116,amber
2025-11-07 05:05:22,stamping,Stamping Shop,592.46,61.52,91.26,138.04,71.1,1165,red
2025-11-07 05:05:22,body_shop,Body Shop (BIW),1060.36,57.1,85.3,247.07,127.24,1089,red
2025-11-07 05:05:22,paint,Paint Shop,1527.83,180.82,82.63,355.98,183.34,1055,red
2025-11-07 05:05:22,assembly,General Assembly,858.61,26.38,88.14,200.06,103.03,1125,red
2025-11-07 05:05:22,powertrain,Powertrain Assembly,664.83,38.09,91.13,154.91,79.78,1163,amber
2025-11-07 05:05:22,quality,Quality Control,438.25,23.55,92.23,102.11,52.59,1177,red
2025-11-07 05:05:22,logistics,Logistics,339.2,19.92,93.3,79.03,40.7,1191,amber
2025-11-07 06:05:22,stamping,Stamping Shop,572.39,64.24,87.42,133.37,68.69,1092,red
2025-11-07 06:05:22,body_shop,Body Shop (BIW),1057.04,56.98,85.04,246.29,126.84,1062,red
2025-11-07 06:05:22,paint,Paint Shop,1532.99,191.39,84.6,357.19,183.96,1057,red
2025-11-07 06:05:22,assembly,General Assembly,878.79,24.55,90.85,204.76,105.45,1135,red
2025-11-07 06:05:22,powertrain,Powertrain Assembly,591.75,34.66,85.75,137.88,71.01,1071,green
2025-11-07 06:05:22,quality,Quality Control,391.15,22.92,93.16,91.14,46.94,1164,amber
2025-11-07 06:05:22,logistics,Logistics,352.67,20.82,93.0,82.17,42.32,1161,red
2025-11-07 07:05:22,stamping,Stamping Shop,524.63,61.94,90.71,122.24,62.96,1099,amber
2025-11-07 07:05:22,body_shop,Body Shop (BIW),938.82,55.31,84.5,218.75,112.66,1024,amber
2025-11-07 07:05:22,paint,Paint Shop,1436.85,178.42,84.11,334.79,172.42,1019,amber
2025-11-07 07:05:22,assembly,General Assembly,749.03,24.25,87.5,174.52,89.88,1060,green
2025-11-07 07:05:22,powertrain,Powertrain Assembly,558.38,34.73,88.86,130.1,67.01,1077,green
2025-11-07 07:05:22,quality,Quality Control,367.24,22.92,95.1,85.57,44.07,1152,green
2025-11-07 07:05:22,logistics,Logistics,309.15,20.36,93.7,72.03,37.1,1135,green
2025-11-07 08:05:22,stamping,Stamping Shop,484.48,68.76,86.56,112.88,58.14,1009,green
2025-11-07 08:05:22,body_shop,Body Shop (BIW),1003.45,54.87,84.69,233.8,120.41,988,red
2025-11-07 08:05:22,paint,Paint Shop,1467.54,187.52,85.0,341.94,176.1,991,amber
2025-11-07 08:05:22,assembly,General Assembly,789.68,25.15,84.01,184.0,94.76,980,amber
2025-11-07 08:05:22,powertrain,Powertrain Assembly,594.67,35.23,86.37,138.56,71.36,1007,green
2025-11-07 08:05:22,quality,Quality Control,356.93,21.65,96.71,83.16,42.83,1128,green
2025-11-07 08:05:22,logistics,Logistics,361.13,20.29,95.74,84.14,43.34,1116,red
2025-11-07 09:05:22,stamping,Stamping Shop,489.12,66.66,90.15,113.96,58.69,1004,green
2025-11-07 09:05:22,body_shop,Body Shop (BIW),914.74,56.38,85.62,213.13,109.77,954,green
2025-11-07 09:05:22,paint,Paint Shop,1269.18,172.88,82.73,295.72,152.3,922,green
2025-11-07 09:05:22,assembly,General Assembly,825.71,24.35,88.52,192.39,99.09,986,amber
2025-11-07 09:05:22,powertrain,Powertrain Assembly,596.72,38.17,87.43,139.03,71.61,974,green
2025-11-07 09:05:22,quality,Quality Control,328.29,22.13,92.38,76.49,39.39,1029,green
2025-11-07 09:05:22,logistics,Logistics,313.37,18.93,89.74,73.02,37.6,1000,green
2025-11-07 10:05:22,stamping,Stamping Shop,489.52,59.82,89.03,114.06,58.74,942,green
2025-11-07 10:05:22,body_shop,Body Shop (BIW),819.03,53.7,87.21,190.83,98.28,923,green
2025-11-07 10:05:22,paint,Paint Shop,1232.31,187.46,80.41,287.13,147.88,851,green
2025-11-07 10:05:22,assembly,General Assembly,762.9,24.61,87.75,177.76,91.55,928,green
2025-11-07 10:05:22,powertrain,Powertrain Assembly,512.44,33.91,85.57,119.4,61.49,905,green
2025-11-07 10:05:22,quality,Quality Control,334.34,20.77,95.43,77.9,40.12,1010,green
2025-11-07 10:05:22,logistics,Logistics,286.79,20.42,93.07,66.82,34.42,985,green
2025-11-07 11:05:22,stamping,Stamping Shop,261.72,60.85,89.19,60.98,31.41,551,green
2025-11-07 11:05:22,body_shop,Body Shop (BIW),490.4,57.24,84.58,114.26,58.85,523,green
2025-11-07 11:05:22,paint,Paint Shop,780.33,187.97,81.92,181.82,93.64,506,green
2025-11-07 11:05:22,assembly,General Assembly,728.6524314027253,25.58,86.95,158.93793883631395,51.55,537,green
2025-11-07 11:05:22,powertrain,Powertrain Assembly,324.58,37.36,85.51,75.63,38.95,528,green
2025-11-07 11:05:22,quality,Quality Control,208.18,27.76549146641259,91.82,48.51,24.98,567,green
2025-11-07 11:05:22,logistics,Logistics,165.44,20.23,89.2,38.55,19.85,551,green
2025-11-07 12:05:22,stamping,Stamping Shop,273.04,66.13,90.81,63.62,32.76,555,green
2025-11-07 12:05:22,body_shop,Body Shop (BIW),462.66,53.59,84.34,107.8,55.52,515,green
2025-11-07 12:05:22,paint,Paint Shop,740.21,188.05,83.97,172.47,88.83,513,green
2025-11-07 12:05:22,assembly,General Assembly,429.93,24.53,82.19,100.17,51.59,502,green
2025-11-07 12:05:22,powertrain,Powertrain Assembly,361.7,35.48,88.76,84.28,43.4,542,green
2025-11-07 12:05:22,quality,Quality Control,200.58,22.21,91.08,46.74,24.07,556,green
2025-11-07 12:05:22,logistics,Logistics,150.79,20.59,92.78,35.13,18.09,567,green
2025-11-07 13:05:22,stamping,Stamping Shop,298.28,62.81,88.71,69.5,35.79,588,green
2025-11-07 13:05:22,body_shop,Body Shop (BIW),517.85,55.63,85.22,120.66,62.14,565,green
2025-11-07 13:05:22,paint,Paint Shop,825.37,172.78,82.9,192.31,99.04,549,green
2025-11-07 13:05:22,assembly,General Assembly,447.41,24.84,84.25,104.25,53.69,558,green
2025-11-07 13:05:22,powertrain,Powertrain Assembly,354.21,32.94,85.2,82.53,42.51,565,green
2025-11-07 13:05:22,quality,Quality Control,199.95,23.48,93.89,46.59,23.99,622,green
2025-11-07 13:05:22,logistics,Logistics,197.96,18.98,87.34,46.12,23.76,579,green
2025-11-07 14:05:22,stamping,Stamping Shop,290.54,62.06,93.15,67.7,34.87,542,green
2025-11-07 14:05:22,body_shop,Body Shop (BIW),433.41,53.73,89.04,100.99,52.01,518,green
2025-11-07 14:05:22,paint,Paint Shop,649.5,187.35,83.76,151.33,77.94,487,green
2025-11-07 14:05:22,assembly,General Assembly,392.82,24.7,87.12,91.53,47.14,507,green
2025-11-07 14:05:22,powertrain,Powertrain Assembly,294.84,34.05,88.8,68.7,35.38,516,green
2025-11-07 14:05:22,quality,Quality Control,191.54,21.57,95.66,44.63,22.98,556,green
2025-11-07 14:05:22,logistics,Logistics,163.85,20.65,88.02,38.18,19.66,512,green
2025-11-07 15:05:22,stamping,Stamping Shop,256.29,59.29,88.48,59.72,30.76,469,green
2025-11-07 15:05:22,body_shop,Body Shop (BIW),416.38,52.17,88.51,97.02,49.97,470,green
2025-11-07 15:05:22,paint,Paint Shop,607.01,176.17,80.46,141.43,72.84,427,green
2025-11-07 15:05:22,assembly,General Assembly,361.24,27.39,86.35,84.17,43.35,458,green
2025-11-07 15:05:22,powertrain,Powertrain Assembly,256.47,33.96,85.98,59.76,30.78,456,green
2025-11-07 15:05:22,quality,Quality Control,171.9,22.02,92.27,40.05,20.63,489,green
2025-11-07 15:05:22,logistics,Logistics,145.92,19.76,86.75,34.0,17.51,460,green
2025-11-07 16:05:22,stamping,Stamping Shop,301.44,60.99,87.42,70.24,36.17,582,green
2025-11-07 16:05:22,body_shop,Body Shop (BIW),496.69,54.17,85.79,115.73,59.6,571,green
2025-11-07 16:05:22,paint,Paint Shop,760.45,175.35,81.2,177.18,91.25,540,green
2025-11-07 16:05:22,assembly,General Assembly,495.71,22.48,88.68,115.5,59.48,590,green
2025-11-07 16:05:22,powertrain,Powertrain Assembly,372.83,33.79,85.64,86.87,44.74,570,green
2025-11-07 16:05:22,quality,Quality Control,211.41,21.56,94.61,49.26,25.37,630,green
2025-11-07 16:05:22,logistics,Logistics,178.55,21.0,91.05,41.6,21.43,606,green
2025-11-07 17:05:22,stamping,Stamping Shop,302.73,65.15,92.71,70.54,36.33,645,green
2025-11-07 17:05:22,body_shop,Body Shop (BIW),490.11,53.04,86.53,114.2,58.81,602,green
2025-11-07 17:05:22,paint,Paint Shop,872.6,180.49,79.95,203.32,104.71,556,green
2025-11-07 17:05:22,assembly,General Assembly,477.58,25.01,86.88,111.28,57.31,605,green
2025-11-07 17:05:22,powertrain,Powertrain Assembly,381.45,34.42,88.76,88.88,45.77,618,green
2025-11-07 17:05:22,quality,Quality Control,237.13,20.68,91.02,55.25,28.46,633,green
2025-11-07 17:05:22,logistics,Logistics,184.95,19.87,94.44,43.09,22.19,657,green
2025-11-07 18:05:22,stamping,Stamping Shop,278.05,62.07,88.48,64.79,33.37,544,green
2025-11-07 18:05:22,body_shop,Body Shop (BIW),479.21,56.34,88.49,111.66,57.51,544,green
2025-11-07 18:05:22,paint,Paint Shop,787.09,178.79,82.78,183.39,94.45,509,green
2025-11-07 18:05:22,assembly,General Assembly,438.7,24.11,86.35,102.22,52.64,531,green
2025-11-07 18:05:22,powertrain,Powertrain Assembly,337.73,35.01,88.77,78.69,40.53,546,green
2025-11-07 18:05:22,quality,Quality Control,195.55,21.71,91.86,45.56,23.47,565,green
2025-11-07 18:05:22,logistics,Logistics,173.05,19.75,95.28,40.32,20.77,586,green
2025-11-07 19:05:22,stamping,Stamping Shop,405.56,68.58,90.42,94.49,48.67,904,green
2025-11-07 19:05:22,body_shop,Body Shop (BIW),842.11,54.33,87.94,196.21,101.05,879,green
2025-11-07 19:05:22,paint,Paint Shop,1259.29,200.26,80.18,293.41,151.11,801,green
2025-11-07 19:05:22,assembly,General Assembly,735.28,24.42,87.13,171.32,88.23,871,green
2025-11-07 19:05:22,powertrain,Powertrain Assembly,581.37,36.25,84.34,135.46,69.76,843,green
2025-11-07 19:05:22,quality,Quality Control,307.1,21.65,98.44,71.55,36.85,984,green
2025-11-07 19:05:22,logistics,Logistics,286.92,22.01,87.68,66.85,34.43,876,green
2025-11-07 20:05:22,stamping,Stamping Shop,466.95,59.85,87.29,108.8,56.03,923,green
2025-11-07 20:05:22,body_shop,Body Shop (BIW),933.03,51.3,83.18,217.4,111.96,880,amber
2025-11-07 20:05:22,paint,Paint Shop,1261.46,194.55,84.26,293.92,151.37,891,green
2025-11-07 20:05:22,assembly,General Assembly,652.29,24.74,82.51,151.98,78.28,873,green
2025-11-07 20:05:22,powertrain,Powertrain Assembly,573.86,33.6,88.71,133.71,68.86,938,green
2025-11-07 20:05:22,quality,Quality Control,325.4,21.85,88.23,75.82,39.05,933,green
2025-11-07 20:05:22,logistics,Logistics,314.05,20.08,92.3,73.17,37.69,977,green
2025-11-07 21:05:22,stamping,Stamping Shop,515.32,66.68,88.12,120.07,61.84,982,green
2025-11-07 21:05:22,body_shop,Body Shop (BIW),943.44,52.87,87.3,219.82,113.21,973,amber
2025-11-07 21:05:22,paint,Paint Shop,1454.23,195.98,80.03,338.84,174.51,892,amber
2025-11-07 21:05:22,assembly,General Assembly,761.97,27.35,85.36,177.54,91.44,951,green
2025-11-07 21:05:22,powertrain,Powertrain Assembly,557.22,34.18,88.59,129.83,66.87,987,green
2025-11-07 21:05:22,quality,Quality Control,358.45,23.84,70.91521662247841,83.52,43.01,1044,red
2025-11-07 21:05:22,logistics,Logistics,306.28,20.08,89.98,71.36,36.75,1003,green
2025-11-07 22:05:22,stamping,Stamping Shop,513.75,62.61,90.61,119.7,61.65,1057,green
2025-11-07 22:05:22,body_shop,Body Shop (BIW),907.61,52.18,87.79,211.47,108.91,1024,green
2025-11-07 22:05:22,paint,Paint Shop,1411.66,189.26,83.23,328.92,169.4,971,amber
2025-11-07 22:05:22,assembly,General Assembly,779.4,25.78,83.74,181.6,93.53,977,green
2025-11-07 22:05:22,powertrain,Powertrain Assembly,636.62,36.72,88.09,148.33,76.39,1027,amber
2025-11-07 22:05:22,quality,Quality Control,385.94,21.39,92.12,89.92,46.31,1074,amber
2025-11-07 22:05:22,logistics,Logistics,347.45,20.19,90.87,80.95,41.69,1060,amber
2025-11-07 23:05:22,stamping,Stamping Shop,568.28,69.18,90.16,132.41,68.19,1092,red
2025-11-07 23:05:22,body_shop,Body Shop (BIW),907.58,50.87,86.17,211.47,108.91,1044,green
2025-11-07 23:05:22,paint,Paint Shop,1370.83,186.29,85.17,319.4,164.5,1032,green
2025-11-07 23:05:22,assembly,General Assembly,802.73,24.53,82.21,187.04,96.33,996,amber
2025-11-07 23:05:22,powertrain,Powertrain Assembly,685.51,32.18,89.05,159.72,82.26,1079,amber
2025-11-07 23:05:22,quality,Quality Control,375.9,22.65,91.9,87.58,45.11,1113,amber
2025-11-07 23:05:22,logistics,Logistics,354.33,19.33,91.82,82.56,42.52,1112,red
2025-11-08 00:05:22,stamping,Stamping Shop,575.51,70.14,90.71,134.09,69.06,1133,red
2025-11-08 00:05:22,body_shop,Body Shop (BIW),990.53,51.3,89.05,230.79,118.86,1112,amber
2025-11-08 00:05:22,paint,Paint Shop,1394.94,183.17,80.94,325.02,167.39,1011,amber
2025-11-08 00:05:22,assembly,General Assembly,815.79,25.01,85.6,190.08,97.9,1069,amber
2025-11-08 00:05:22,powertrain,Powertrain Assembly,683.83,35.31,90.98,159.33,82.06,1136,amber
2025-11-08 00:05:22,quality,Quality Control,348.12,22.02,92.12,81.11,41.77,1150,green
2025-11-08 00:05:22,logistics,Logistics,373.73,20.81,92.04,87.08,44.85,1150,red
2025-11-08 01:05:22,stamping,Stamping Shop,607.32,67.04,90.98,141.51,72.88,1161,red
2025-11-08 01:05:22,body_shop,Body Shop (BIW),959.65,56.0,86.38,223.6,115.16,1103,amber
2025-11-08 01:05:22,paint,Paint Shop,1578.9,183.43,84.34,367.88,189.47,1077,red
2025-11-08 01:05:22,assembly,General Assembly,873.38,24.26,83.43,203.5,104.81,1065,red
2025-11-08 01:05:22,powertrain,Powertrain Assembly,701.85,34.34,92.02,163.53,84.22,1175,red
2025-11-08 01:05:22,quality,Quality Control,393.48,22.05,90.77,91.68,47.22,1159,amber
2025-11-08 01:05:22,logistics,Logistics,350.27,18.78,88.05,81.61,42.03,1124,red
2025-11-08 02:05:22,stamping,Stamping Shop,579.96,62.43,92.03,135.13,69.6,1191,red
2025-11-08 02:05:22,body_shop,Body Shop (BIW),1375.43845076964,56.63,89.88,331.5969435552883,124.76,1163,red
2025-11-08 02:05:22,paint,Paint Shop,1544.52,191.59,85.82,359.87,185.34,1110,red
2025-11-08 02:05:22,assembly,General Assembly,843.77,24.45,89.47,196.6,101.25,1157,amber
2025-11-08 02:05:22,powertrain,Powertrain Assembly,720.53,36.52,86.61,167.88,86.46,1120,red
2025-11-08 02:05:22,quality,Quality Control,436.57,21.89,91.07,101.72,52.39,1178,red
2025-11-08 02:05:22,logistics,Logistics,387.29,19.77,90.91,90.24,46.47,1176,red
2025-11-08 03:05:22,stamping,Stamping Shop,619.08,67.29,96.33,144.25,74.29,1252,red
2025-11-08 03:05:22,body_shop,Body Shop (BIW),1019.17,55.95,87.92,237.47,122.3,1142,red
2025-11-08 03:05:22,paint,Paint Shop,1526.57,177.85,84.45,355.69,183.19,1097,red
2025-11-08 03:05:22,assembly,General Assembly,804.21,23.89,85.26,187.38,96.51,1108,amber
2025-11-08 03:05:22,powertrain,Powertrain Assembly,741.35,34.74,87.48,172.74,88.96,1137,red
2025-11-08 03:05:22,quality,Quality Control,398.8,20.86,93.64,92.92,47.86,1217,amber
2025-11-08 03:05:22,logistics,Logistics,351.4,21.74,87.75,81.88,42.17,1140,red
2025-11-08 04:05:22,stamping,Stamping Shop,585.43,62.26,86.68,136.41,70.25,1121,red
2025-11-08 04:05:22,body_shop,Body Shop (BIW),992.85,57.02,83.14,231.33,119.14,1075,amber
2025-11-08 04:05:22,paint,Paint Shop,1698.36,200.44,83.27,395.72,203.8,1077,red
2025-11-08 04:05:22,assembly,General Assembly,885.45,24.83,85.48,206.31,106.25,1106,red
2025-11-08 04:05:22,powertrain,Powertrain Assembly,606.43,33.17,91.25,141.3,72.77,1181,green
2025-11-08 04:05:22,quality,Quality Control,396.36,22.3,91.91,92.35,47.56,1189,amber
2025-11-08 04:05:22,logistics,Logistics,362.07,20.07,94.86,84.36,43.45,1227,red
2025-11-08 05:05:22,stamping,Stamping Shop,615.32,64.9,90.97,143.37,73.84,1161,red
2025-11-08 05:05:22,body_shop,Body Shop (BIW),980.47,55.0,83.19,228.45,117.66,1062,amber
2025-11-08 05:05:22,paint,Paint Shop,1508.87,186.84,80.66,351.57,181.06,1030,red
2025-11-08 05:05:22,assembly,General Assembly,853.81,25.03,84.6,198.94,102.46,1080,red
2025-11-08 05:05:22,powertrain,Powertrain Assembly,650.65,34.35,89.43,151.6,78.08,1142,amber
2025-11-08 05:05:22,quality,Quality Control,427.99,20.68,95.94,99.72,51.36,1225,red
2025-11-08 05:05:22,logistics,Logistics,389.6,21.27,85.56,90.78,46.75,1092,red
2025-11-08 06:05:22,stamping,Stamping Shop,542.09,65.41,90.27,126.31,65.05,1127,amber
2025-11-08 06:05:22,body_shop,Body Shop (BIW),957.43,60.1,87.62,223.08,114.89,1094,amber
2025-11-08 06:05:22,paint,Paint Shop,1448.99,186.28,80.58,337.61,173.88,1006,amber
2025-11-08 06:05:22,assembly,General Assembly,885.17,25.55,88.49,206.24,106.22,1105,red
2025-11-08 06:05:22,powertrain,Powertrain Assembly,644.17,36.8,87.91,150.09,77.3,1098,amber
2025-11-08 06:05:22,quality,Quality Control,427.84,22.97,92.66,99.69,51.34,1157,red
2025-11-08 06:05:22,logistics,Logistics,339.06,20.08,85.42,79.0,40.69,1067,amber
2025-11-08 07:05:22,stamping,Stamping Shop,503.95,61.91,87.66,117.42,60.47,1062,green
2025-11-08 07:05:22,body_shop,Body Shop (BIW),949.46,51.98,85.7,221.22,113.94,1038,amber
2025-11-08 07:05:22,paint,Paint Shop,1340.84,190.22,81.87,312.42,160.9,992,green
2025-11-08 07:05:22,assembly,General Assembly,871.03,26.71,89.09,202.95,104.52,1079,red
2025-11-08 07:05:22,powertrain,Powertrain Assembly,637.66,34.87,91.18,148.58,76.52,1105,amber
2025-11-08 07:05:22,quality,Quality Control,395.58,21.7,90.22,92.17,47.47,1093,amber
2025-11-08 07:05:22,logistics,Logistics,324.72,18.91,90.99,75.66,38.97,1102,amber
2025-11-08 08:05:22,stamping,Stamping Shop,528.76,65.45,90.98,123.2,63.45,1061,amber
2025-11-08 08:05:22,body_shop,Body Shop (BIW),908.49,56.23,91.75,211.68,109.02,1070,green
2025-11-08 08:05:22,paint,Paint Shop,1434.2,199.05,85.21,334.17,172.1,994,amber
2025-11-08 08:05:22,assembly,General Assembly,827.26,31.59388194988228,83.75,192.75,99.27,977,amber
2025-11-08 08:05:22,powertrain,Powertrain Assembly,670.74,36.04,88.37,156.28,80.49,1030,amber
2025-11-08 08:05:22,quality,Quality Control,377.68,22.23,94.06,88.0,45.32,1097,amber
2025-11-08 08:05:22,logistics,Logistics,304.97,19.34,89.6,71.06,36.6,1045,green
2025-11-08 09:05:22,stamping,Stamping Shop,502.51,64.11,90.76,117.09,60.3,1011,green
2025-11-08 09:05:22,body_shop,Body Shop (BIW),880.72,55.39,88.47,205.21,105.69,986,green
2025-11-08 09:05:22,paint,Paint Shop,1301.55,188.6,83.16,303.26,156.19,927,green
2025-11-08 09:05:22,assembly,General Assembly,769.89,26.33,85.97,179.38,92.39,958,green
2025-11-08 09:05:22,powertrain,Powertrain Assembly,660.92,35.67,88.24,153.99,79.31,983,amber
2025-11-08 09:05:22,quality,Quality Control,351.17,22.01,95.44,81.82,42.14,1063,green
2025-11-08 09:05:22,logistics,Logistics,322.55,18.92,88.79,75.15,38.71,989,amber
2025-11-08 10:05:22,stamping,Stamping Shop,490.77,67.57,86.85,114.35,58.89,919,green
2025-11-08 10:05:22,body_shop,Body Shop (BIW),869.01,56.52,60.663842863275136,202.48,104.28,904,red
2025-11-08 10:05:22,paint,Paint Shop,1344.54,182.88,59.75503092220148,313.28,161.34,849,red
2025-11-08 10:05:22,assembly,General Assembly,728.31,24.18,81.41,169.7,87.4,861,green
2025-11-08 10:05:22,powertrain,Powertrain Assembly,619.87,35.7,84.08,144.43,74.38,889,green
2025-11-08 10:05:22,quality,Quality Control,329.91,31.526125841082166,93.96,76.87,39.59,994,green
2025-11-08 10:05:22,logistics,Logistics,295.78,20.97,84.27,68.92,35.49,892,green
2025-11-08 11:05:22,stamping,Stamping Shop,339.4,68.33,87.19,79.08,40.73,582,green
2025-11-08 11:05:22,body_shop,Body Shop (BIW),520.67,55.14,85.62,121.32,62.48,571,green
2025-11-08 11:05:22,paint,Paint Shop,774.49,175.99,83.05,180.46,92.94,554,green
2025-11-08 11:05:22,assembly,General Assembly,455.5,24.82,85.2,106.13,54.66,569,green
2025-11-08 11:05:22,powertrain,Powertrain Assembly,361.96,34.37,86.9,84.34,43.44,580,green
2025-11-08 11:05:22,quality,Quality Control,212.06,20.82,92.19,49.41,25.45,615,green
2025-11-08 11:05:22,logistics,Logistics,202.94,19.09,92.05,47.28,24.35,614,green
2025-11-08 12:05:22,stamping,Stamping Shop,239.49,64.71,92.42,55.8,28.74,528,green
2025-11-08 12:05:22,body_shop,Body Shop (BIW),686.1329676076624,53.62,84.99,190.2690748041729,58.68,486,green
2025-11-08 12:05:22,paint,Paint Shop,648.59,170.53,84.52,151.12,77.83,483,green
2025-11-08 12:05:22,assembly,General Assembly,409.2,24.38,87.62,95.34,49.1,501,green
2025-11-08 12:05:22,powertrain,Powertrain Assembly,310.64,33.96,86.08,72.38,37.28,492,green
2025-11-08 12:05:22,quality,Quality Control,179.64,22.5,89.1,41.86,21.56,509,green
2025-11-08 12:05:22,logistics,Logistics,154.92,18.97,89.4,36.1,18.59,511,green
2025-11-08 13:05:22,stamping,Stamping Shop,165.46,65.38,92.53,38.55,19.86,342,green
2025-11-08 13:05:22,body_shop,Body Shop (BIW),286.87,58.35,90.17,66.84,34.42,334,green
2025-11-08 13:05:22,paint,Paint Shop,471.64,174.56,84.38,109.89,56.6,312,green
2025-11-08 13:05:22,assembly,General Assembly,242.18,24.04,86.45,56.43,29.06,320,green
2025-11-08 13:05:22,powertrain,Powertrain Assembly,211.19,32.31,87.26,49.21,25.34,323,green
2025-11-08 13:05:22,quality,Quality Control,117.37,22.02,94.54,27.35,14.08,350,green
2025-11-08 13:05:22,logistics,Logistics,105.68,20.04,86.39,24.62,12.68,319,green
2025-11-08 14:05:22,stamping,Stamping Shop,154.91,62.86,86.66,36.09,18.59,282,green
2025-11-08 14:05:22,body_shop,Body Shop (BIW),251.04,57.39,85.85,58.49,30.12,280,green
2025-11-08 14:05:22,paint,Paint Shop,381.25,176.9,82.65,88.83,45.75,269,green
2025-11-08 14:05:22,assembly,General Assembly,217.54,25.18,85.98,50.69,26.11,280,green
2025-11-08 14:05:22,powertrain,Powertrain Assembly,189.71,37.05,83.76,44.2,22.77,273,green
2025-11-08 14:05:22,quality,Quality Control,111.02,22.18,90.47,25.87,13.32,295,green
2025-11-08 14:05:22,logistics,Logistics,90.5,20.11,88.41,21.09,10.86,288,green
2025-11-08 15:05:22,stamping,Stamping Shop,151.89,65.75,88.33,35.39,18.23,270,green
2025-11-08 15:05:22,body_shop,Body Shop (BIW),260.29,56.18,91.03,60.65,31.23,278,green
2025-11-08 15:05:22,paint,Paint Shop,362.68,196.15,82.05,84.5,43.52,251,green
2025-11-08 15:05:22,assembly,General Assembly,193.23,25.36,86.73,45.02,23.19,265,green
2025-11-08 15:05:22,powertrain,Powertrain Assembly,170.43,36.27,88.43,39.71,20.45,270,green
2025-11-08 15:05:22,quality,Quality Control,95.46,21.79,95.37,22.24,11.45,292,green
2025-11-08 15:05:22,logistics,Logistics,81.33,19.61,91.53,18.95,9.76,280,green
2025-11-08 16:05:22,stamping,Stamping Shop,172.97,64.24,87.83,40.3,20.76,320,green
2025-11-08 16:05:22,body_shop,Body Shop (BIW),281.48,57.14,89.18,65.58,33.78,325,green
2025-11-08 16:05:22,paint,Paint Shop,436.34,187.91,82.13,101.67,52.36,299,green
2025-11-08 16:05:22,assembly,General Assembly,244.91,25.81,84.3,57.07,29.39,307,green
2025-11-08 16:05:22,powertrain,Powertrain Assembly,205.52,34.8,87.49,47.89,24.66,319,green
2025-11-08 16:05:22,quality,Quality Control,118.52,22.36,92.54,27.62,14.22,337,green
2025-11-08 16:05:22,logistics,Logistics,94.67,19.11,96.61,22.06,11.36,352,green
2025-11-08 17:05:22,stamping,Stamping Shop,165.53,88.28695912780736,89.08,38.57,19.86,329,green
2025-11-08 17:05:22,body_shop,Body Shop (BIW),296.13,57.6,88.44,69.0,35.54,327,green
2025-11-08 17:05:22,paint,Paint Shop,389.28,181.48,84.56,90.7,46.71,312,green
2025-11-08 17:05:22,assembly,General Assembly,241.45,23.2,84.87,56.26,28.97,314,green
2025-11-08 17:05:22,powertrain,Powertrain Assembly,183.27,36.29,90.73,42.7,21.99,335,green
2025-11-08 17:05:22,quality,Quality Control,111.6,20.84,90.2,26.0,13.39,333,green
2025-11-08 17:05:22,logistics,Logistics,97.47,20.12,88.11,22.71,11.7,326,green
2025-11-08 18:05:22,stamping,Stamping Shop,137.34,65.25,90.2,32.0,16.48,293,green
2025-11-08 18:05:22,body_shop,Body Shop (BIW),282.0,51.02,88.41,65.71,33.84,288,green
2025-11-08 18:05:22,paint,Paint Shop,418.36,180.93,81.58,97.48,50.2,265,green
2025-11-08 18:05:22,assembly,General Assembly,221.68,24.37,85.44,51.65,26.6,278,green
2025-11-08 18:05:22,powertrain,Powertrain Assembly,162.48,36.89,88.24,37.86,19.5,287,green
2025-11-08 18:05:22,quality,Quality Control,103.33,22.85,91.83,24.08,12.4,299,green
2025-11-08 18:05:22,logistics,Logistics,81.46,19.73,89.27,18.98,9.78,290,green
2025-11-08 19:05:22,stamping,Stamping Shop,277.71,64.7,89.4,64.71,33.32,536,green
2025-11-08 19:05:22,body_shop,Body Shop (BIW),477.36,52.53,84.34,111.23,57.28,506,green
2025-11-08 19:05:22,paint,Paint Shop,748.35,172.42,80.64,174.37,89.8,483,green
2025-11-08 19:05:22,assembly,General Assembly,390.93,24.94,86.61,91.09,46.91,519,green
2025-11-08 19:05:22,powertrain,Powertrain Assembly,339.16,33.22,90.45,79.02,40.7,542,green
2025-11-08 19:05:22,quality,Quality Control,193.71,21.98,97.23,45.13,23.24,583,green
2025-11-08 19:05:22,logistics,Logistics,177.47,19.01,87.59,41.35,21.3,525,green
2025-11-08 20:05:22,stamping,Stamping Shop,262.69,63.26,90.27,61.21,31.52,573,green
2025-11-08 20:05:22,body_shop,Body Shop (BIW),511.5,56.04,89.31,119.18,61.38,567,green
2025-11-08 20:05:22,paint,Paint Shop,752.96,195.74,84.07,175.44,90.36,533,green
2025-11-08 20:05:22,assembly,General Assembly,441.81,26.77,84.49,102.94,53.02,536,green
2025-11-08 20:05:22,powertrain,Powertrain Assembly,370.79,36.49,83.38,86.39,44.49,529,green
2025-11-08 20:05:22,quality,Quality Control,208.23,21.5,92.97,48.52,24.99,590,green
2025-11-08 20:05:22,logistics,Logistics,181.43,19.58,90.56,42.27,21.77,575,green
2025-11-08 21:05:22,stamping,Stamping Shop,290.1,63.98,89.21,67.59,34.81,596,green
2025-11-08 21:05:22,body_shop,Body Shop (BIW),562.8,55.58,89.44,131.13,67.54,598,green
2025-11-08 21:05:22,paint,Paint Shop,867.9,181.54,86.03,202.22,104.15,575,green
2025-11-08 21:05:22,assembly,General Assembly,460.8,24.17,88.9,107.37,55.3,594,green
2025-11-08 21:05:22,powertrain,Powertrain Assembly,375.33,33.89,83.84,87.45,45.04,560,green
2025-11-08 21:05:22,quality,Quality Control,214.36,23.08,92.43,49.94,25.72,618,green
2025-11-08 21:05:22,logistics,Logistics,200.77,19.89,89.76,46.78,24.09,600,green
2025-11-08 22:05:22,stamping,Stamping Shop,279.08,62.88,86.61,65.03,33.49,606,green
2025-11-08 22:05:22,body_shop,Body Shop (BIW),511.74,53.31,89.13,119.23,61.41,623,green
2025-11-08 22:05:22,paint,Paint Shop,801.75,182.63,87.26,186.81,96.21,610,green
2025-11-08 22:05:22,assembly,General Assembly,536.52,24.54,82.29,125.01,64.38,576,green
2025-11-08 22:05:22,powertrain,Powertrain Assembly,426.34,35.96,86.62,99.34,51.16,606,green
2025-11-08 22:05:22,quality,Quality Control,233.65,21.62,91.89,54.44,28.04,643,green
2025-11-08 22:05:22,logistics,Logistics,194.91,20.52,90.78,45.41,23.39,635,green
2025-11-08 23:05:22,stamping,Stamping Shop,355.82,65.03,91.92,82.91,42.7,668,green
2025-11-08 23:05:22,body_shop,Body Shop (BIW),579.47,54.0,87.73,135.02,69.54,638,green
2025-11-08 23:05:22,paint,Paint Shop,835.55,199.55,80.52,194.68,100.27,585,green
2025-11-08 23:05:22,assembly,General Assembly,470.46,25.03,84.71,109.62,56.46,616,green
2025-11-08 23:05:22,powertrain,Powertrain Assembly,369.6,36.86,86.61,86.12,44.35,629,green
2025-11-08 23:05:22,quality,Quality Control,238.7,20.95,92.22,55.62,28.64,670,green
2025-11-08 23:05:22,logistics,Logistics,202.75,19.12,89.0,47.24,24.33,647,green
2025-11-09 00:05:22,stamping,Stamping Shop,337.77,63.67,95.15,78.7,40.53,713,green
2025-11-09 00:05:22,body_shop,Body Shop (BIW),826.8277828127699,53.4,85.06,198.52538585927334,70.53,637,green
2025-11-09 00:05:22,paint,Paint Shop,917.79,188.21,84.37,213.85,110.14,632,green
2025-11-09 00:05:22,assembly,General Assembly,501.08,27.88,84.91,116.75,60.13,636,green
2025-11-09 00:05:22,powertrain,Powertrain Assembly,413.92,35.2,86.62,96.44,49.67,649,green
2025-11-09 00:05:22,quality,Quality Control,240.22,22.86,90.77,55.97,28.83,680,green
2025-11-09 00:05:22,logistics,Logistics,197.33,20.01,93.91,45.98,23.68,703,green
2025-11-09 01:05:22,stamping,Stamping Shop,334.38,60.42,88.61,77.91,40.13,679,green
2025-11-09 01:05:22,body_shop,Body Shop (BIW),619.92,54.3,83.0,144.44,74.39,636,green
2025-11-09 01:05:22,paint,Paint Shop,911.03,184.16,82.9,212.27,109.32,635,green
2025-11-09 01:05:22,assembly,General Assembly,522.75,26.8,82.99,121.8,62.73,635,green
2025-11-09 01:05:22,powertrain,Powertrain Assembly,427.66,35.13,81.0,99.64,51.32,620,green
2025-11-09 01:05:22,quality,Quality Control,233.09,22.18,95.8,54.31,27.97,734,green
2025-11-09 01:05:22,logistics,Logistics,201.88,20.91,89.86,47.04,24.23,688,green
2025-11-09 02:05:22,stamping,Stamping Shop,331.89,65.92,92.47,77.33,39.83,718,green
2025-11-09 02:05:22,body_shop,Body Shop (BIW),685.29,54.37,89.28,159.67,82.23,693,green
2025-11-09 02:05:22,paint,Paint Shop,924.57,175.03,84.29,215.43,110.95,654,green
2025-11-09 02:05:22,assembly,General Assembly,503.8,27.51,84.01,117.39,60.46,652,green
2025-11-09 02:05:22,powertrain,Powertrain Assembly,443.5,35.32,90.02,103.34,53.22,699,green
2025-11-09 02:05:22,quality,Quality Control,245.73,20.88,92.84,57.25,29.49,720,green
2025-11-09 02:05:22,logistics,Logistics,226.81,20.67,89.61,52.85,27.22,695,green
2025-11-09 03:05:22,stamping,Stamping Shop,334.62,67.82,89.96,77.97,40.15,701,green
2025-11-09 03:05:22,body_shop,Body Shop (BIW),607.29,56.66,84.73,141.5,72.87,660,green
2025-11-09 03:05:22,paint,Paint Shop,935.82,180.22,86.44,218.05,112.3,674,green
2025-11-09 03:05:22,assembly,General Assembly,493.1,23.37,88.75,114.89,59.17,692,green
2025-11-09 03:05:22,powertrain,Powertrain Assembly,432.81,34.7,85.49,100.84,51.94,666,green
2025-11-09 03:05:22,quality,Quality Control,261.08,21.42,92.29,60.83,31.33,719,green
2025-11-09 03:05:22,logistics,Logistics,235.8,20.12,90.75,54.94,28.3,707,green
2025-11-09 04:05:22,stamping,Stamping Shop,352.44,76.71807685695268,87.74,82.12,42.29,681,green
2025-11-09 04:05:22,body_shop,Body Shop (BIW),694.07,53.17,88.56,161.72,83.29,687,green
2025-11-09 04:05:22,paint,Paint Shop,945.98,178.88,83.02,220.41,113.52,644,green
2025-11-09 04:05:22,assembly,General Assembly,518.64,26.25,84.52,120.84,62.24,656,green
2025-11-09 04:05:22,powertrain,Powertrain Assembly,399.87,36.55,84.78,93.17,47.98,658,green
2025-11-09 04:05:22,quality,Quality Control,242.28,21.73,87.96,56.45,29.07,683,green
2025-11-09 04:05:22,logistics,Logistics,213.89,21.01,89.13,49.84,25.67,692,green
2025-11-09 05:05:22,stamping,Stamping Shop,348.8,62.55,89.05,81.27,41.86,682,green
2025-11-09 05:05:22,body_shop,Body Shop (BIW),642.49,57.42,88.2,149.7,77.1,675,green
2025-11-09 05:05:22,paint,Paint Shop,904.22,194.43,86.66,210.68,108.51,664,green
2025-11-09 05:05:22,assembly,General Assembly,549.11,24.1,83.36,127.94,65.89,638,green
2025-11-09 05:05:22,powertrain,Powertrain Assembly,421.53,34.53,91.76,98.22,50.58,703,green
2025-11-09 05:05:22,quality,Quality Control,262.54,22.71,94.8,61.17,31.5,726,green
2025-11-09 05:05:22,logistics,Logistics,226.44,18.54,90.42,52.76,27.17,692,green
2025-11-09 06:05:22,stamping,Stamping Shop,328.73,64.38,92.33,76.59,39.45,692,green
2025-11-09 06:05:22,body_shop,Body Shop (BIW),623.84,55.0,89.72,145.35,74.86,672,green
2025-11-09 06:05:22,paint,Paint Shop,957.96,198.63,80.82,223.2,114.96,605,green
2025-11-09 06:05:22,assembly,General Assembly,500.97,23.46,85.46,116.73,60.12,640,green
2025-11-09 06:05:22,powertrain,Powertrain Assembly,413.82,34.36,85.3,96.42,49.66,639,green
2025-11-09 06:05:22,quality,Quality Control,231.74,23.77,92.86,53.99,27.81,696,green
2025-11-09 06:05:22,logistics,Logistics,204.39,20.39,88.67,47.62,24.53,664,green
2025-11-09 07:05:22,stamping,Stamping Shop,313.2,69.07,90.28,72.98,37.58,656,green
2025-11-09 07:05:22,body_shop,Body Shop (BIW),562.22,52.95,87.74,131.0,67.47,638,green
2025-11-09 07:05:22,paint,Paint Shop,986.36,185.05,81.92,229.82,118.36,595,green
2025-11-09 07:05:22,assembly,General Assembly,501.83,24.91,90.17,116.93,60.22,655,green
2025-11-09 07:05:22,powertrain,Powertrain Assembly,383.19,34.62,86.12,89.28,45.98,626,green
2025-11-09 07:05:22,quality,Quality Control,248.13,23.25,90.47,57.81,29.78,657,green
2025-11-09 07:05:22,logistics,Logistics,200.52,18.57,92.96,46.72,24.06,676,green
2025-11-09 08:05:22,stamping,Stamping Shop,292.9,69.41,89.37,68.25,35.15,625,green
2025-11-09 08:05:22,body_shop,Body Shop (BIW),534.22,55.53,87.32,124.47,64.11,611,green
2025-11-09 08:05:22,paint,Paint Shop,841.06,179.61,86.83,195.97,100.93,607,green
2025-11-09 08:05:22,assembly,General Assembly,459.31,25.16,85.38,107.02,55.12,597,green
2025-11-09 08:05:22,powertrain,Powertrain Assembly,398.05,36.03,87.47,92.75,47.77,612,green
2025-11-09 08:05:22,quality,Quality Control,213.87,22.44,93.66,49.83,25.66,655,green
2025-11-09 08:05:22,logistics,Logistics,208.33,19.27,86.25,48.54,25.0,603,green
2025-11-09 09:05:22,stamping,Stamping Shop,316.97,66.34,88.18,73.85,38.04,589,green
2025-11-09 09:05:22,body_shop,Body Shop (BIW),492.59,56.46,90.29,114.77,59.11,603,green
2025-11-09 09:05:22,paint,Paint Shop,780.34,181.74,82.16,181.82,93.64,549,green
2025-11-09 09:05:22,assembly,General Assembly,434.68,25.01,83.5,101.28,52.16,558,green
2025-11-09 09:05:22,powertrain,Powertrain Assembly,371.29,32.91,86.44,86.51,44.55,578,green
2025-11-09 09:05:22,quality,Quality Control,225.7,22.33,96.18,52.59,27.08,643,green
2025-11-09 09:05:22,logistics,Logistics,179.28,18.99,91.73,41.77,21.51,613,green
2025-11-09 10:05:22,stamping,Stamping Shop,290.37,58.9,88.42,67.66,34.84,561,green
2025-11-09 10:05:22,body_shop,Body Shop (BIW),510.24,55.68,89.17,118.89,61.23,566,green
2025-11-09 10:05:22,paint,Paint Shop,771.18,175.82,85.21,179.68,92.54,541,green
2025-11-09 10:05:22,assembly,General Assembly,436.12,23.88,86.43,101.62,52.33,548,green
2025-11-09 10:05:22,powertrain,Powertrain Assembly,375.3,37.18,87.07,87.45,45.04,552,green
2025-11-09 10:05:22,quality,Quality Control,220.61,21.54,94.5,51.4,26.47,600,green
2025-11-09 10:05:22,logistics,Logistics,180.15,20.61,88.47,41.98,21.62,561,green
2025-11-09 11:05:22,stamping,Stamping Shop,157.67,63.81,93.32,36.74,18.92,363,green
2025-11-09 11:05:22,body_shop,Body Shop (BIW),305.99,54.37,91.45,71.3,36.72,356,green
2025-11-09 11:05:22,paint,Paint Shop,489.07,184.66,80.42,113.95,58.69,313,green
2025-11-09 11:05:22,assembly,General Assembly,245.61,26.51,88.68,57.23,29.47,345,green
2025-11-09 11:05:22,powertrain,Powertrain Assembly,204.91,33.45,91.72,47.74,24.59,357,green
2025-11-09 11:05:22,quality,Quality Control,136.42,21.42,93.53,31.79,16.37,364,green
2025-11-09 11:05:22,logistics,Logistics,116.65,19.72,92.63,27.18,14.0,361,green
2025-11-09 12:05:22,stamping,Stamping Shop,138.66,64.59,89.17,32.31,16.64,268,green
2025-11-09 12:05:22,body_shop,Body Shop (BIW),231.35,53.34,82.7,53.9,27.76,248,green
2025-11-09 12:05:22,paint,Paint Shop,335.91,172.24,86.9,78.27,40.31,261,green
2025-11-09 12:05:22,assembly,General Assembly,218.38,25.11,86.69,50.88,26.21,260,green
2025-11-09 12:05:22,powertrain,Powertrain Assembly,154.21,37.07,88.44,35.93,18.5,265,green
2025-11-09 12:05:22,quality,Quality Control,88.7,22.67,92.05,20.67,10.64,276,green
2025-11-09 12:05:22,logistics,Logistics,82.01,19.85,92.27,19.11,9.84,277,green
2025-11-09 13:05:22,stamping,Stamping Shop,134.09,66.1,71.33362462067556,31.24,16.09,305,red
2025-11-09 13:05:22,body_shop,Body Shop (BIW),281.99,56.5,82.25,65.7,33.84,289,green
2025-11-09 13:05:22,paint,Paint Shop,445.6,170.77,84.08,103.82,53.47,295,green
2025-11-09 13:05:22,assembly,General Assembly,256.8,25.79,88.32,59.83,30.82,310,green
2025-11-09 13:05:22,powertrain,Powertrain Assembly,190.85,31.9,84.75,44.47,22.9,298,green
2025-11-09 13:05:22,quality,Quality Control,119.46,23.75,92.73,27.83,14.34,326,green
2025-11-09 13:05:22,logistics,Logistics,97.78,20.78,89.76,22.78,11.73,315,green
2025-11-09 14:05:22,stamping,Stamping Shop,160.39,65.18,87.46,37.37,19.25,315,green
2025-11-09 14:05:22,body_shop,Body Shop (BIW),449.333879147258,54.21,84.36,113.6228863509523,35.52,303,green
2025-11-09 14:05:22,paint,Paint Shop,457.56,189.73,85.29,106.61,54.91,307,green
2025-11-09 14:05:22,assembly,General Assembly,267.09,23.97,84.98,62.23,32.05,306,green
2025-11-09 14:05:22,powertrain,Powertrain Assembly,187.07,37.55,88.38,43.59,22.45,318,green
2025-11-09 14:05:22,quality,Quality Control,120.69,21.65,94.74,28.12,14.48,341,green
2025-11-09 14:05:22,logistics,Logistics,99.93,20.65,93.59,23.28,11.99,337,green
2025-11-09 15:05:22,stamping,Stamping Shop,141.62,67.92,91.73,33.0,16.99,293,green
2025-11-09 15:05:22,body_shop,Body Shop (BIW),276.49,56.02,88.73,64.42,33.18,283,green
2025-11-09 15:05:22,paint,Paint Shop,398.11,178.85,85.11,92.76,47.77,272,green
2025-11-09 15:05:22,assembly,General Assembly,227.23,24.46,85.27,52.94,27.27,272,green
2025-11-09 15:05:22,powertrain,Powertrain Assembly,174.35,33.25,91.38,40.62,20.92,292,green
2025-11-09 15:05:22,quality,Quality Control,104.54,21.9,91.9,24.36,12.55,293,green
2025-11-09 15:05:22,logistics,Logistics,85.58,20.43,85.02,19.94,10.27,271,green
2025-11-09 16:05:22,stamping,Stamping Shop,173.03,64.27,84.5,40.32,20.76,298,green
2025-11-09 16:05:22,body_shop,Body Shop (BIW),288.08,58.43,84.84,67.12,34.57,299,green
2025-11-09 16:05:22,paint,Paint Shop,403.61,185.84,84.2,94.04,48.43,297,green
2025-11-09 16:05:22,assembly,General Assembly,240.96,23.71,85.4,56.14,28.91,301,green
2025-11-09 16:05:22,powertrain,Powertrain Assembly,172.85,37.36,84.62,40.27,20.74,299,green
2025-11-09 16:05:22,quality,Quality Control,109.44,22.11,92.73,25.5,13.13,327,green
2025-11-09 16:05:22,logistics,Logistics,99.53,21.15,86.6,23.19,11.94,306,green
2025-11-09 17:05:22,stamping,Stamping Shop,172.51,60.0,91.95,40.19,20.7,344,green
2025-11-09 17:05:22,body_shop,Body Shop (BIW),320.78,55.93,83.1,74.74,38.49,311,green
2025-11-09 17:05:22,paint,Paint Shop,444.81,195.36,84.19,103.64,53.38,315,green
2025-11-09 17:05:22,assembly,General Assembly,245.93,26.0,86.74,57.3,29.51,325,green
2025-11-09 17:05:22,powertrain,Powertrain Assembly,194.52,34.55,87.59,45.32,23.34,328,green
2025-11-09 17:05:22,quality,Quality Control,128.72,23.19,94.15,29.99,15.45,353,green
2025-11-09 17:05:22,logistics,Logistics,107.04,19.45,90.3,24.94,12.84,338,green
2025-11-09 18:05:22,stamping,Stamping Shop,163.33,66.2,87.78,38.06,19.6,320,green
2025-11-09 18:05:22,body_shop,Body Shop (BIW),301.67,54.65,85.29,70.29,36.2,310,green
2025-11-09 18:05:22,paint,Paint Shop,443.83,257.9554385763647,81.91,103.41,53.26,298,green
2025-11-09 18:05:22,assembly,General Assembly,238.22,23.19,83.18,55.51,28.59,303,green
2025-11-09 18:05:22,powertrain,Powertrain Assembly,201.06,35.73,85.92,46.85,24.13,313,green
2025-11-09 18:05:22,quality,Quality Control,115.54,21.67,91.75,26.92,13.86,334,green
2025-11-09 18:05:22,logistics,Logistics,106.11,21.01,89.53,24.72,12.73,326,green
2025-11-09 19:05:22,stamping,Stamping Shop,269.17,62.33,90.68,62.72,32.3,544,green
2025-11-09 19:05:22,body_shop,Body Shop (BIW),483.92,53.51,86.61,112.75,58.07,519,green
2025-11-09 19:05:22,paint,Paint Shop,716.36,174.64,80.03,166.91,85.96,480,green
2025-11-09 19:05:22,assembly,General Assembly,450.83,24.61,85.64,105.04,54.1,513,green
2025-11-09 19:05:22,powertrain,Powertrain Assembly,325.45,37.27,88.71,75.83,39.05,532,green
2025-11-09 19:05:22,quality,Quality Control,174.14,22.09,70.63744414867165,40.57,20.9,559,red
2025-11-09 19:05:22,logistics,Logistics,160.3,20.78,94.19,37.35,19.24,565,green
2025-11-09 20:05:22,stamping,Stamping Shop,281.03,64.75,90.63,65.48,33.72,575,green
2025-11-09 20:05:22,body_shop,Body Shop (BIW),493.87,55.55,86.45,115.07,59.26,549,green
2025-11-09 20:05:22,paint,Paint Shop,877.94,183.4,83.84,204.56,105.35,532,green
2025-11-09 20:05:22,assembly,General Assembly,410.23,26.61,88.18,95.58,49.23,560,green
2025-11-09 20:05:22,powertrain,Powertrain Assembly,334.13,34.04,86.69,77.85,40.1,550,green
2025-11-09 20:05:22,quality,Quality Control,204.58,24.85,88.64,47.67,24.55,562,green
2025-11-09 20:05:22,logistics,Logistics,177.51,20.46,92.2,41.36,21.3,585,green
2025-11-09 21:05:22,stamping,Stamping Shop,312.98,65.98,87.68,72.93,37.56,586,green
2025-11-09 21:05:22,body_shop,Body Shop (BIW),529.83,56.12,85.58,123.45,63.58,572,green
2025-11-09 21:05:22,paint,Paint Shop,893.77,178.83,80.73,208.25,107.25,539,green
2025-11-09 21:05:22,assembly,General Assembly,445.29,24.28,85.09,103.75,53.44,569,green
2025-11-09 21:05:22,powertrain,Powertrain Assembly,366.85,33.08,89.64,85.48,44.02,599,green
2025-11-09 21:05:22,quality,Quality Control,202.78,22.62,94.36,47.25,24.33,631,green
2025-11-09 21:05:22,logistics,Logistics,189.17,20.58,85.04,44.08,22.7,568,green
2025-11-09 22:05:22,stamping,Stamping Shop,303.57,61.62,88.52,70.73,36.43,619,green
2025-11-09 22:05:22,body_shop,Body Shop (BIW),586.09,54.2,83.41,136.56,70.33,583,green
2025-11-09 22:05:22,paint,Paint Shop,841.17,186.49,82.8,195.99,100.94,579,green
2025-11-09 22:05:22,assembly,General Assembly,480.75,25.44,82.78,112.02,57.69,579,green
2025-11-09 22:05:22,powertrain,Powertrain Assembly,359.72,36.22,89.12,83.81,43.17,623,green
2025-11-09 22:05:22,quality,Quality Control,215.65,22.06,91.28,50.25,25.88,638,green
2025-11-09 22:05:22,logistics,Logistics,202.83,19.09,89.31,47.26,24.34,625,green
2025-11-09 23:05:22,stamping,Stamping Shop,295.9,63.1,88.48,68.94,35.51,643,green
2025-11-09 23:05:22,body_shop,Body Shop (BIW),579.31,57.76,85.59,134.98,69.52,622,green
2025-11-09 23:05:22,paint,Paint Shop,886.49,189.51,88.01,206.55,106.38,640,green
2025-11-09 23:05:22,assembly,General Assembly,506.68,24.92,86.43,118.06,60.8,628,green
2025-11-09 23:05:22,powertrain,Powertrain Assembly,372.99,35.1,86.46,86.91,44.76,628,green
2025-11-09 23:05:22,quality,Quality Control,227.72,20.79,92.31,53.06,27.33,671,green
2025-11-09 23:05:22,logistics,Logistics,211.42,21.36,89.9,49.26,25.37,653,green
2025-11-10 00:05:22,stamping,Stamping Shop,312.13,65.31,87.8,72.73,37.46,658,green
2025-11-10 00:05:22,body_shop,Body Shop (BIW),620.45,53.21,86.67,144.57,74.45,649,green
2025-11-10 00:05:22,paint,Paint Shop,911.39,193.22,85.44,212.35,109.37,640,green
2025-11-10 00:05:22,assembly,General Assembly,476.48,24.72,84.15,111.02,57.18,630,green
2025-11-10 00:05:22,powertrain,Powertrain Assembly,420.71,33.57,87.86,98.03,50.49,658,green
2025-11-10 00:05:22,quality,Quality Control,248.46,21.97,90.18,57.89,29.82,676,green
2025-11-10 00:05:22,logistics,Logistics,221.92,19.14,86.6,51.71,26.63,649,green
2025-11-10 01:05:22,stamping,Stamping Shop,342.98,64.22,90.55,79.91,41.16,693,green
2025-11-10 01:05:22,body_shop,Body Shop (BIW),602.57,57.72,84.18,140.4,72.31,645,green
2025-11-10 01:05:22,paint,Paint Shop,976.72,199.26,78.25,227.58,117.21,599,green
2025-11-10 01:05:22,assembly,General Assembly,552.82,24.15,86.53,128.81,66.34,663,green
2025-11-10 01:05:22,powertrain,Powertrain Assembly,425.81,35.9,89.03,99.21,51.1,682,green
2025-11-10 01:05:22,quality,Quality Control,236.07,21.74,96.02,55.0,28.33,735,green
2025-11-10 01:05:22,logistics,Logistics,207.41,20.6,93.6,48.33,24.89,717,green
2025-11-10 02:05:22,stamping,Stamping Shop,353.87,68.94,91.23,82.45,42.46,708,green
2025-11-10 02:05:22,body_shop,Body Shop (BIW),650.61,58.23,87.16,151.59,78.07,676,green
2025-11-10 02:05:22,paint,Paint Shop,929.0,173.18,85.68,216.46,111.48,665,green
2025-11-10 02:05:22,assembly,General Assembly,482.15,23.97,83.17,112.34,57.86,645,green
2025-11-10 02:05:22,powertrain,Powertrain Assembly,471.46,32.42,90.82,109.85,56.57,705,green
2025-11-10 02:05:22,quality,Quality Control,250.37,21.45,94.21,58.34,30.04,731,green
2025-11-10 02:05:22,logistics,Logistics,215.23,19.28,94.38,50.15,25.83,732,green
2025-11-10 03:05:22,stamping,Stamping Shop,378.11,69.3,87.95,88.1,45.37,686,green
2025-11-10 03:05:22,body_shop,Body Shop (BIW),597.41,53.61,83.14,139.2,71.69,648,green
2025-11-10 03:05:22,paint,Paint Shop,911.99,189.75,86.24,212.49,109.44,672,green
2025-11-10 03:05:22,assembly,General Assembly,1023.0905094364648,24.45,87.91,208.06680857089913,69.68,685,red
2025-11-10 03:05:22,powertrain,Powertrain Assembly,445.26,38.24,87.45,103.75,53.43,682,green
2025-11-10 03:05:22,quality,Quality Control,253.0,22.81,95.07,58.95,30.36,741,green
2025-11-10 03:05:22,logistics,Logistics,211.41,19.09,92.92,49.26,25.37,724,green
2025-11-10 04:05:22,stamping,Stamping Shop,351.22,63.62,87.9,81.83,42.15,682,green
2025-11-10 04:05:22,body_shop,Body Shop (BIW),586.12,54.9,90.61,136.57,70.33,703,green
2025-11-10 04:05:22,paint,Paint Shop,997.24,188.7,82.59,232.36,119.67,641,green
2025-11-10 04:05:22,assembly,General Assembly,568.68,24.93,74.39698960388358,132.5,68.24,685,amber
2025-11-10 04:05:22,powertrain,Powertrain Assembly,421.39,34.45,88.21,98.18,50.57,685,green
2025-11-10 04:05:22,quality,Quality Control,233.7,21.41,91.68,54.45,28.04,711,green
2025-11-10 04:05:22,logistics,Logistics,236.44,19.58,92.04,55.09,28.37,714,green
2025-11-10 05:05:22,stamping,Stamping Shop,360.28,63.35,90.11,83.94,43.23,690,green
2025-11-10 05:05:22,body_shop,Body Shop (BIW),618.81,57.11,84.32,144.18,74.26,646,green
2025-11-10 05:05:22,paint,Paint Shop,954.08,197.5,83.97,222.3,114.49,643,green
2025-11-10 05:05:22,assembly,General Assembly,537.76,24.34,84.03,125.3,64.53,643,green
2025-11-10 05:05:22,powertrain,Powertrain Assembly,410.5,35.5,87.56,95.65,49.26,670,green
2025-11-10 05:05:22,quality,Quality Control,230.96,21.37,91.05,53.81,27.71,697,green
2025-11-10 05:05:22,logistics,Logistics,221.55,20.34,92.9,51.62,26.59,711,green
2025-11-10 06:05:22,stamping,Stamping Shop,327.86,66.79,88.67,76.39,39.34,664,green
2025-11-10 06:05:22,body_shop,Body Shop (BIW),818.071127164751,55.18,82.81,212.9115775545535,68.82,620,green
2025-11-10 06:05:22,paint,Paint Shop,891.17,181.26,86.1,207.64,106.94,645,green
2025-11-10 06:05:22,assembly,General Assembly,545.29,25.85,84.57,127.05,65.44,634,green
2025-11-10 06:05:22,powertrain,Powertrain Assembly,395.01,35.26,88.68,92.04,47.4,664,green
2025-11-10 06:05:22,quality,Quality Control,237.4,21.85,89.05,55.31,28.49,667,green
2025-11-10 06:05:22,logistics,Logistics,217.5,20.66,94.89,50.68,26.1,711,green
2025-11-10 07:05:22,stamping,Stamping Shop,342.15,67.07,89.58,79.72,41.06,651,green
2025-11-10 07:05:22,body_shop,Body Shop (BIW),518.28,58.18,83.57,120.76,62.19,607,green
2025-11-10 07:05:22,paint,Paint Shop,869.26,178.91,80.7,202.54,104.31,586,green
2025-11-10 07:05:22,assembly,General Assembly,555.43,26.8,86.9,129.41,66.65,632,green
2025-11-10 07:05:22,powertrain,Powertrain Assembly,422.66,37.28,86.02,98.48,50.72,625,green
2025-11-10 07:05:22,quality,Quality Control,243.49,20.12,93.82,56.73,29.22,682,green
2025-11-10 07:05:22,logistics,Logistics,191.42,20.22,94.0,44.6,22.97,683,green
2025-11-10 08:05:22,stamping,Stamping Shop,309.02,67.74,87.56,72.0,37.08,612,green
2025-11-10 08:05:22,body_shop,Body Shop (BIW),557.79,58.11,86.68,129.97,66.93,606,green
2025-11-10 08:05:22,paint,Paint Shop,912.31,192.42,80.35,212.57,109.48,562,green
2025-11-10 08:05:22,assembly,General Assembly,494.43,25.27,85.24,115.2,59.33,596,green
2025-11-10 08:05:22,powertrain,Powertrain Assembly,394.43,35.03,83.2,91.9,47.33,582,green
2025-11-10 08:05:22,quality,Quality Control,219.77,23.52,89.61,51.21,26.37,627,green
2025-11-10 08:05:22,logistics,Logistics,187.35,21.11,93.63,43.65,22.48,655,green
2025-11-10 09:05:22,stamping,Stamping Shop,284.92,66.74,90.42,66.39,34.19,604,green
2025-11-10 09:05:22,body_shop,Body Shop (BIW),529.51,55.72,85.72,123.38,63.54,573,green
2025-11-10 09:05:22,paint,Paint Shop,789.91,185.82,83.95,184.05,94.79,561,green
2025-11-10 09:05:22,assembly,General Assembly,417.82,24.82,89.3,97.35,50.14,597,green
2025-11-10 09:05:22,powertrain,Powertrain Assembly,358.69,37.54,89.05,83.57,43.04,595,green
2025-11-10 09:05:22,quality,Quality Control,197.21,23.41,92.7,45.95,23.67,620,green
2025-11-10 09:05:22,logistics,Logistics,177.15,18.71,92.13,41.27,21.26,616,green
2025-11-10 10:05:22,stamping,Stamping Shop,295.06,62.65,89.55,68.75,35.41,568,green
2025-11-10 10:05:22,body_shop,Body Shop (BIW),516.88,54.4,85.68,120.43,62.03,544,green
2025-11-10 10:05:22,paint,Paint Shop,760.56,186.64,85.47,177.21,91.27,542,green
2025-11-10 10:05:22,assembly,General Assembly,398.62,25.41,86.87,92.88,47.83,551,green
2025-11-10 10:05:22,powertrain,Powertrain Assembly,349.34,33.57,87.92,81.4,41.92,558,green
2025-11-10 10:05:22,quality,Quality Control,202.62,21.24,93.05,47.21,24.31,590,green
2025-11-10 10:05:22,logistics,Logistics,191.52,19.57,89.74,44.62,22.98,569,green
2025-11-10 11:05:22,stamping,Stamping Shop,173.56,61.85,89.47,40.44,20.83,350,green
2025-11-10 11:05:22,body_shop,Body Shop (BIW),309.0,52.64,87.27,72.0,37.08,341,green
2025-11-10 11:05:22,paint,Paint Shop,462.68,195.77,82.7,107.81,55.52,323,green
2025-11-10 11:05:22,assembly,General Assembly,266.74,24.59,86.28,62.15,32.01,337,green
2025-11-10 11:05:22,powertrain,Powertrain Assembly,227.78,34.53,85.85,53.07,27.33,336,green
2025-11-10 11:05:22,quality,Quality Control,128.17,21.53,93.51,29.86,15.38,366,green
2025-11-10 11:05:22,logistics,Logistics,114.6,20.44,92.84,26.7,13.75,363,green
2025-11-10 12:05:22,stamping,Stamping Shop,194.03,62.16,91.61,45.21,23.28,373,green
2025-11-10 12:05:22,body_shop,Body Shop (BIW),314.01,55.09,87.01,73.16,37.68,354,green
2025-11-10 12:05:22,paint,Paint Shop,446.86,188.63,82.08,104.12,53.62,334,green
2025-11-10 12:05:22,assembly,General Assembly,282.8,24.59,89.43,65.89,33.94,364,green
2025-11-10 12:05:22,powertrain,Powertrain Assembly,220.57,31.94,88.2,51.39,26.47,359,green
2025-11-10 12:05:22,quality,Quality Control,139.7,21.11,95.3,32.55,16.76,388,green
2025-11-10 12:05:22,logistics,Logistics,114.4,19.93,91.92,26.66,13.73,374,green
2025-11-10 13:05:22,stamping,Stamping Shop,312.28,67.31,86.51,72.76,37.47,601,green
2025-11-10 13:05:22,body_shop,Body Shop (BIW),505.9,54.65,84.74,117.87,60.71,588,green
2025-11-10 13:05:22,paint,Paint Shop,902.32,183.66,85.89,210.24,108.28,596,green
2025-11-10 13:05:22,assembly,General Assembly,467.32,24.27,82.4,108.89,56.08,572,green
2025-11-10 13:05:22,powertrain,Powertrain Assembly,391.74,34.15,86.2,91.27,47.01,598,green
2025-11-10 13:05:22,quality,Quality Control,227.82,20.99,90.9,53.08,27.34,631,green
2025-11-10 13:05:22,logistics,Logistics,198.19,20.07,93.73,46.18,23.78,651,green
2025-11-10 14:05:22,stamping,Stamping Shop,264.81,65.83,93.13,61.7,31.78,545,green
2025-11-10 14:05:22,body_shop,Body Shop (BIW),454.81,56.0,87.29,105.97,54.58,510,green
2025-11-10 14:05:22,paint,Paint Shop,724.79,187.91,82.49,168.88,86.97,482,green
2025-11-10 14:05:22,assembly,General Assembly,360.43,24.17,85.42,83.98,43.25,499,green
2025-11-10 14:05:22,powertrain,Powertrain Assembly,345.26,36.71,84.13,80.45,41.43,492,green
2025-11-10 14:05:22,quality,Quality Control,181.76,21.49,95.34,42.35,21.81,557,green
2025-11-10 14:05:22,logistics,Logistics,153.75,21.56,92.26,35.82,18.45,540,green
2025-11-10 15:05:22,stamping,Stamping Shop,245.77,66.63,87.26,57.26,29.49,477,green
2025-11-10 15:05:22,body_shop,Body Shop (BIW),473.23,57.43,83.85,110.26,56.79,458,green
2025-11-10 15:05:22,paint,Paint Shop,676.88,189.9,82.32,157.71,81.23,450,green
2025-11-10 15:05:22,assembly,General Assembly,363.38,24.02,83.84,84.67,43.61,458,green
2025-11-10 15:05:22,powertrain,Powertrain Assembly,286.05,34.82,88.26,66.65,34.33,482,green
2025-11-10 15:05:22,quality,Quality Control,170.2,21.42,89.83,39.66,20.42,491,green
2025-11-10 15:05:22,logistics,Logistics,134.35,20.34,91.2,31.3,16.12,498,green
2025-11-10 16:05:22,stamping,Stamping Shop,234.17,66.8,90.18,54.56,28.1,496,green
2025-11-10 16:05:22,body_shop,Body Shop (BIW),482.28,53.02,84.86,112.37,57.87,467,green
2025-11-10 16:05:22,paint,Paint Shop,651.6,182.92,82.14,151.82,78.19,452,green
2025-11-10 16:05:22,assembly,General Assembly,386.09,26.54,88.18,89.96,46.33,485,green
2025-11-10 16:05:22,powertrain,Powertrain Assembly,320.11,34.1,88.54,74.58,38.41,487,green
2025-11-10 16:05:22,quality,Quality Control,183.77,21.12,94.63,42.82,22.05,521,green
2025-11-10 16:05:22,logistics,Logistics,142.83,19.94,85.39,33.28,17.14,470,green
2025-11-10 17:05:22,stamping,Stamping Shop,244.49,63.17,89.74,56.97,29.34,516,green
2025-11-10 17:05:22,body_shop,Body Shop (BIW),438.5,53.09,88.38,102.17,52.62,508,green
2025-11-10 17:05:22,paint,Paint Shop,653.76,173.95,83.94,152.33,78.45,482,green
2025-11-10 17:05:22,assembly,General Assembly,385.16,25.21,88.83,89.74,46.22,510,green
2025-11-10 17:05:22,powertrain,Powertrain Assembly,312.28,33.78,87.82,72.76,37.47,505,green
2025-11-10 17:05:22,quality,Quality Control,185.35,22.21,98.47,43.19,22.24,566,green
2025-11-10 17:05:22,logistics,Logistics,157.73,21.49,90.96,36.75,18.93,523,green
2025-11-10 18:05:22,stamping,Stamping Shop,295.52,64.73,90.57,68.86,35.46,609,green
2025-11-10 18:05:22,body_shop,Body Shop (BIW),546.75,51.17,87.1,127.39,65.61,586,green
2025-11-10 18:05:22,paint,Paint Shop,841.77,184.81,81.98,196.13,101.01,552,green
2025-11-10 18:05:22,assembly,General Assembly,450.01,23.57,88.0,104.85,54.0,592,green
2025-11-10 18:05:22,powertrain,Powertrain Assembly,367.31,34.24,87.95,85.58,44.08,592,green
2025-11-10 18:05:22,quality,Quality Control,235.34,22.75,92.24,54.84,28.24,621,green
2025-11-10 18:05:22,logistics,Logistics,174.3,21.1,89.62,40.61,20.92,603,green
2025-11-10 19:05:22,stamping,Stamping Shop,465.16,62.73,87.69,108.38,55.82,876,green
2025-11-10 19:05:22,body_shop,Body Shop (BIW),825.73,56.25,88.03,192.4,99.09,880,green
2025-11-10 19:05:22,paint,Paint Shop,1145.3,183.77,78.55,266.86,137.44,785,green
2025-11-10 19:05:22,assembly,General Assembly,664.8,24.92,87.04,154.9,79.78,870,green
2025-11-10 19:05:22,powertrain,Powertrain Assembly,566.28,36.26,86.8,131.94,67.95,867,green
2025-11-10 19:05:22,quality,Quality Control,333.29,22.92,93.48,77.66,39.99,934,green
2025-11-10 19:05:22,logistics,Logistics,286.14,20.14,90.77,66.67,34.34,907,green
2025-11-10 20:05:22,stamping,Stamping Shop,471.67,67.98,90.95,109.9,56.6,962,green
2025-11-10 20:05:22,body_shop,Body Shop (BIW),836.64,60.76,85.51,194.94,100.4,905,green
2025-11-10 20:05:22,paint,Paint Shop,1324.87,186.07,82.73,308.69,158.98,875,green
2025-11-10 20:05:22,assembly,General Assembly,693.71,23.33,85.46,161.63,83.24,904,green
2025-11-10 20:05:22,powertrain,Powertrain Assembly,524.15,35.92,91.69,122.13,62.9,970,green
2025-11-10 20:05:22,quality,Quality Control,358.7,22.75,89.52,83.58,43.04,947,green
2025-11-10 20:05:22,logistics,Logistics,287.13,20.24,94.64,66.9,34.46,1001,green
2025-11-10 21:05:22,stamping,Stamping Shop,481.63,68.62,91.23,112.22,57.8,1017,green
2025-11-10 21:05:22,body_shop,Body Shop (BIW),838.89,58.92,86.72,195.46,100.67,966,green
2025-11-10 21:05:22,paint,Paint Shop,1372.56,193.21,86.19,319.81,164.71,960,green
2025-11-10 21:05:22,assembly,General Assembly,731.31,24.7,85.23,170.39,87.76,950,green
2025-11-10 21:05:22,powertrain,Powertrain Assembly,641.61,35.89,89.27,149.49,76.99,995,amber
2025-11-10 21:05:22,quality,Quality Control,376.9,20.55,91.03,87.82,45.23,1014,amber
2025-11-10 21:05:22,logistics,Logistics,324.12,19.84,92.75,75.52,38.89,1033,amber
2025-11-10 22:05:22,stamping,Stamping Shop,560.05,66.62,90.19,130.49,67.21,1052,amber
2025-11-10 22:05:22,body_shop,Body Shop (BIW),923.55,52.25,83.6,215.19,110.83,975,amber
2025-11-10 22:05:22,paint,Paint Shop,1402.51,171.77,80.92,326.78,168.3,944,amber
2025-11-10 22:05:22,assembly,General Assembly,752.84,25.95,84.67,175.41,90.34,987,green
2025-11-10 22:05:22,powertrain,Powertrain Assembly,645.87,33.93,84.38,150.49,77.5,984,amber
2025-11-10 22:05:22,quality,Quality Control,400.13,22.1,94.72,93.23,48.02,1105,red
2025-11-10 22:05:22,logistics,Logistics,299.31,21.24,89.92,69.74,35.92,1049,green
2025-11-10 23:05:22,stamping,Stamping Shop,562.72,63.0,85.49,131.11,67.53,1036,red
2025-11-10 23:05:22,body_shop,Body Shop (BIW),1005.87,55.59,82.23,234.37,120.7,996,red
2025-11-10 23:05:22,paint,Paint Shop,1368.6,177.85,81.57,318.88,164.23,988,green
2025-11-10 23:05:22,assembly,General Assembly,886.36,25.58,88.33,206.52,106.36,1070,red
2025-11-10 23:05:22,powertrain,Powertrain Assembly,675.65,36.29,85.83,157.43,81.08,1040,amber
2025-11-10 23:05:22,quality,Quality Control,407.79,20.27,90.13,95.02,48.94,1092,red
2025-11-10 23:05:22,logistics,Logistics,347.65,20.0,88.72,81.0,41.72,1075,amber
2025-11-11 00:05:22,stamping,Stamping Shop,561.63,69.61,85.26,130.86,67.4,1065,amber
2025-11-11 00:05:22,body_shop,Body Shop (BIW),937.49,52.79,87.1,218.44,112.5,1088,amber
2025-11-11 00:05:22,paint,Paint Shop,1453.26,187.0,85.81,338.61,174.39,1072,amber
2025-11-11 00:05:22,assembly,General Assembly,854.54,24.55,86.66,199.11,102.55,1082,red
2025-11-11 00:05:22,powertrain,Powertrain Assembly,679.9,35.97,84.91,158.42,81.59,1060,amber
2025-11-11 00:05:22,quality,Quality Control,400.49,22.07,93.54,93.31,48.06,1168,red
2025-11-11 00:05:22,logistics,Logistics,366.98,20.25,64.38734621364618,85.51,44.04,1135,red
2025-11-11 01:05:22,stamping,Stamping Shop,606.74,62.35,90.16,141.37,72.81,1151,red
2025-11-11 01:05:22,body_shop,Body Shop (BIW),1076.15,53.49,88.57,250.74,129.14,1131,red
2025-11-11 01:05:22,paint,Paint Shop,1512.89,182.48,81.43,352.5,181.55,1040,red
2025-11-11 01:05:22,assembly,General Assembly,918.91,24.32,85.24,214.11,110.27,1088,red
2025-11-11 01:05:22,powertrain,Powertrain Assembly,679.78,33.52,89.9,158.39,81.57,1148,amber
2025-11-11 01:05:22,quality,Quality Control,407.3,22.78,89.15,94.9,48.88,1138,red
2025-11-11 01:05:22,logistics,Logistics,346.64,22.08,88.12,80.77,41.6,1125,amber
2025-11-11 02:05:22,stamping,Stamping Shop,609.73,68.58,86.43,142.07,73.17,1118,red
2025-11-11 02:05:22,body_shop,Body Shop (BIW),994.35,54.04,86.55,231.68,119.32,1120,amber
2025-11-11 02:05:22,paint,Paint Shop,1433.29,178.5,80.83,333.96,171.99,1046,amber
2025-11-11 02:05:22,assembly,General Assembly,923.71,25.69,88.58,215.22,110.84,1146,red
2025-11-11 02:05:22,powertrain,Powertrain Assembly,736.12,35.13,85.4,171.52,88.33,1105,red
2025-11-11 02:05:22,quality,Quality Control,424.96,21.62,92.47,99.02,50.99,1196,red
2025-11-11 02:05:22,logistics,Logistics,331.14,19.8,94.25,77.15,39.74,1219,amber
2025-11-11 03:05:22,stamping,Stamping Shop,543.32,63.57,89.42,126.59,65.2,1162,amber
2025-11-11 03:05:22,body_shop,Body Shop (BIW),1058.62,53.15,84.35,246.66,127.03,1096,red
2025-11-11 03:05:22,paint,Paint Shop,1428.22,175.64,81.72,332.77,171.39,1062,amber
2025-11-11 03:05:22,assembly,General Assembly,835.17,25.54,88.94,194.6,100.22,1156,amber
2025-11-11 03:05:22,powertrain,Powertrain Assembly,699.31,33.46,88.51,162.94,83.92,1150,red
2025-11-11 03:05:22,quality,Quality Control,426.53,22.78,92.41,99.38,51.18,1201,red
2025-11-11 03:05:22,logistics,Logistics,358.41,19.54,91.6,83.51,43.01,1190,red
2025-11-11 04:05:22,stamping,Stamping Shop,576.1,67.26,92.15,134.23,69.13,1192,red
2025-11-11 04:05:22,body_shop,Body Shop (BIW),1001.06,58.08,88.95,233.25,120.13,1151,red
2025-11-11 04:05:22,paint,Paint Shop,1632.29,177.99,83.96,380.32,195.88,1086,red
2025-11-11 04:05:22,assembly,General Assembly,893.36,25.06,85.81,208.15,107.2,1110,red
2025-11-11 04:05:22,powertrain,Powertrain Assembly,701.81,37.35,91.63,163.52,84.22,1185,red
2025-11-11 04:05:22,quality,Quality Control,425.04,22.74,89.97,99.03,51.0,1164,red
2025-11-11 04:05:22,logistics,Logistics,375.66,18.96,93.19,87.53,45.08,1206,red
2025-11-11 05:05:22,stamping,Stamping Shop,595.07,64.02,93.59,138.65,71.41,1195,red
2025-11-11 05:05:22,body_shop,Body Shop (BIW),1025.98,58.26,87.73,239.05,123.12,1120,red
2025-11-11 05:05:22,paint,Paint Shop,1601.85,171.96,85.11,373.23,192.22,1087,red
2025-11-11 05:05:22,assembly,General Assembly,891.09,25.16,88.88,207.62,106.93,1135,red
2025-11-11 05:05:22,powertrain,Powertrain Assembly,741.14,37.51,88.29,172.68,88.94,1127,red
2025-11-11 05:05:22,quality,Quality Control,415.79,20.75,90.68,96.88,49.89,1158,red
2025-11-11 05:05:22,logistics,Logistics,365.0,18.79,87.28,85.05,43.8,1114,red
2025-11-11 06:05:22,stamping,Stamping Shop,530.47,65.75,91.03,123.6,63.66,1137,amber
2025-11-11 06:05:22,body_shop,Body Shop (BIW),1009.41,53.15,88.63,235.19,121.13,1107,red
2025-11-11 06:05:22,paint,Paint Shop,1508.24,178.55,83.61,351.42,180.99,1044,red
2025-11-11 06:05:22,assembly,General Assembly,843.0,24.71,82.72,196.42,101.16,1033,amber
2025-11-11 06:05:22,powertrain,Powertrain Assembly,651.5,35.44,85.28,151.8,78.18,1065,amber
2025-11-11 06:05:22,quality,Quality Control,377.43,20.46,93.67,87.94,45.29,1170,amber
2025-11-11 06:05:22,logistics,Logistics,323.29,21.19,90.02,75.33,38.79,1124,amber
2025-11-11 07:05:22,stamping,Stamping Shop,539.42,71.6,88.84,125.69,64.73,1076,amber
2025-11-11 07:05:22,body_shop,Body Shop (BIW),997.72,54.5,90.5,232.47,119.73,1096,amber
2025-11-11 07:05:22,paint,Paint Shop,1354.8,194.89,81.5,315.67,162.58,987,green
2025-11-11 07:05:22,assembly,General Assembly,789.56,23.11,88.24,183.97,94.75,1069,amber
2025-11-11 07:05:22,powertrain,Powertrain Assembly,648.63,36.18,88.19,151.13,77.84,1069,amber
2025-11-11 07:05:22,quality,Quality Control,391.19,20.85,92.96,91.15,46.94,1126,amber
2025-11-11 07:05:22,logistics,Logistics,342.67,19.31,85.12,79.84,41.12,1031,amber
2025-11-11 08:05:22,stamping,Stamping Shop,482.78,66.37,65.57152214973664,112.49,57.93,1053,red
2025-11-11 08:05:22,body_shop,Body Shop (BIW),946.1,51.24,87.76,220.44,113.53,1023,amber
2025-11-11 08:05:22,paint,Paint Shop,1313.29,193.19,79.56,306.0,157.59,928,green
2025-11-11 08:05:22,assembly,General Assembly,810.34,25.26,87.71,188.81,97.24,1023,amber
2025-11-11 08:05:22,powertrain,Powertrain Assembly,660.62,37.96,85.72,153.92,79.27,1000,amber
2025-11-11 08:05:22,quality,Quality Control,364.93,23.55,94.48,85.03,43.79,1102,green
2025-11-11 08:05:22,logistics,Logistics,280.15,19.33,88.74,65.28,33.62,1035,green
2025-11-11 09:05:22,stamping,Stamping Shop,507.1,68.91,90.02,118.16,60.85,1003,green
2025-11-11 09:05:22,body_shop,Body Shop (BIW),831.28,54.53,87.94,193.69,99.75,980,green
2025-11-11 09:05:22,paint,Paint Shop,1411.71,192.85,87.01,328.93,169.41,969,amber
2025-11-11 09:05:22,assembly,General Assembly,743.68,25.05,89.15,173.28,89.24,993,green
2025-11-11 09:05:22,powertrain,Powertrain Assembly,608.92,33.05,95.35,141.88,73.07,1062,green
2025-11-11 09:05:22,quality,Quality Control,361.48,21.04,92.71,84.22,43.38,1033,green
2025-11-11 09:05:22,logistics,Logistics,312.7,20.26,91.18,72.86,37.52,1016,green
2025-11-11 10:05:22,stamping,Stamping Shop,495.91,67.66,92.41,115.55,59.51,978,green
2025-11-11 10:05:22,body_shop,Body Shop (BIW),863.48,59.04,83.09,201.19,103.62,879,green
2025-11-11 10:05:22,paint,Paint Shop,1351.79,179.97,82.0,314.97,162.21,867,green
2025-11-11 10:05:22,assembly,General Assembly,761.42,24.09,85.07,177.41,91.37,900,green
2025-11-11 10:05:22,powertrain,Powertrain Assembly,548.11,33.4,87.85,127.71,65.77,929,green
2025-11-11 10:05:22,quality,Quality Control,356.37,22.14,96.11,83.04,42.76,1017,green
2025-11-11 10:05:22,logistics,Logistics,296.43,20.87,93.74,69.07,35.57,992,green
2025-11-11 11:05:22,stamping,Stamping Shop,303.14,63.28,85.15,70.63,36.38,565,green
2025-11-11 11:05:22,body_shop,Body Shop (BIW),494.61,50.54,87.66,115.24,59.35,582,green
2025-11-11 11:05:22,paint,Paint Shop,807.25,189.51,83.6,188.09,96.87,555,green
2025-11-11 11:05:22,assembly,General Assembly,436.72,25.14,89.99,101.76,52.41,597,green
2025-11-11 11:05:22,powertrain,Powertrain Assembly,374.2,36.81,88.0,87.19,44.9,584,green
2025-11-11 11:05:22,quality,Quality Control,200.76,22.06,92.34,46.78,24.09,613,green
2025-11-11 11:05:22,logistics,Logistics,190.26,20.92,92.24,44.33,22.83,612,green
2025-11-11 12:05:22,stamping,Stamping Shop,247.09,65.71,92.73,57.57,29.65,509,green
2025-11-11 12:05:22,body_shop,Body Shop (BIW),409.08,55.57,89.38,95.32,49.09,491,green
2025-11-11 12:05:22,paint,Paint Shop,682.54,164.71,87.36,159.03,81.9,480,green
2025-11-11 12:05:22,assembly,General Assembly,372.81,24.25,87.01,86.86,44.74,478,green
2025-11-11 12:05:22,powertrain,Powertrain Assembly,307.84,32.68,87.11,71.73,36.94,478,green
2025-11-11 12:05:22,quality,Quality Control,179.21,21.73,90.85,41.76,21.5,499,green
2025-11-11 12:05:22,logistics,Logistics,141.92,18.85,93.19,33.07,17.03,512,green
2025-11-11 13:05:22,stamping,Stamping Shop,262.4,64.21,90.89,61.14,31.49,598,green
2025-11-11 13:05:22,body_shop,Body Shop (BIW),518.92,52.78,89.63,120.91,62.27,590,green
2025-11-11 13:05:22,paint,Paint Shop,812.09,195.83,81.52,189.22,97.45,536,green
2025-11-11 13:05:22,assembly,General Assembly,472.12,25.34,87.7,110.0,56.65,577,green
2025-11-11 13:05:22,powertrain,Powertrain Assembly,361.77,35.73,84.87,84.29,43.41,558,green
2025-11-11 13:05:22,quality,Quality Control,215.14,21.48,87.95,50.13,25.82,578,green
2025-11-11 13:05:22,logistics,Logistics,191.08,19.36,94.82,44.52,22.93,624,green
2025-11-11 14:05:22,stamping,Stamping Shop,316.62,62.8,88.29,73.77,37.99,616,green
2025-11-11 14:05:22,body_shop,Body Shop (BIW),562.33,56.81,85.37,131.02,67.48,596,green
2025-11-11 14:05:22,paint,Paint Shop,824.69,185.91,84.24,192.15,98.96,588,green
2025-11-11 14:05:22,assembly,General Assembly,499.21,23.38,82.18,116.32,59.9,574,green
2025-11-11 14:05:22,powertrain,Powertrain Assembly,401.98,31.4,87.63,93.66,48.24,612,green
2025-11-11 14:05:22,quality,Quality Control,243.5,21.82,88.8,56.74,29.22,620,green
2025-11-11 14:05:22,logistics,Logistics,183.21,19.81,91.65,42.69,21.99,640,green
2025-11-11 15:05:22,stamping,Stamping Shop,292.58,64.83,92.37,68.17,35.11,564,green
2025-11-11 15:05:22,body_shop,Body Shop (BIW),476.04,55.11,85.51,110.92,57.13,522,green
2025-11-11 15:05:22,paint,Paint Shop,678.0,169.26,80.84,157.97,81.36,493,green
2025-11-11 15:05:22,assembly,General Assembly,429.7,26.02,83.19,100.12,51.56,508,green
2025-11-11 15:05:22,powertrain,Powertrain Assembly,318.76,37.53,90.63,74.27,38.25,553,green
2025-11-11 15:05:22,quality,Quality Control,192.63,22.59,93.47,44.88,23.12,570,green
2025-11-11 15:05:22,logistics,Logistics,159.51,19.2,89.53,37.17,19.14,546,green
2025-11-11 16:05:22,stamping,Stamping Shop,337.67,63.05,90.72,78.68,40.52,634,green
2025-11-11 16:05:22,body_shop,Body Shop (BIW),515.75,57.79,88.23,120.17,61.89,616,green
2025-11-11 16:05:22,paint,Paint Shop,849.46,186.52,80.7,197.92,101.93,563,green
2025-11-11 16:05:22,assembly,General Assembly,439.31,27.76,82.86,102.36,52.72,579,green
2025-11-11 16:05:22,powertrain,Powertrain Assembly,385.58,36.54,89.61,89.84,46.27,626,green
2025-11-11 16:05:22,quality,Quality Control,223.53,22.07,91.31,52.08,26.82,638,green
2025-11-11 16:05:22,logistics,Logistics,194.61,19.67,89.2,45.34,23.35,623,green
2025-11-11 17:05:22,stamping,Stamping Shop,297.97,65.54,90.11,69.43,35.76,593,green
2025-11-11 17:05:22,body_shop,Body Shop (BIW),552.03,54.9,85.97,128.62,66.24,565,green
2025-11-11 17:05:22,paint,Paint Shop,780.61,178.33,87.24,181.88,93.67,574,green
2025-11-11 17:05:22,assembly,General Assembly,402.93,25.27,81.83,93.88,48.35,538,green
2025-11-11 17:05:22,powertrain,Powertrain Assembly,361.95,35.81,87.35,84.34,43.43,574,green
2025-11-11 17:05:22,quality,Quality Control,211.12,23.07,93.89,49.19,25.33,617,green
2025-11-11 17:05:22,logistics,Logistics,198.9,20.53,88.0,46.34,23.87,579,green
2025-11-11 18:05:22,stamping,Stamping Shop,259.63,63.94,87.68,60.49,31.16,512,green
2025-11-11 18:05:22,body_shop,Body Shop (BIW),483.28,53.12,85.19,112.61,57.99,497,green
2025-11-11 18:05:22,paint,Paint Shop,695.23,174.49,84.35,161.99,83.43,492,green
2025-11-11 18:05:22,assembly,General Assembly,394.75,25.84,84.22,91.98,47.37,492,green
2025-11-11 18:05:22,powertrain,Powertrain Assembly,312.59,36.19,90.38,72.83,37.51,528,green
2025-11-11 18:05:22,quality,Quality Control,184.9,22.4,92.85,43.08,22.19,542,green
2025-11-11 18:05:22,logistics,Logistics,158.53,20.35,90.34,36.94,19.02,527,green
2025-11-11 19:05:22,stamping,Stamping Shop,426.28,67.21,93.13,99.32,51.15,931,green
2025-11-11 19:05:22,body_shop,Body Shop (BIW),788.37,55.36,87.81,183.69,94.6,878,green
2025-11-11 19:05:22,paint,Paint Shop,1144.35,199.78,80.75,266.63,137.32,807,green
2025-11-11 19:05:22,assembly,General Assembly,686.97,25.47,85.16,160.07,82.44,851,green
2025-11-11 19:05:22,powertrain,Powertrain Assembly,521.88,34.45,89.21,121.6,62.63,892,green
2025-11-11 19:05:22,quality,Quality Control,297.25,23.24,91.68,69.26,35.67,916,green
2025-11-11 19:05:22,logistics,Logistics,282.6,20.31,90.0,65.85,33.91,899,green
2025-11-11 20:05:22,stamping,Stamping Shop,460.22,66.0,89.03,107.23,55.23,942,green
2025-11-11 20:05:22,body_shop,Body Shop (BIW),835.53,53.87,90.09,194.68,100.26,953,green
2025-11-11 20:05:22,paint,Paint Shop,1245.97,178.95,82.76,290.31,149.52,876,green
2025-11-11 20:05:22,assembly,General Assembly,717.28,25.22,85.97,167.13,86.07,910,green
2025-11-11 20:05:22,powertrain,Powertrain Assembly,553.43,34.05,87.57,128.95,66.41,926,green
2025-11-11 20:05:22,quality,Quality Control,307.03,23.74,96.33,71.54,36.84,1019,green
2025-11-11 20:05:22,logistics,Logistics,293.74,19.05,91.29,68.44,35.25,966,green
2025-11-11 21:05:22,stamping,Stamping Shop,479.8,69.14,89.74,111.79,57.58,1000,green
2025-11-11 21:05:22,body_shop,Body Shop (BIW),908.68,54.51,86.79,211.72,109.04,967,green
2025-11-11 21:05:22,paint,Paint Shop,1332.8,182.62,78.74,310.54,159.94,877,green
2025-11-11 21:05:22,assembly,General Assembly,725.81,23.48,83.57,169.11,87.1,931,green
2025-11-11 21:05:22,powertrain,Powertrain Assembly,632.93,35.06,86.53,147.47,75.95,964,amber
2025-11-11 21:05:22,quality,Quality Control,387.91,20.76,94.4,90.38,46.55,1052,amber
2025-11-11 21:05:22,logistics,Logistics,330.53,19.62,89.62,77.01,39.66,999,amber
2025-11-11 22:05:22,stamping,Stamping Shop,515.83,67.77,89.54,120.19,61.9,1044,green
2025-11-11 22:05:22,body_shop,Body Shop (BIW),932.99,56.82,84.17,217.39,111.96,981,amber
2025-11-11 22:05:22,paint,Paint Shop,1451.93,186.95,80.94,338.3,174.23,944,amber
2025-11-11 22:05:22,assembly,General Assembly,725.79,24.9,86.73,169.11,87.09,1011,green
2025-11-11 22:05:22,powertrain,Powertrain Assembly,625.18,34.82,93.0,145.67,75.02,1085,green
2025-11-11 22:05:22,quality,Quality Control,380.09,23.44,91.7,88.56,45.61,1069,amber
2025-11-11 22:05:22,logistics,Logistics,329.93,19.73,91.76,76.87,39.59,1070,amber
2025-11-11 23:05:22,stamping,Stamping Shop,574.93,65.03,86.98,133.96,68.99,1054,red
2025-11-11 23:05:22,body_shop,Body Shop (BIW),1026.93,50.13,87.21,239.27,123.23,1057,red
2025-11-11 23:05:22,paint,Paint Shop,1442.28,171.44,79.26,336.05,173.07,960,amber
2025-11-11 23:05:22,assembly,General Assembly,789.28,25.01,81.21,183.9,94.71,984,amber
2025-11-11 23:05:22,powertrain,Powertrain Assembly,638.03,33.56,88.33,148.66,76.56,1070,amber
2025-11-11 23:05:22,quality,Quality Control,361.07,23.59,94.16,84.13,43.33,1141,green
2025-11-11 23:05:22,logistics,Logistics,312.6,18.83,92.67,72.84,37.51,1123,green
2025-11-12 00:05:22,stamping,Stamping Shop,637.63,63.17,91.4,148.57,76.52,1141,red
2025-11-12 00:05:22,body_shop,Body Shop (BIW),1055.24,56.83,85.59,245.87,126.63,1069,red
2025-11-12 00:05:22,paint,Paint Shop,1418.72,179.68,85.52,330.56,170.25,1068,amber
2025-11-12 00:05:22,assembly,General Assembly,937.65,25.86,87.71,218.47,112.52,1095,red
2025-11-12 00:05:22,powertrain,Powertrain Assembly,691.23,33.82,88.3,161.06,82.95,1103,red
2025-11-12 00:05:22,quality,Quality Control,415.0,22.86,90.56,96.69,49.8,1131,red
2025-11-12 00:05:22,logistics,Logistics,351.99,21.03,89.44,82.01,42.24,1117,red
2025-11-12 01:05:22,stamping,Stamping Shop,586.45,62.53,89.31,136.64,70.37,1140,red
2025-11-12 01:05:22,body_shop,Body Shop (BIW),996.71,55.07,84.47,232.23,119.6,1078,amber
2025-11-12 01:05:22,paint,Paint Shop,1477.23,183.87,85.99,344.2,177.27,1098,amber
2025-11-12 01:05:22,assembly,General Assembly,867.51,24.69,81.68,202.13,104.1,1043,red
2025-11-12 01:05:22,powertrain,Powertrain Assembly,744.49,36.05,85.21,173.47,89.34,1088,red
2025-11-12 01:05:22,quality,Quality Control,413.9,23.18,92.1,96.44,49.67,1176,red
2025-11-12 01:05:22,logistics,Logistics,347.83,18.85,94.45,81.04,41.74,1206,amber
2025-11-12 02:05:22,stamping,Stamping Shop,603.55,63.94,86.09,140.63,72.43,1114,red
2025-11-12 02:05:22,body_shop,Body Shop (BIW),1091.65,53.98,86.96,254.35,131.0,1125,red
2025-11-12 02:05:22,paint,Paint Shop,1525.68,193.5,80.29,355.48,183.08,1039,red
2025-11-12 02:05:22,assembly,General Assembly,966.15,23.47,85.56,225.11,115.94,1107,red
2025-11-12 02:05:22,powertrain,Powertrain Assembly,652.82,32.65,86.71,152.11,78.34,1122,amber
2025-11-12 02:05:22,quality,Quality Control,449.33,22.51,96.14,104.69,53.92,1244,red
2025-11-12 02:05:22,logistics,Logistics,342.96,20.04,90.44,79.91,41.16,1170,amber
2025-11-12 03:05:22,stamping,Stamping Shop,573.82,66.54,85.11,133.7,68.86,1106,red
2025-11-12 03:05:22,body_shop,Body Shop (BIW),980.87,54.22,87.54,228.54,117.7,1137,amber
2025-11-12 03:05:22,paint,Paint Shop,1607.75,177.44,86.66,374.61,192.93,1126,red
2025-11-12 03:05:22,assembly,General Assembly,879.24,24.67,85.15,204.86,105.51,1106,red
2025-11-12 03:05:22,powertrain,Powertrain Assembly,722.54,34.16,90.61,168.35,86.7,1177,red
2025-11-12 03:05:22,quality,Quality Control,379.05,22.21,92.74,88.32,45.49,1205,amber
2025-11-12 03:05:22,logistics,Logistics,384.71,20.89,92.04,89.64,46.16,1196,red
2025-11-12 04:05:22,stamping,Stamping Shop,583.69,63.79,92.65,136.0,70.04,1199,red
2025-11-12 04:05:22,body_shop,Body Shop (BIW),1078.3,57.74,90.6,251.24,129.4,1172,red
2025-11-12 04:05:22,paint,Paint Shop,1685.75,171.77,80.13,392.78,202.29,1037,red
2025-11-12 04:05:22,assembly,General Assembly,943.1,23.99,83.42,219.74,113.17,1079,red
2025-11-12 04:05:22,powertrain,Powertrain Assembly,657.48,34.6,89.19,153.19,78.9,1154,amber
2025-11-12 04:05:22,quality,Quality Control,405.98,21.56,93.97,94.59,48.72,1216,red
2025-11-12 04:05:22,logistics,Logistics,372.61,20.01,90.28,86.82,44.71,1168,red
2025-11-12 05:05:22,stamping,Stamping Shop,600.05,69.19,89.37,139.81,72.01,1141,red
2025-11-12 05:05:22,body_shop,Body Shop (BIW),1046.0,52.91,87.57,243.72,125.52,1118,red
2025-11-12 05:05:22,paint,Paint Shop,1662.11,186.82,80.78,387.27,199.45,1031,red
2025-11-12 05:05:22,assembly,General Assembly,881.25,25.67,82.17,205.33,105.75,1049,red
2025-11-12 05:05:22,powertrain,Powertrain Assembly,663.57,37.15,88.31,154.61,79.63,1127,amber
2025-11-12 05:05:22,quality,Quality Control,393.17,22.27,92.62,91.61,47.18,1182,amber
2025-11-12 05:05:22,logistics,Logistics,337.49,20.46,89.7,78.63,40.5,1145,amber
2025-11-12 06:05:22,stamping,Stamping Shop,559.73,68.87,74.13811138260247,130.42,67.17,1100,amber
2025-11-12 06:05:22,body_shop,Body Shop (BIW),954.3,55.63,87.64,222.35,114.52,1094,amber
2025-11-12 06:05:22,paint,Paint Shop,1471.43,188.32,84.46,342.84,176.57,1055,amber
2025-11-12 06:05:22,assembly,General Assembly,905.33,24.47,84.83,210.94,108.64,1059,red
2025-11-12 06:05:22,powertrain,Powertrain Assembly,649.2,33.19,89.47,151.26,77.9,1117,amber
2025-11-12 06:05:22,quality,Quality Control,386.43,21.89,89.82,90.04,46.37,1122,amber
2025-11-12 06:05:22,logistics,Logistics,357.36,20.35,90.79,83.26,42.88,1134,red
2025-11-12 07:05:22,stamping,Stamping Shop,567.24,66.34,89.74,132.17,68.07,1087,red
2025-11-12 07:05:22,body_shop,Body Shop (BIW),924.47,59.33,88.47,215.4,110.94,1072,amber
2025-11-12 07:05:22,paint,Paint Shop,1430.98,184.16,78.76,333.42,171.72,954,amber
2025-11-12 07:05:22,assembly,General Assembly,855.11,24.01,81.66,199.24,102.61,989,red
2025-11-12 07:05:22,powertrain,Powertrain Assembly,1123.7423687904866,37.01,87.51,256.0907357172168,79.32,1060,red
2025-11-12 07:05:22,quality,Quality Control,370.91,20.0,94.48,86.42,44.51,1145,amber
2025-11-12 07:05:22,logistics,Logistics,382.31,18.77,93.03,89.08,45.88,1127,red
2025-11-12 08:05:22,stamping,Stamping Shop,504.25,65.45,92.32,117.49,60.51,1077,green
2025-11-12 08:05:22,body_shop,Body Shop (BIW),1015.66,53.26,87.78,236.65,121.88,1024,red
2025-11-12 08:05:22,paint,Paint Shop,1401.93,177.32,81.76,326.65,168.23,953,amber
2025-11-12 08:05:22,assembly,General Assembly,837.92,25.08,84.52,195.24,100.55,986,amber
2025-11-12 08:05:22,powertrain,Powertrain Assembly,651.62,37.07,84.98,151.83,78.19,991,amber
2025-11-12 08:05:22,quality,Quality Control,366.25,21.47,94.38,85.34,43.95,1101,green
2025-11-12 08:05:22,logistics,Logistics,303.46,19.37,90.43,70.71,36.41,1054,green
2025-11-12 09:05:22,stamping,Stamping Shop,515.45,63.09,89.58,120.1,61.85,998,green
2025-11-12 09:05:22,body_shop,Body Shop (BIW),895.38,56.31,87.97,208.62,107.45,980,green
2025-11-12 09:05:22,paint,Paint Shop,1239.88,194.74,81.11,288.89,148.79,904,green
2025-11-12 09:05:22,assembly,General Assembly,742.43,25.2,83.71,172.99,89.09,933,green
2025-11-12 09:05:22,powertrain,Powertrain Assembly,632.08,32.25,88.04,147.27,75.85,981,green
2025-11-12 09:05:22,quality,Quality Control,348.39,23.22,92.23,81.18,41.81,1028,green
2025-11-12 09:05:22,logistics,Logistics,336.75,20.49,89.81,78.46,40.41,1001,amber
2025-11-12 10:05:22,stamping,Stamping Shop,496.19,65.01,91.07,115.61,59.54,964,green
2025-11-12 10:05:22,body_shop,Body Shop (BIW),835.54,56.54,84.73,194.68,100.26,896,green
2025-11-12 10:05:22,paint,Paint Shop,1344.21,194.7,85.66,313.2,161.31,906,green
2025-11-12 10:05:22,assembly,General Assembly,687.54,23.27,83.83,160.2,82.5,887,green
2025-11-12 10:05:22,powertrain,Powertrain Assembly,557.45,36.96,86.94,129.89,66.89,920,green
2025-11-12 10:05:22,quality,Quality Control,333.13,22.08,92.75,77.62,39.98,981,green
2025-11-12 10:05:22,logistics,Logistics,327.61,20.6,95.06,76.33,39.31,1006,amber
2025-11-12 11:05:22,stamping,Stamping Shop,322.14,69.57,90.88,75.06,38.66,602,green
2025-11-12 11:05:22,body_shop,Body Shop (BIW),484.61,56.14,88.56,112.91,58.15,586,green
2025-11-12 11:05:22,paint,Paint Shop,795.5,191.79,84.04,185.35,95.46,556,green
2025-11-12 11:05:22,assembly,General Assembly,428.02,23.67,83.07,99.73,51.36,550,green
2025-11-12 11:05:22,powertrain,Powertrain Assembly,403.78,35.96,88.49,94.08,48.45,586,green
2025-11-12 11:05:22,quality,Quality Control,200.76,20.06,92.85,46.78,24.09,615,green
2025-11-12 11:05:22,logistics,Logistics,189.37,19.47,88.28,44.12,22.72,584,green
2025-11-12 12:05:22,stamping,Stamping Shop,236.93,63.59,87.63,55.2,28.43,448,green
2025-11-12 12:05:22,body_shop,Body Shop (BIW),408.74,51.67,86.15,95.24,49.05,440,green
2025-11-12 12:05:22,paint,Paint Shop,588.46,187.46,85.76,137.11,70.62,438,green
2025-11-12 12:05:22,assembly,General Assembly,368.44,26.05,89.01,85.85,44.21,455,green
2025-11-12 12:05:22,powertrain,Powertrain Assembly,278.98,34.73,86.55,65.0,33.48,442,green
2025-11-12 12:05:22,quality,Quality Control,156.66,21.37,92.86,36.5,18.8,474,green
2025-11-12 12:05:22,logistics,Logistics,144.84,18.35,87.97,33.75,17.38,449,green
2025-11-12 13:05:22,stamping,Stamping Shop,276.0,71.06,87.74,64.31,33.12,494,green
2025-11-12 13:05:22,body_shop,Body Shop (BIW),460.35,51.35,86.88,107.26,55.24,489,green
2025-11-12 13:05:22,paint,Paint Shop,633.37,183.38,81.5,147.57,76.0,459,green
2025-11-12 13:05:22,assembly,General Assembly,422.84,25.41,84.34,98.52,50.74,475,green
2025-11-12 13:05:22,powertrain,Powertrain Assembly,329.94,36.55,88.49,76.88,39.59,498,green
2025-11-12 13:05:22,quality,Quality Control,182.9,21.6,98.93,42.62,21.95,557,green
2025-11-12 13:05:22,logistics,Logistics,163.37,19.67,92.6,38.06,19.6,521,green
2025-11-12 14:05:22,stamping,Stamping Shop,298.67,61.77,87.42,69.59,35.84,595,green
2025-11-12 14:05:22,body_shop,Body Shop (BIW),569.11,60.23,89.25,132.6,68.29,608,green
2025-11-12 14:05:22,paint,Paint Shop,817.84,191.34,83.43,190.56,98.14,568,green
2025-11-12 14:05:22,assembly,General Assembly,445.06,25.5,87.69,103.7,53.41,597,green
2025-11-12 14:05:22,powertrain,Powertrain Assembly,377.4,34.93,88.91,87.93,45.29,606,green
2025-11-12 14:05:22,quality,Quality Control,199.8,21.6,91.07,46.55,23.98,620,green
2025-11-12 14:05:22,logistics,Logistics,194.54,19.13,86.18,45.33,23.35,587,green
2025-11-12 15:05:22,stamping,Stamping Shop,283.91,63.95,83.56,66.15,34.07,556,green
2025-11-12 15:05:22,body_shop,Body Shop (BIW),551.11,57.6,85.14,128.41,66.13,566,green
2025-11-12 15:05:22,paint,Paint Shop,791.38,186.87,84.7,184.39,94.97,563,green
2025-11-12 15:05:22,assembly,General Assembly,477.78,26.58,86.16,111.32,57.33,573,green
2025-11-12 15:05:22,powertrain,Powertrain Assembly,361.96,32.05,89.16,84.34,43.44,593,green
2025-11-12 15:05:22,quality,Quality Control,200.9,20.6,91.02,46.81,24.11,605,green
2025-11-12 15:05:22,logistics,Logistics,192.23,19.96,92.5,44.79,23.07,615,green
2025-11-12 16:05:22,stamping,Stamping Shop,270.99,69.18,90.98,63.14,32.52,564,green
2025-11-12 16:05:22,body_shop,Body Shop (BIW),481.91,53.84,85.88,112.29,57.83,532,green
2025-11-12 16:05:22,paint,Paint Shop,776.6,195.97,82.59,180.95,93.19,512,green
2025-11-12 16:05:22,assembly,General Assembly,419.47,24.85,85.51,97.74,50.34,530,green
2025-11-12 16:05:22,powertrain,Powertrain Assembly,332.15,34.39,85.22,77.39,39.86,528,green
2025-11-12 16:05:22,quality,Quality Control,199.74,23.13,93.72,46.54,23.97,581,green
2025-11-12 16:05:22,logistics,Logistics,185.88,20.58,87.0,43.31,22.31,539,green
2025-11-12 17:05:22,stamping,Stamping Shop,291.9,62.74,87.69,68.01,35.03,566,green
2025-11-12 17:05:22,body_shop,Body Shop (BIW),486.39,55.39,87.53,113.33,58.37,565,green
2025-11-12 17:05:22,paint,Paint Shop,734.24,189.1,84.46,171.08,88.11,545,green
2025-11-12 17:05:22,assembly,General Assembly,416.28,24.55,85.97,96.99,49.95,555,green
2025-11-12 17:05:22,powertrain,Powertrain Assembly,355.68,36.43,85.1,82.87,42.68,550,green
2025-11-12 17:05:22,quality,Quality Control,204.49,21.64,90.21,47.65,24.54,583,green
2025-11-12 17:05:22,logistics,Logistics,176.59,18.83,91.1,41.14,21.19,588,green
2025-11-12 18:05:22,stamping,Stamping Shop,281.64,69.11,85.72,65.62,33.8,512,green
2025-11-12 18:05:22,body_shop,Body Shop (BIW),494.14,57.99,83.92,115.14,59.3,501,green
2025-11-12 18:05:22,paint,Paint Shop,657.42,184.93,82.85,153.18,78.89,495,green
2025-11-12 18:05:22,assembly,General Assembly,416.74,23.66,89.24,97.1,50.01,533,green
2025-11-12 18:05:22,powertrain,Powertrain Assembly,341.19,37.5,87.58,79.5,40.94,523,green
2025-11-12 18:05:22,quality,Quality Control,183.93,23.42,92.57,42.86,22.07,553,green
2025-11-12 18:05:22,logistics,Logistics,155.64,20.41,90.5,36.26,18.68,540,green
2025-11-12 19:05:22,stamping,Stamping Shop,407.47,64.51,85.11,94.94,48.9,851,green
2025-11-12 19:05:22,body_shop,Body Shop (BIW),787.86,54.97,85.59,183.57,94.54,855,green
2025-11-12 19:05:22,paint,Paint Shop,1123.31,183.22,82.93,261.73,134.8,829,green
2025-11-12 19:05:22,assembly,General Assembly,662.77,25.56,85.6,154.43,79.53,855,green
2025-11-12 19:05:22,powertrain,Powertrain Assembly,512.15,35.23,85.52,119.33,61.46,855,green
2025-11-12 19:05:22,quality,Quality Control,320.61,23.02,94.01,74.7,38.47,940,green
2025-11-12 19:05:22,logistics,Logistics,285.74,20.72,89.48,66.58,34.29,894,green
2025-11-12 20:05:22,stamping,Stamping Shop,484.23,63.08,89.02,112.83,58.11,942,green
2025-11-12 20:05:22,body_shop,Body Shop (BIW),912.02,54.72,87.82,212.5,109.44,929,green
2025-11-12 20:05:22,paint,Paint Shop,1381.18,185.09,83.23,321.82,165.74,881,amber
2025-11-12 20:05:22,assembly,General Assembly,797.34,25.27,83.88,185.78,95.68,887,amber
2025-11-12 20:05:22,powertrain,Powertrain Assembly,794.9292439329731,34.22,85.18,197.2967674069596,64.58,901,red
2025-11-12 20:05:22,quality,Quality Control,340.44,21.31,90.78,79.32,40.85,960,green
2025-11-12 20:05:22,logistics,Logistics,312.69,20.59,90.68,72.86,37.52,959,green
2025-11-12 21:05:22,stamping,Stamping Shop,525.57,61.86,91.43,122.46,63.07,1019,amber
2025-11-12 21:05:22,body_shop,Body Shop (BIW),888.24,51.44,87.82,206.96,106.59,979,green
2025-11-12 21:05:22,paint,Paint Shop,1414.37,178.93,83.16,329.55,169.72,927,amber
2025-11-12 21:05:22,assembly,General Assembly,760.49,23.41,83.8,177.19,91.26,934,green
2025-11-12 21:05:22,powertrain,Powertrain Assembly,580.81,33.83,87.34,135.33,69.7,973,green
2025-11-12 21:05:22,quality,Quality Control,356.6,21.34,87.79,83.09,42.79,978,green
2025-11-12 21:05:22,logistics,Logistics,304.03,19.97,93.98,70.84,36.48,1047,green
2025-11-12 22:05:22,stamping,Stamping Shop,482.2,66.61,90.33,112.35,57.86,1053,green
2025-11-12 22:05:22,body_shop,Body Shop (BIW),985.67,55.74,63.48534966706413,229.66,118.28,1013,red
2025-11-12 22:05:22,paint,Paint Shop,1279.19,201.72,82.87,298.05,153.5,966,green
2025-11-12 22:05:22,assembly,General Assembly,773.78,26.01,84.61,180.29,92.85,987,green
2025-11-12 22:05:22,powertrain,Powertrain Assembly,594.22,34.93,89.05,138.45,71.31,1038,green
2025-11-12 22:05:22,quality,Quality Control,363.98,23.19,92.14,84.81,43.68,1074,green
2025-11-12 22:05:22,logistics,Logistics,304.19,20.38,90.42,70.88,36.5,1054,green
2025-11-12 23:05:22,stamping,Stamping Shop,580.69,63.86,93.01,135.3,69.68,1127,red
2025-11-12 23:05:22,body_shop,Body Shop (BIW),935.47,51.72,72.78267471127866,217.96,112.26,1092,amber
2025-11-12 23:05:22,paint,Paint Shop,1424.21,195.58,85.36,331.84,170.91,1034,amber
2025-11-12 23:05:22,assembly,General Assembly,840.07,24.71,86.96,195.74,100.81,1054,amber
2025-11-12 23:05:22,powertrain,Powertrain Assembly,690.79,35.83,85.85,160.95,82.9,1040,red
2025-11-12 23:05:22,quality,Quality Control,415.36,21.74,90.67,96.78,49.84,1099,red
2025-11-12 23:05:22,logistics,Logistics,341.78,20.16,93.68,79.63,41.01,1135,amber
2025-11-13 00:05:22,stamping,Stamping Shop,572.84,69.19,89.82,133.47,68.74,1122,red
2025-11-13 00:05:22,body_shop,Body Shop (BIW),1031.28,52.27,86.43,240.29,123.75,1079,red
2025-11-13 00:05:22,paint,Paint Shop,1573.42,190.46,83.68,366.61,188.81,1045,red
2025-11-13 00:05:22,assembly,General Assembly,872.85,26.0,85.12,203.38,104.74,1063,red
2025-11-13 00:05:22,powertrain,Powertrain Assembly,723.73,33.3,86.55,168.63,86.85,1081,red
2025-11-13 00:05:22,quality,Quality Control,379.49,23.34,93.17,88.42,45.54,1164,amber
2025-11-13 00:05:22,logistics,Logistics,374.42,20.84,90.49,87.24,44.93,1130,red
2025-11-13 01:05:22,stamping,Stamping Shop,582.1,62.94,88.31,135.63,69.85,1127,red
2025-11-13 01:05:22,body_shop,Body Shop (BIW),1024.29,53.11,89.4,238.66,122.92,1141,red
2025-11-13 01:05:22,paint,Paint Shop,1544.49,185.11,85.91,359.87,185.34,1097,red
2025-11-13 01:05:22,assembly,General Assembly,883.77,24.16,83.9,205.92,106.05,1071,red
2025-11-13 01:05:22,powertrain,Powertrain Assembly,703.47,37.25,87.86,163.91,84.42,1122,red
2025-11-13 01:05:22,quality,Quality Control,458.31,21.76,95.49,106.79,55.0,1219,red
2025-11-13 01:05:22,logistics,Logistics,323.06,20.25,88.16,75.27,38.77,1126,amber
2025-11-13 02:05:22,stamping,Stamping Shop,613.35,59.67,90.31,142.91,73.6,1168,red
2025-11-13 02:05:22,body_shop,Body Shop (BIW),1104.62,55.25,86.96,257.38,132.55,1125,red
2025-11-13 02:05:22,paint,Paint Shop,1535.08,174.36,80.41,357.67,184.21,1040,red
2025-11-13 02:05:22,assembly,General Assembly,877.29,25.05,86.07,204.41,105.27,1113,red
2025-11-13 02:05:22,powertrain,Powertrain Assembly,752.28,31.08,84.67,175.28,90.27,1095,red
2025-11-13 02:05:22,quality,Quality Control,424.39,22.86,91.36,98.88,50.93,1182,red
2025-11-13 02:05:22,logistics,Logistics,365.73,20.78,87.63,85.21,43.89,1134,red
2025-11-13 03:05:22,stamping,Stamping Shop,565.02,64.91,90.92,131.65,67.8,1182,red
2025-11-13 03:05:22,body_shop,Body Shop (BIW),1023.92,54.21,86.34,238.57,122.87,1122,red
2025-11-13 03:05:22,paint,Paint Shop,1562.1,193.28,84.03,363.97,187.45,1092,red
2025-11-13 03:05:22,assembly,General Assembly,863.74,26.12,85.88,201.25,103.65,1116,red
2025-11-13 03:05:22,powertrain,Powertrain Assembly,670.66,35.69,84.36,156.26,80.48,1096,amber
2025-11-13 03:05:22,quality,Quality Control,672.3073756704779,22.92,91.43,121.255442429911,47.07,1188,red
2025-11-13 03:05:22,logistics,Logistics,366.67,19.56,86.94,85.43,44.0,1130,red
2025-11-13 04:05:22,stamping,Stamping Shop,590.81,62.34,89.91,137.66,70.9,1163,red
2025-11-13 04:05:22,body_shop,Body Shop (BIW),944.18,51.85,83.38,219.99,113.3,1079,amber
2025-11-13 04:05:22,paint,Paint Shop,1432.85,174.57,69.89012386530752,333.85,171.94,1086,amber
2025-11-13 04:05:22,assembly,General Assembly,860.72,24.9,81.93,200.55,103.29,1060,red
2025-11-13 04:05:22,powertrain,Powertrain Assembly,654.18,44.95605827683048,88.87,152.42,78.5,1150,amber
2025-11-13 04:05:22,quality,Quality Control,400.05,22.6,89.57,93.21,48.01,1159,red
2025-11-13 04:05:22,logistics,Logistics,343.38,18.41,86.0,80.01,41.21,1113,amber
2025-11-13 05:05:22,stamping,Stamping Shop,563.27,64.56,86.53,131.24,67.59,1105,red
2025-11-13 05:05:22,body_shop,Body Shop (BIW),1012.36,52.59,85.54,235.88,121.48,1092,red
2025-11-13 05:05:22,paint,Paint Shop,1538.39,188.43,82.36,358.44,184.61,1051,red
2025-11-13 05:05:22,assembly,General Assembly,849.21,23.8,86.11,197.87,101.91,1099,amber
2025-11-13 05:05:22,powertrain,Powertrain Assembly,686.1,33.8,86.21,159.86,82.33,1100,amber
2025-11-13 05:05:22,quality,Quality Control,363.28,23.5,91.19,84.64,43.59,1164,green
2025-11-13 05:05:22,logistics,Logistics,341.71,20.53,94.28,79.62,41.01,1204,amber
2025-11-13 06:05:22,stamping,Stamping Shop,577.64,67.69,88.72,134.59,69.32,1108,red
2025-11-13 06:05:22,body_shop,Body Shop (BIW),995.99,53.47,89.08,232.07,119.52,1112,amber
2025-11-13 06:05:22,paint,Paint Shop,1570.87,191.9,82.14,366.01,188.5,1026,red
2025-11-13 06:05:22,assembly,General Assembly,855.16,24.89,83.45,199.25,102.62,1042,red
2025-11-13 06:05:22,powertrain,Powertrain Assembly,711.69,35.32,87.76,165.82,85.4,1096,red
2025-11-13 06:05:22,quality,Quality Control,414.09,21.4,94.83,96.48,49.69,1184,red
2025-11-13 06:05:22,logistics,Logistics,345.08,20.51,90.34,80.4,41.41,1128,amber
2025-11-13 07:05:22,stamping,Stamping Shop,528.19,68.46,87.98,123.07,63.38,1066,amber
2025-11-13 07:05:22,body_shop,Body Shop (BIW),1000.9,56.79,85.56,233.21,120.11,1037,red
2025-11-13 07:05:22,paint,Paint Shop,1396.19,194.72,82.53,325.31,167.54,1000,amber
2025-11-13 07:05:22,assembly,General Assembly,772.26,25.93,83.62,179.94,92.67,1013,green
2025-11-13 07:05:22,powertrain,Powertrain Assembly,627.75,33.5,88.0,146.27,75.33,1066,green
2025-11-13 07:05:22,quality,Quality Control,396.48,22.89,90.68,92.38,47.58,1099,amber
2025-11-13 07:05:22,logistics,Logistics,333.96,21.36,89.18,77.81,40.08,1080,amber
2025-11-13 08:05:22,stamping,Stamping Shop,561.16,66.85,87.63,130.75,67.34,1022,amber
2025-11-13 08:05:22,body_shop,Body Shop (BIW),982.06,58.11,84.46,228.82,117.85,985,amber
2025-11-13 08:05:22,paint,Paint Shop,1401.27,201.74,83.94,326.5,168.15,979,amber
2025-11-13 08:05:22,assembly,General Assembly,810.66,24.16,85.53,188.88,97.28,997,amber
2025-11-13 08:05:22,powertrain,Powertrain Assembly,661.07,33.95,86.04,154.03,79.33,1003,amber
2025-11-13 08:05:22,quality,Quality Control,398.33,22.94,91.0,92.81,47.8,1061,amber
2025-11-13 08:05:22,logistics,Logistics,314.12,18.36,92.53,73.19,37.69,1079,green
2025-11-13 09:05:22,stamping,Stamping Shop,474.52,68.81,88.29,110.56,56.94,984,green
2025-11-13 09:05:22,body_shop,Body Shop (BIW),937.33,54.37,89.59,218.4,112.48,998,amber
2025-11-13 09:05:22,paint,Paint Shop,1307.38,179.81,81.64,304.62,156.89,910,green
2025-11-13 09:05:22,assembly,General Assembly,751.04,25.89,83.6,174.99,90.12,931,green
2025-11-13 09:05:22,powertrain,Powertrain Assembly,598.37,33.87,91.07,139.42,71.8,1015,green
2025-11-13 09:05:22,quality,Quality Control,347.7,27.298867461141093,92.59,81.01,41.72,1032,green
2025-11-13 09:05:22,logistics,Logistics,310.91,18.61,91.92,72.44,37.31,1024,green
2025-11-13 10:05:22,stamping,Stamping Shop,474.04,71.8,94.7,110.45,56.88,1002,green
2025-11-13 10:05:22,body_shop,Body Shop (BIW),874.21,56.06,90.89,203.69,104.91,962,green
2025-11-13 10:05:22,paint,Paint Shop,1233.29,195.34,82.96,287.36,148.0,878,green
2025-11-13 10:05:22,assembly,General Assembly,703.92,23.02,87.08,164.01,84.47,921,green
2025-11-13 10:05:22,powertrain,Powertrain Assembly,521.19,36.26,86.47,121.44,62.54,915,green
2025-11-13 10:05:22,quality,Quality Control,353.6,21.6,91.34,82.39,42.43,966,green
2025-11-13 10:05:22,logistics,Logistics,303.44,18.88,93.43,70.7,36.41,988,green
2025-11-13 11:05:22,stamping,Stamping Shop,279.56,59.55,88.97,65.14,33.55,548,green
2025-11-13 11:05:22,body_shop,Body Shop (BIW),513.59,56.92,84.78,119.67,61.63,522,green
2025-11-13 11:05:22,paint,Paint Shop,685.99,179.97,81.12,159.84,82.32,500,green
2025-11-13 11:05:22,assembly,General Assembly,385.28,22.71,64.53984752219985,89.77,46.23,527,red
2025-11-13 11:05:22,powertrain,Powertrain Assembly,335.87,33.01,82.88,78.26,40.3,510,green
2025-11-13 11:05:22,quality,Quality Control,203.22,22.11,93.29,47.35,24.39,575,green
2025-11-13 11:05:22,logistics,Logistics,178.01,19.48,91.27,41.48,21.36,562,green
2025-11-13 12:05:22,stamping,Stamping Shop,237.1,66.65,93.39,55.24,28.45,524,green
2025-11-13 12:05:22,body_shop,Body Shop (BIW),464.13,58.99,87.24,108.14,55.7,490,green
2025-11-13 12:05:22,paint,Paint Shop,677.18,181.2,80.82,157.78,81.26,453,green
2025-11-13 12:05:22,assembly,General Assembly,385.66,24.4,86.15,89.86,46.28,483,green
2025-11-13 12:05:22,powertrain,Powertrain Assembly,293.14,34.97,85.29,68.3,35.18,479,green
2025-11-13 12:05:22,quality,Quality Control,181.21,20.6,92.44,42.22,21.75,519,green
2025-11-13 12:05:22,logistics,Logistics,151.52,20.21,86.69,35.3,18.18,486,green
2025-11-13 13:05:22,stamping,Stamping Shop,267.35,67.4,89.14,62.29,32.08,537,green
2025-11-13 13:05:22,body_shop,Body Shop (BIW),483.76,55.76,85.68,112.72,58.05,516,green
2025-11-13 13:05:22,paint,Paint Shop,812.64,191.81,81.44,189.35,97.52,491,green
2025-11-13 13:05:22,assembly,General Assembly,464.17,26.06,87.67,108.15,55.7,528,green
2025-11-13 13:05:22,powertrain,Powertrain Assembly,367.73,34.66,86.75,85.68,44.13,523,green
2025-11-13 13:05:22,quality,Quality Control,193.94,21.69,94.57,45.19,23.27,570,green
2025-11-13 13:05:22,logistics,Logistics,151.23,19.17,85.91,35.24,18.15,518,green
2025-11-13 14:05:22,stamping,Stamping Shop,303.81,62.28,90.71,70.79,36.46,573,green
2025-11-13 14:05:22,body_shop,Body Shop (BIW),490.42,56.54,89.34,114.27,58.85,564,green
2025-11-13 14:05:22,paint,Paint Shop,733.29,177.18,81.19,170.86,88.0,513,green
2025-11-13 14:05:22,assembly,General Assembly,426.3,27.14,87.54,99.33,51.16,553,green
2025-11-13 14:05:22,powertrain,Powertrain Assembly,349.54,36.03,85.08,81.44,41.95,537,green
2025-11-13 14:05:22,quality,Quality Control,207.32,21.91,92.95,48.3,24.88,587,green
2025-11-13 14:05:22,logistics,Logistics,176.53,19.76,89.44,41.13,21.18,565,green
2025-11-13 15:05:22,stamping,Stamping Shop,262.52,67.98,88.73,61.17,31.5,520,green
2025-11-13 15:05:22,body_shop,Body Shop (BIW),444.28,73.961032105587,84.8,103.52,53.31,497,green
2025-11-13 15:05:22,paint,Paint Shop,647.04,180.93,83.45,150.76,77.64,489,green
2025-11-13 15:05:22,assembly,General Assembly,395.26,24.08,84.31,92.1,47.43,494,green
2025-11-13 15:05:22,powertrain,Powertrain Assembly,334.96,33.17,85.89,78.05,40.2,504,green
2025-11-13 15:05:22,quality,Quality Control,182.67,21.79,93.7,42.56,21.92,550,green
2025-11-13 15:05:22,logistics,Logistics,171.75,19.85,92.77,40.02,20.61,544,green
2025-11-13 16:05:22,stamping,Stamping Shop,264.69,62.8,92.49,61.67,31.76,554,green
2025-11-13 16:05:22,body_shop,Body Shop (BIW),468.46,52.72,84.74,109.15,56.22,508,green
2025-11-13 16:05:22,paint,Paint Shop,693.29,178.13,82.36,161.54,83.19,494,green
2025-11-13 16:05:22,assembly,General Assembly,425.98,24.76,83.41,99.25,51.12,500,green
2025-11-13 16:05:22,powertrain,Powertrain Assembly,350.61,35.64,88.69,81.69,42.07,532,green
2025-11-13 16:05:22,quality,Quality Control,194.95,20.19,67.70723735920346,45.42,23.39,533,red
2025-11-13 16:05:22,logistics,Logistics,167.51,20.22,89.15,39.03,20.1,534,green
2025-11-13 17:05:22,stamping,Stamping Shop,234.84,62.48,94.5,54.72,28.18,537,green
2025-11-13 17:05:22,body_shop,Body Shop (BIW),460.0,52.4,89.12,107.18,55.2,506,green
2025-11-13 17:05:22,paint,Paint Shop,689.62,189.8,82.92,160.68,82.75,471,green
2025-11-13 17:05:22,assembly,General Assembly,370.03,23.98,85.23,86.22,44.4,484,green
2025-11-13 17:05:22,powertrain,Powertrain Assembly,308.54,33.19,85.25,71.89,37.02,484,green
2025-11-13 17:05:22,quality,Quality Control,167.4,20.93,93.66,39.0,20.09,532,green
2025-11-13 17:05:22,logistics,Logistics,162.84,21.98,88.17,37.94,19.54,501,green
2025-11-13 18:05:22,stamping,Stamping Shop,290.37,63.44,90.11,67.66,34.84,617,green
2025-11-13 18:05:22,body_shop,Body Shop (BIW),526.83,56.22,89.54,122.75,63.22,613,green
2025-11-13 18:05:22,paint,Paint Shop,766.57,177.49,80.31,178.61,91.99,550,green
2025-11-13 18:05:22,assembly,General Assembly,475.39,24.98,85.87,110.77,57.05,588,green
2025-11-13 18:05:22,powertrain,Powertrain Assembly,378.16,34.67,88.39,88.11,45.38,605,green
2025-11-13 18:05:22,quality,Quality Control,216.4,22.86,93.24,50.42,25.97,638,green
2025-11-13 18:05:22,logistics,Logistics,198.34,21.14,91.03,46.21,23.8,623,green
2025-11-13 19:05:22,stamping,Stamping Shop,456.46,59.94,85.13,106.35,54.77,851,green
2025-11-13 19:05:22,body_shop,Body Shop (BIW),740.97,54.37,89.86,172.65,88.92,898,green
2025-11-13 19:05:22,paint,Paint Shop,1171.56,190.73,81.97,272.97,140.59,819,green
2025-11-13 19:05:22,assembly,General Assembly,727.09,31.365922169406502,83.9,169.41,87.25,838,green
2025-11-13 19:05:22,powertrain,Powertrain Assembly,550.18,33.89,88.44,128.19,66.02,884,green
2025-11-13 19:05:22,quality,Quality Control,321.66,20.61,92.59,74.95,38.6,925,green
2025-11-13 19:05:22,logistics,Logistics,278.06,22.02,86.69,64.79,33.37,866,green
2025-11-13 20:05:22,stamping,Stamping Shop,457.02,69.66,87.22,106.49,54.84,923,green
2025-11-13 20:05:22,body_shop,Body Shop (BIW),807.15,57.87,85.93,188.06,96.86,909,green
2025-11-13 20:05:22,paint,Paint Shop,1144.62,173.7,86.25,266.7,137.35,912,green
2025-11-13 20:05:22,assembly,General Assembly,674.85,26.16,85.4,157.24,80.98,903,green
2025-11-13 20:05:22,powertrain,Powertrain Assembly,580.97,33.85,87.63,135.37,69.72,927,green
2025-11-13 20:05:22,quality,Quality Control,357.75,21.68,96.15,83.36,42.93,1017,green
2025-11-13 20:05:22,logistics,Logistics,265.17,18.83,90.37,61.78,31.82,956,green
2025-11-13 21:05:22,stamping,Stamping Shop,516.98,65.73,87.35,120.46,62.04,973,green
2025-11-13 21:05:22,body_shop,Body Shop (BIW),880.64,53.53,88.38,205.19,105.68,985,green
2025-11-13 21:05:22,paint,Paint Shop,1350.55,176.61,81.22,314.68,162.07,905,green
2025-11-13 21:05:22,assembly,General Assembly,760.09,26.27,65.68715654458761,177.1,91.21,981,red
2025-11-13 21:05:22,powertrain,Powertrain Assembly,632.82,35.76,89.08,147.45,75.94,993,amber
2025-11-13 21:05:22,quality,Quality Control,357.33,21.75,94.6,83.26,42.88,1054,green
2025-11-13 21:05:22,logistics,Logistics,326.65,20.3,88.53,76.11,39.2,986,amber
2025-11-13 22:05:22,stamping,Stamping Shop,553.35,67.11,92.93,128.93,66.4,1084,amber
2025-11-13 22:05:22,body_shop,Body Shop (BIW),1004.9,54.97,85.89,234.14,120.59,1002,red
2025-11-13 22:05:22,paint,Paint Shop,1447.34,191.21,85.93,337.23,173.68,1002,amber
2025-11-13 22:05:22,assembly,General Assembly,767.05,26.08,88.28,178.72,92.05,1029,green
2025-11-13 22:05:22,powertrain,Powertrain Assembly,618.0,37.38,90.4,143.99,74.16,1054,green
2025-11-13 22:05:22,quality,Quality Control,343.81,21.57,91.79,80.11,41.26,1070,green
2025-11-13 22:05:22,logistics,Logistics,333.29,21.0,92.73,77.66,39.99,1081,amber
2025-11-13 23:05:22,stamping,Stamping Shop,547.06,61.63,88.77,127.46,65.65,1075,amber
2025-11-13 23:05:22,body_shop,Body Shop (BIW),931.85,51.33,88.85,217.12,111.82,1076,amber
2025-11-13 23:05:22,paint,Paint Shop,1447.39,177.4,82.8,337.24,173.69,1003,amber
2025-11-13 23:05:22,assembly,General Assembly,822.61,24.28,89.28,191.67,98.71,1082,amber
2025-11-13 23:05:22,powertrain,Powertrain Assembly,670.26,36.29,86.3,156.17,80.43,1046,amber
2025-11-13 23:05:22,quality,Quality Control,428.57,22.15,94.06,99.86,51.43,1140,red
2025-11-13 23:05:22,logistics,Logistics,351.93,18.95,90.11,82.0,42.23,1092,red
2025-11-14 00:05:22,stamping,Stamping Shop,576.17,64.91,95.04,134.25,69.14,1187,red
2025-11-14 00:05:22,body_shop,Body Shop (BIW),1043.39,51.97,90.61,243.11,125.21,1132,red
2025-11-14 00:05:22,paint,Paint Shop,1399.24,190.63,82.46,326.02,167.91,1030,amber
2025-11-14 00:05:22,assembly,General Assembly,858.05,24.39,86.71,199.93,102.97,1083,red
2025-11-14 00:05:22,powertrain,Powertrain Assembly,682.31,37.83,87.68,158.98,81.88,1095,amber
2025-11-14 00:05:22,quality,Quality Control,401.86,22.33,93.93,93.63,48.22,1173,red
2025-11-14 00:05:22,logistics,Logistics,340.14,20.68,97.76,79.25,40.82,1221,amber
2025-11-14 01:05:22,stamping,Stamping Shop,610.97,68.54,89.16,142.36,73.32,1138,red
2025-11-14 01:05:22,body_shop,Body Shop (BIW),975.99,53.52,72.14964209540948,227.4,117.12,1086,amber
2025-11-14 01:05:22,paint,Paint Shop,1420.29,180.73,84.8,330.93,170.43,1083,amber
2025-11-14 01:05:22,assembly,General Assembly,919.74,24.09,87.57,214.3,110.37,1118,red
2025-11-14 01:05:22,powertrain,Powertrain Assembly,754.58,36.57,87.43,175.82,90.55,1116,red
2025-11-14 01:05:22,quality,Quality Control,422.04,22.83,94.67,98.34,50.64,1209,red
2025-11-14 01:05:22,logistics,Logistics,349.08,20.77,89.33,81.34,41.89,1140,amber
2025-11-14 02:05:22,stamping,Stamping Shop,591.96,68.26,86.99,137.93,71.03,1125,red
2025-11-14 02:05:22,body_shop,Body Shop (BIW),1074.87,58.7,83.02,250.45,128.98,1074,red
2025-11-14 02:05:22,paint,Paint Shop,1396.4,195.99,83.93,325.36,167.57,1086,amber
2025-11-14 02:05:22,assembly,General Assembly,945.39,25.74,86.89,220.28,113.45,1124,red
2025-11-14 02:05:22,powertrain,Powertrain Assembly,727.75,36.29,90.01,169.57,87.33,1164,red
2025-11-14 02:05:22,quality,Quality Control,386.07,22.64,90.08,89.95,46.33,1165,amber
2025-11-14 02:05:22,logistics,Logistics,377.25,21.07,91.45,87.9,45.27,1183,red
2025-11-14 03:05:22,stamping,Stamping Shop,620.49,71.18,91.82,144.57,74.46,1193,red
2025-11-14 03:05:22,body_shop,Body Shop (BIW),1092.67,55.93,89.93,254.59,131.12,1169,red
2025-11-14 03:05:22,paint,Paint Shop,1652.95,180.06,78.94,385.14,198.35,1026,red
2025-11-14 03:05:22,assembly,General Assembly,829.34,24.0,82.53,193.24,99.52,1072,amber
2025-11-14 03:05:22,powertrain,Powertrain Assembly,736.72,34.54,88.41,171.66,88.41,1149,red
2025-11-14 03:05:22,quality,Quality Control,431.87,22.33,88.4,100.63,51.82,1149,red
2025-11-14 03:05:22,logistics,Logistics,354.07,20.19,90.76,82.5,42.49,1179,red
2025-11-14 04:05:22,stamping,Stamping Shop,562.54,71.9,86.24,131.07,67.5,1116,red
2025-11-14 04:05:22,body_shop,Body Shop (BIW),1033.99,57.35,87.68,240.92,124.08,1134,red
2025-11-14 04:05:22,paint,Paint Shop,1622.59,197.58,85.62,378.06,194.71,1108,red
2025-11-14 04:05:22,assembly,General Assembly,901.66,31.99389480734869,84.42,210.09,108.2,1092,red
2025-11-14 04:05:22,powertrain,Powertrain Assembly,725.55,35.42,84.28,169.05,87.07,1090,red
2025-11-14 04:05:22,quality,Quality Control,418.69,21.44,93.45,97.55,50.24,1209,red
2025-11-14 04:05:22,logistics,Logistics,315.15,20.27,93.06,73.43,37.82,1204,green
2025-11-14 05:05:22,stamping,Stamping Shop,546.66,63.3,86.11,127.37,65.6,1099,amber
2025-11-14 05:05:22,body_shop,Body Shop (BIW),980.13,54.89,89.17,228.37,117.62,1138,amber
2025-11-14 05:05:22,paint,Paint Shop,1507.86,180.54,84.24,351.33,180.94,1075,red
2025-11-14 05:05:22,assembly,General Assembly,861.97,24.71,85.84,200.84,103.44,1096,red
2025-11-14 05:05:22,powertrain,Powertrain Assembly,694.93,34.75,89.05,161.92,83.39,1137,red
2025-11-14 05:05:22,quality,Quality Control,440.87,24.04,90.96,102.72,52.9,1161,red
2025-11-14 05:05:22,logistics,Logistics,336.82,21.9,91.52,78.48,40.42,1168,amber
2025-11-14 06:05:22,stamping,Stamping Shop,535.28,68.96,91.62,124.72,64.23,1144,amber
2025-11-14 06:05:22,body_shop,Body Shop (BIW),935.78,52.12,87.47,218.04,112.29,1092,amber
2025-11-14 06:05:22,paint,Paint Shop,1611.32,190.4,83.79,375.44,193.36,1046,red
2025-11-14 06:05:22,assembly,General Assembly,784.11,25.97,81.63,182.7,94.09,1019,amber
2025-11-14 06:05:22,powertrain,Powertrain Assembly,678.07,33.7,86.05,157.99,81.37,1075,amber
2025-11-14 06:05:22,quality,Quality Control,410.46,21.37,92.08,95.64,49.26,1150,red
2025-11-14 06:05:22,logistics,Logistics,370.81,19.48,73.64037747833196,86.4,44.5,1107,red
2025-11-14 07:05:22,stamping,Stamping Shop,528.38,66.38,88.57,123.11,63.41,1073,amber
2025-11-14 07:05:22,body_shop,Body Shop (BIW),955.3,54.67,88.59,222.58,114.64,1073,amber
2025-11-14 07:05:22,paint,Paint Shop,1314.19,184.46,80.51,306.21,157.7,975,green
2025-11-14 07:05:22,assembly,General Assembly,838.47,24.3,88.26,195.36,100.62,1069,amber
2025-11-14 07:05:22,powertrain,Powertrain Assembly,685.36,33.72,86.55,159.69,82.24,1049,amber
2025-11-14 07:05:22,quality,Quality Control,407.26,21.57,92.94,94.89,48.87,1126,red
2025-11-14 07:05:22,logistics,Logistics,335.77,20.08,89.4,78.23,40.29,1083,amber
2025-11-14 08:05:22,stamping,Stamping Shop,522.86,61.71,88.0,121.83,62.74,1026,amber
2025-11-14 08:05:22,body_shop,Body Shop (BIW),878.34,50.03,85.75,204.65,105.4,1000,green
2025-11-14 08:05:22,paint,Paint Shop,1330.2,195.55,83.69,309.94,159.62,976,green
2025-11-14 08:05:22,assembly,General Assembly,797.42,23.46,84.18,185.8,95.69,982,amber
2025-11-14 08:05:22,powertrain,Powertrain Assembly,611.36,33.37,86.96,142.45,73.36,1014,green
2025-11-14 08:05:22,quality,Quality Control,404.14,21.53,89.58,94.16,48.5,1045,red
2025-11-14 08:05:22,logistics,Logistics,319.52,21.33,89.5,74.45,38.34,1044,green
2025-11-14 09:05:22,stamping,Stamping Shop,524.28,70.86,93.05,122.16,62.91,1037,amber
2025-11-14 09:05:22,body_shop,Body Shop (BIW),892.15,51.9,84.92,207.87,107.06,946,green
2025-11-14 09:05:22,paint,Paint Shop,1384.51,184.41,83.73,322.59,166.14,933,amber
2025-11-14 09:05:22,assembly,General Assembly,819.54,25.74,89.64,190.95,98.34,999,amber
2025-11-14 09:05:22,powertrain,Powertrain Assembly,618.32,35.79,90.3,144.07,74.2,1006,green
2025-11-14 09:05:22,quality,Quality Control,346.75,21.21,92.19,80.79,41.61,1027,green
2025-11-14 09:05:22,logistics,Logistics,325.51,20.85,88.81,75.84,39.06,990,amber
2025-11-14 10:05:22,stamping,Stamping Shop,476.05,64.67,85.87,110.92,57.13,908,green
2025-11-14 10:05:22,body_shop,Body Shop (BIW),784.15,51.98,80.55,182.71,94.1,852,green
2025-11-14 10:05:22,paint,Paint Shop,1197.69,191.36,81.11,279.06,143.72,858,green
2025-11-14 10:05:22,assembly,General Assembly,782.06,24.69,85.74,182.22,93.85,907,amber
2025-11-14 10:05:22,powertrain,Powertrain Assembly,590.56,36.46,87.2,137.6,70.87,923,green
2025-11-14 10:05:22,quality,Quality Control,347.06,24.23,90.98,80.86,41.65,963,green
2025-11-14 10:05:22,logistics,Logistics,298.15,20.52,90.65,69.47,35.78,959,green
2025-11-14 11:05:22,stamping,Stamping Shop,316.51,64.45,93.02,73.75,37.98,629,green
2025-11-14 11:05:22,body_shop,Body Shop (BIW),542.55,58.23,87.1,126.41,65.11,589,green
2025-11-14 11:05:22,paint,Paint Shop,771.76,200.52,83.02,179.82,92.61,561,green
2025-11-14 11:05:22,assembly,General Assembly,474.42,23.88,90.13,110.54,56.93,609,green
2025-11-14 11:05:22,powertrain,Powertrain Assembly,374.16,36.84,88.17,87.18,44.9,596,green
2025-11-14 11:05:22,quality,Quality Control,216.17,21.61,94.23,50.37,25.94,637,green
2025-11-14 11:05:22,logistics,Logistics,194.82,19.69,88.89,45.39,23.38,601,green
2025-11-14 12:05:22,stamping,Stamping Shop,294.58,67.07,88.39,68.64,35.35,560,green
2025-11-14 12:05:22,body_shop,Body Shop (BIW),517.79,57.07,90.09,120.65,62.14,571,green
2025-11-14 12:05:22,paint,Paint Shop,723.2,179.24,81.55,168.51,86.78,517,green
2025-11-14 12:05:22,assembly,General Assembly,438.97,24.92,84.99,102.28,52.68,538,green
2025-11-14 12:05:22,powertrain,Powertrain Assembly,349.82,34.96,85.82,81.51,41.98,544,green
2025-11-14 12:05:22,quality,Quality Control,200.59,21.14,93.6,46.74,24.07,593,green
2025-11-14 12:05:22,logistics,Logistics,173.93,19.16,88.79,40.53,20.87,562,green
2025-11-14 13:05:22,stamping,Stamping Shop,258.03,62.74,88.5,60.12,30.96,549,green
2025-11-14 13:05:22,body_shop,Body Shop (BIW),517.4,54.87,85.26,120.55,62.09,529,green
2025-11-14 13:05:22,paint,Paint Shop,752.54,179.48,82.38,175.34,90.3,511,green
2025-11-14 13:05:22,assembly,General Assembly,417.63,24.13,85.64,97.31,50.12,531,green
2025-11-14 13:05:22,powertrain,Powertrain Assembly,370.36,33.4,87.7,86.29,44.44,544,green
2025-11-14 13:05:22,quality,Quality Control,191.39,21.68,92.51,44.59,22.97,573,green
2025-11-14 13:05:22,logistics,Logistics,196.87,20.45,87.2,45.87,23.62,541,green
2025-11-14 14:05:22,stamping,Stamping Shop,289.39,69.4,86.18,67.43,34.73,546,green
2025-11-14 14:05:22,body_shop,Body Shop (BIW),495.92,55.29,87.55,115.55,59.51,555,green
2025-11-14 14:05:22,paint,Paint Shop,717.15,188.28,81.51,167.1,86.06,517,green
2025-11-14 14:05:22,assembly,General Assembly,451.98,25.57,88.16,105.31,54.24,559,green
2025-11-14 14:05:22,powertrain,Powertrain Assembly,368.96,35.41,86.73,85.97,44.28,550,green
2025-11-14 14:05:22,quality,Quality Control,215.34,20.18,92.31,50.17,25.84,585,green
2025-11-14 14:05:22,logistics,Logistics,177.02,19.91,88.95,41.24,21.24,564,green
2025-11-14 15:05:22,stamping,Stamping Shop,252.76,63.33,87.74,58.89,30.33,489,green
2025-11-14 15:05:22,body_shop,Body Shop (BIW),458.72,52.93,88.97,106.88,55.05,496,green
2025-11-14 15:05:22,paint,Paint Shop,639.1,182.6,84.1,148.91,76.69,469,green
2025-11-14 15:05:22,assembly,General Assembly,375.1,34.05969951978639,87.76,87.4,45.01,489,green
2025-11-14 15:05:22,powertrain,Powertrain Assembly,300.03,34.8,88.13,69.91,36.0,491,green
2025-11-14 15:05:22,quality,Quality Control,191.79,20.97,92.81,44.69,23.02,518,green
2025-11-14 15:05:22,logistics,Logistics,163.22,20.94,92.55,38.03,19.59,516,green
2025-11-14 16:05:22,stamping,Stamping Shop,295.97,63.68,87.09,68.96,35.52,580,green
2025-11-14 16:05:22,body_shop,Body Shop (BIW),535.54,54.36,86.51,124.78,64.27,576,green
2025-11-14 16:05:22,paint,Paint Shop,792.09,173.4,85.59,184.56,95.05,570,green
2025-11-14 16:05:22,assembly,General Assembly,392.5,23.31,83.27,91.45,47.1,554,green
2025-11-14 16:05:22,powertrain,Powertrain Assembly,354.64,34.17,86.34,82.63,42.56,575,green
2025-11-14 16:05:22,quality,Quality Control,215.68,20.5,92.17,50.25,25.88,613,green
2025-11-14 16:05:22,logistics,Logistics,189.4,20.4,90.18,44.13,22.73,600,green
2025-11-14 17:05:22,stamping,Stamping Shop,264.19,66.52,89.19,61.56,31.7,519,green
2025-11-14 17:05:22,body_shop,Body Shop (BIW),469.85,54.76,82.95,109.47,56.38,483,green
2025-11-14 17:05:22,paint,Paint Shop,721.71,171.83,84.53,168.16,86.61,492,green
2025-11-14 17:05:22,assembly,General Assembly,389.48,25.39,86.89,90.75,46.74,506,green
2025-11-14 17:05:22,powertrain,Powertrain Assembly,312.44,38.0,87.34,72.8,37.49,509,green
2025-11-14 17:05:22,quality,Quality Control,171.31,21.71,94.6,39.92,20.56,551,green
2025-11-14 17:05:22,logistics,Logistics,168.61,19.63,84.43,39.29,20.23,492,green
2025-11-14 18:05:22,stamping,Stamping Shop,282.6,65.89,87.91,65.85,33.91,586,green
2025-11-14 18:05:22,body_shop,Body Shop (BIW),545.39,56.3,85.22,127.08,65.45,568,green
2025-11-14 18:05:22,paint,Paint Shop,787.61,185.24,81.14,183.51,94.51,540,green
2025-11-14 18:05:22,assembly,General Assembly,446.98,24.36,84.77,104.15,53.64,565,green
2025-11-14 18:05:22,powertrain,Powertrain Assembly,370.11,37.03,87.11,86.23,44.41,580,green
2025-11-14 18:05:22,quality,Quality Control,392.0597254532331,23.34,93.47,81.16494124262663,26.99,623,amber
2025-11-14 18:05:22,logistics,Logistics,195.27,20.64,89.63,45.5,23.43,597,green
2025-11-14 19:05:22,stamping,Stamping Shop,478.42,63.31,90.97,111.47,57.41,909,green
2025-11-14 19:05:22,body_shop,Body Shop (BIW),747.46,54.01,85.82,174.16,89.69,858,green
2025-11-14 19:05:22,paint,Paint Shop,1182.21,166.65,84.6,275.45,141.86,846,green
2025-11-14 19:05:22,assembly,General Assembly,665.02,25.76,87.6,154.95,79.8,875,green
2025-11-14 19:05:22,powertrain,Powertrain Assembly,606.38,33.79,88.94,141.29,72.77,889,green
2025-11-14 19:05:22,quality,Quality Control,296.16,21.87,89.4,69.01,35.54,893,green
2025-11-14 19:05:22,logistics,Logistics,463.5796378154063,19.25,93.22,110.53137081072806,32.95,932,red
2025-11-14 20:05:22,stamping,Stamping Shop,457.4,66.58,86.67,106.57,54.89,917,green
2025-11-14 20:05:22,body_shop,Body Shop (BIW),856.22,52.5,84.94,199.5,102.75,899,green
2025-11-14 20:05:22,paint,Paint Shop,1170.1,176.19,81.3,272.63,140.41,860,green
2025-11-14 20:05:22,assembly,General Assembly,682.05,25.28,90.03,158.92,81.85,953,green
2025-11-14 20:05:22,powertrain,Powertrain Assembly,564.87,33.86,86.74,131.62,67.78,918,green
2025-11-14 20:05:22,quality,Quality Control,339.52,21.51,90.88,79.11,40.74,962,green
2025-11-14 20:05:22,logistics,Logistics,304.32,21.15,94.41,70.91,36.52,999,green
2025-11-14 21:05:22,stamping,Stamping Shop,503.29,62.43,87.86,117.27,60.39,979,green
2025-11-14 21:05:22,body_shop,Body Shop (BIW),955.77,54.85,87.8,222.69,114.69,978,amber
2025-11-14 21:05:22,paint,Paint Shop,1336.21,185.15,86.27,311.34,160.35,961,green
2025-11-14 21:05:22,assembly,General Assembly,763.22,24.41,88.73,177.83,91.59,989,green
2025-11-14 21:05:22,powertrain,Powertrain Assembly,633.47,36.16,83.35,147.6,76.02,929,amber
2025-11-14 21:05:22,quality,Quality Control,374.24,21.67,95.77,87.2,44.91,1067,amber
2025-11-14 21:05:22,logistics,Logistics,309.91,18.22,93.48,72.21,37.19,1042,green
2025-11-14 22:05:22,stamping,Stamping Shop,510.71,65.62,92.2,119.0,61.29,1075,green
2025-11-14 22:05:22,body_shop,Body Shop (BIW),1007.46,54.59,87.02,234.74,120.9,1015,red
2025-11-14 22:05:22,paint,Paint Shop,1359.15,195.77,85.59,316.68,163.1,998,green
2025-11-14 22:05:22,assembly,General Assembly,819.19,26.34,84.83,190.87,98.3,989,amber
2025-11-14 22:05:22,powertrain,Powertrain Assembly,634.5,34.28,88.67,147.84,76.14,1034,amber
2025-11-14 22:05:22,quality,Quality Control,382.17,21.0,94.48,89.05,45.86,1102,amber
2025-11-14 22:05:22,logistics,Logistics,335.99,20.58,88.95,78.29,40.32,1037,amber
2025-11-14 23:05:22,stamping,Stamping Shop,557.54,67.73,88.64,129.91,66.9,1074,amber
2025-11-14 23:05:22,body_shop,Body Shop (BIW),830.81,56.08,82.29,193.58,99.7,997,green
2025-11-14 23:05:22,paint,Paint Shop,1370.45,189.0,83.3,319.31,164.45,1009,green
2025-11-14 23:05:22,assembly,General Assembly,918.52,22.6,86.1,214.02,110.22,1043,red
2025-11-14 23:05:22,powertrain,Powertrain Assembly,642.06,33.23,91.91,149.6,77.05,1114,amber
2025-11-14 23:05:22,quality,Quality Control,386.09,21.82,92.72,89.96,46.33,1123,amber
2025-11-14 23:05:22,logistics,Logistics,347.4,19.6,88.0,80.94,41.69,1066,amber
2025-11-15 00:05:22,stamping,Stamping Shop,643.13,69.57,88.42,149.85,77.18,1104,red
2025-11-15 00:05:22,body_shop,Body Shop (BIW),974.14,51.68,85.84,226.97,116.9,1072,amber
2025-11-15 00:05:22,paint,Paint Shop,1646.8,188.62,82.7,383.71,197.62,1033,red
2025-11-15 00:05:22,assembly,General Assembly,859.02,26.96,83.96,200.15,103.08,1049,red
2025-11-15 00:05:22,powertrain,Powertrain Assembly,706.82,35.69,88.05,164.69,84.82,1100,red
2025-11-15 00:05:22,quality,Quality Control,369.03,21.97,91.96,85.98,44.28,1149,amber
2025-11-15 00:05:22,logistics,Logistics,343.15,22.45,68.0514194242806,79.95,41.18,1088,red
2025-11-15 01:05:22,stamping,Stamping Shop,589.71,65.16,93.1,137.4,70.77,1189,red
2025-11-15 01:05:22,body_shop,Body Shop (BIW),1022.19,58.1,85.71,238.17,122.66,1094,red
2025-11-15 01:05:22,paint,Paint Shop,1443.39,180.23,84.41,336.31,173.21,1078,amber
2025-11-15 01:05:22,assembly,General Assembly,875.39,24.58,83.44,203.97,105.05,1065,red
2025-11-15 01:05:22,powertrain,Powertrain Assembly,759.09,35.03,88.83,176.87,91.09,1134,red
2025-11-15 01:05:22,quality,Quality Control,385.95,22.71,91.06,89.93,46.31,1162,amber
2025-11-15 01:05:22,logistics,Logistics,360.45,20.35,93.56,83.98,43.25,1194,red
2025-11-15 02:05:22,stamping,Stamping Shop,580.82,62.69,88.74,135.33,69.7,1148,red
2025-11-15 02:05:22,body_shop,Body Shop (BIW),1015.24,56.69,86.59,236.55,121.83,1120,red
2025-11-15 02:05:22,paint,Paint Shop,1685.32,187.84,84.73,392.68,202.24,1096,red
2025-11-15 02:05:22,assembly,General Assembly,961.57,24.02,87.96,224.04,115.39,1138,red
2025-11-15 02:05:22,powertrain,Powertrain Assembly,741.53,36.6,90.58,172.78,88.98,1172,red
2025-11-15 02:05:22,quality,Quality Control,410.51,22.4,91.6,95.65,49.26,1185,red
2025-11-15 02:05:22,logistics,Logistics,363.39,20.39,95.19,84.67,43.61,1232,red
2025-11-15 03:05:22,stamping,Stamping Shop,591.15,68.6,88.92,137.74,70.94,1155,red
2025-11-15 03:05:22,body_shop,Body Shop (BIW),1012.8,53.48,83.02,235.98,121.54,1079,red
2025-11-15 03:05:22,paint,Paint Shop,1495.19,159.16,82.75,348.38,179.42,1075,amber
2025-11-15 03:05:22,assembly,General Assembly,864.55,24.91,86.86,201.44,103.75,1129,red
2025-11-15 03:05:22,powertrain,Powertrain Assembly,697.96,36.65,65.29838861750092,162.62,83.75,1165,red
2025-11-15 03:05:22,quality,Quality Control,381.67,22.33,91.67,88.93,45.8,1191,amber
2025-11-15 03:05:22,logistics,Logistics,351.07,19.95,85.84,81.8,42.13,1115,red
2025-11-15 04:05:22,stamping,Stamping Shop,509.56,60.75,90.16,118.73,61.15,1166,green
2025-11-15 04:05:22,body_shop,Body Shop (BIW),1042.89,50.4,84.41,242.99,125.15,1092,red
2025-11-15 04:05:22,paint,Paint Shop,1541.6,192.52,84.3,359.19,184.99,1091,red
2025-11-15 04:05:22,assembly,General Assembly,908.31,23.79,86.59,211.64,109.0,1120,red
2025-11-15 04:05:22,powertrain,Powertrain Assembly,704.25,36.45,88.04,164.09,84.51,1139,red
2025-11-15 04:05:22,quality,Quality Control,403.31,21.74,94.5,93.97,48.4,1222,red
2025-11-15 04:05:22,logistics,Logistics,360.27,21.07,89.86,83.94,43.23,1162,red
2025-11-15 05:05:22,stamping,Stamping Shop,583.89,64.29,91.6,136.05,70.07,1169,red
2025-11-15 05:05:22,body_shop,Body Shop (BIW),983.87,56.25,87.16,229.24,118.06,1113,amber
2025-11-15 05:05:22,paint,Paint Shop,1523.26,181.23,78.68,354.92,182.79,1004,red
2025-11-15 05:05:22,assembly,General Assembly,883.11,23.98,86.36,205.77,105.97,1102,red
2025-11-15 05:05:22,powertrain,Powertrain Assembly,754.31,34.63,85.53,175.75,90.52,1092,red
2025-11-15 05:05:22,quality,Quality Control,370.08,22.89,90.31,86.23,44.41,1153,amber
2025-11-15 05:05:22,logistics,Logistics,365.63,20.09,66.57842936666103,85.19,43.88,1073,red
2025-11-15 06:05:22,stamping,Stamping Shop,580.03,65.79,92.31,135.15,69.6,1153,red
2025-11-15 06:05:22,body_shop,Body Shop (BIW),1030.15,55.42,88.56,240.02,123.62,1106,red
2025-11-15 06:05:22,paint,Paint Shop,1471.91,178.81,85.47,342.95,176.63,1067,amber
2025-11-15 06:05:22,assembly,General Assembly,891.5,23.61,85.69,207.72,106.98,1070,red
2025-11-15 06:05:22,powertrain,Powertrain Assembly,704.7,35.46,88.46,164.19,84.56,1105,red
2025-11-15 06:05:22,quality,Quality Control,416.13,20.87,94.91,96.96,49.94,1185,red
2025-11-15 06:05:22,logistics,Logistics,307.03,20.79,90.7,71.54,36.84,1133,green
2025-11-15 07:05:22,stamping,Stamping Shop,560.25,63.59,87.72,130.54,67.23,1063,amber
2025-11-15 07:05:22,body_shop,Body Shop (BIW),989.3,51.52,87.63,230.51,118.72,1062,amber
2025-11-15 07:05:22,paint,Paint Shop,1378.2,182.57,86.67,321.12,165.38,1050,green
2025-11-15 07:05:22,assembly,General Assembly,810.29,25.4,84.78,188.8,97.23,1027,amber
2025-11-15 07:05:22,powertrain,Powertrain Assembly,681.11,36.9,83.67,158.7,81.73,1014,amber
2025-11-15 07:05:22,quality,Quality Control,419.44,22.4,95.93,97.73,50.33,1162,red
2025-11-15 07:05:22,logistics,Logistics,340.77,19.9,93.8,79.4,40.89,1137,amber
2025-11-15 08:05:22,stamping,Stamping Shop,475.3,64.1,91.2,110.75,57.04,1063,green
2025-11-15 08:05:22,body_shop,Body Shop (BIW),965.03,55.78,86.67,224.85,115.8,1011,amber
2025-11-15 08:05:22,paint,Paint Shop,1489.51,189.47,81.13,347.06,178.74,946,amber
2025-11-15 08:05:22,assembly,General Assembly,783.15,25.59,89.46,182.47,93.98,1043,amber
2025-11-15 08:05:22,powertrain,Powertrain Assembly,653.89,34.01,88.83,152.36,78.47,1036,amber
2025-11-15 08:05:22,quality,Quality Control,390.83,22.21,91.26,91.06,46.9,1064,amber
2025-11-15 08:05:22,logistics,Logistics,291.47,20.1,90.98,67.91,34.98,1061,green
2025-11-15 09:05:22,stamping,Stamping Shop,489.38,61.54,85.76,114.03,58.73,956,green
2025-11-15 09:05:22,body_shop,Body Shop (BIW),881.24,52.88,87.05,205.33,105.75,970,green
2025-11-15 09:05:22,paint,Paint Shop,1254.67,184.05,81.97,292.34,150.56,913,green
2025-11-15 09:05:22,assembly,General Assembly,825.58,26.72,87.28,192.36,99.07,973,amber
2025-11-15 09:05:22,powertrain,Powertrain Assembly,608.82,33.75,87.65,141.85,73.06,977,green
2025-11-15 09:05:22,quality,Quality Control,342.49,22.07,90.63,79.8,41.1,1010,green
2025-11-15 09:05:22,logistics,Logistics,332.65,19.84,91.24,77.51,39.92,1017,amber
2025-11-15 10:05:22,stamping,Stamping Shop,484.14,65.38,72.13570715862723,112.8,58.1,930,red
2025-11-15 10:05:22,body_shop,Body Shop (BIW),882.07,53.47,84.67,205.52,105.85,896,green
2025-11-15 10:05:22,paint,Paint Shop,1280.01,187.54,82.26,298.24,153.6,870,green
2025-11-15 10:05:22,assembly,General Assembly,747.32,24.97,88.23,174.12,89.68,933,green
2025-11-15 10:05:22,powertrain,Powertrain Assembly,610.16,33.05,87.57,142.17,73.22,926,green
2025-11-15 10:05:22,quality,Quality Control,385.08,21.09,94.95,89.72,46.21,1005,amber
2025-11-15 10:05:22,logistics,Logistics,306.55,19.46,92.31,71.43,36.79,977,green
2025-11-15 11:05:22,stamping,Stamping Shop,251.09,68.8,89.44,58.5,30.13,536,green
2025-11-15 11:05:22,body_shop,Body Shop (BIW),479.62,50.51,86.36,111.75,57.55,518,green
2025-11-15 11:05:22,paint,Paint Shop,707.26,187.36,82.75,164.79,84.87,496,green
2025-11-15 11:05:22,assembly,General Assembly,420.11,33.5230235131576,86.7,97.89,50.41,520,green
2025-11-15 11:05:22,powertrain,Powertrain Assembly,329.5,34.88,85.88,76.77,39.54,515,green
2025-11-15 11:05:22,quality,Quality Control,170.46,21.19,91.19,39.72,20.46,547,green
2025-11-15 11:05:22,logistics,Logistics,178.26,21.92,93.54,41.54,21.39,561,green
2025-11-15 12:05:22,stamping,Stamping Shop,269.8,65.76,89.85,62.86,32.38,545,green
2025-11-15 12:05:22,body_shop,Body Shop (BIW),489.48,54.46,85.73,114.05,58.74,520,green
2025-11-15 12:05:22,paint,Paint Shop,668.26,173.55,85.57,155.71,80.19,519,green
2025-11-15 12:05:22,assembly,General Assembly,425.12,26.05,83.54,99.05,51.01,506,green
2025-11-15 12:05:22,powertrain,Powertrain Assembly,327.96,34.39,85.63,76.41,39.36,519,green
2025-11-15 12:05:22,quality,Quality Control,207.87,21.05,89.02,48.43,24.94,540,green
2025-11-15 12:05:22,logistics,Logistics,163.61,20.71,90.47,38.12,19.63,549,green
2025-11-15 13:05:22,stamping,Stamping Shop,177.71,69.29,89.79,41.41,21.33,348,green
2025-11-15 13:05:22,body_shop,Body Shop (BIW),537.6512897689566,52.16,86.02,114.18162378447295,35.86,333,green
2025-11-15 13:05:22,paint,Paint Shop,456.5,178.07,81.4,106.36,54.78,315,green
2025-11-15 13:05:22,assembly,General Assembly,263.16,24.48,84.0,61.32,31.58,325,green
2025-11-15 13:05:22,powertrain,Powertrain Assembly,215.62,36.31,90.7,50.24,25.87,351,green
2025-11-15 13:05:22,quality,Quality Control,134.98,23.86,94.87,31.45,16.2,368,green
2025-11-15 13:05:22,logistics,Logistics,122.56,19.93,89.01,28.56,14.71,345,green
2025-11-15 14:05:22,stamping,Stamping Shop,151.42,67.37,89.19,35.28,18.17,295,green
2025-11-15 14:05:22,body_shop,Body Shop (BIW),239.4,56.65,90.89,55.78,28.73,301,green
2025-11-15 14:05:22,paint,Paint Shop,365.51,169.72,83.74,85.16,43.86,277,green
2025-11-15 14:05:22,assembly,General Assembly,231.18,24.72,84.61,53.87,27.74,280,green
2025-11-15 14:05:22,powertrain,Powertrain Assembly,180.67,34.64,91.16,42.1,21.68,302,green
2025-11-15 14:05:22,quality,Quality Control,111.11,22.69,93.46,25.89,13.33,310,green
2025-11-15 14:05:22,logistics,Logistics,92.88,19.48,91.96,21.64,11.15,305,green
2025-11-15 15:05:22,stamping,Stamping Shop,174.38,62.36,92.97,40.63,20.93,359,green
2025-11-15 15:05:22,body_shop,Body Shop (BIW),331.59,50.5,90.66,77.26,39.79,350,green
2025-11-15 15:05:22,paint,Paint Shop,469.89,180.02,81.88,109.48,56.39,316,green
2025-11-15 15:05:22,assembly,General Assembly,277.07,24.04,84.99,64.56,33.25,328,green
2025-11-15 15:05:22,powertrain,Powertrain Assembly,211.08,34.63,86.13,49.18,25.33,332,green
2025-11-15 15:05:22,quality,Quality Control,118.07,21.52,91.57,27.51,14.17,353,green
2025-11-15 15:05:22,logistics,Logistics,111.1,20.38,90.2,25.89,13.33,348,green
2025-11-15 16:05:22,stamping,Stamping Shop,158.91,62.94,90.99,37.03,19.07,342,green
2025-11-15 16:05:22,body_shop,Body Shop (BIW),290.67,53.71,83.88,67.73,34.88,315,green
2025-11-15 16:05:22,paint,Paint Shop,460.11,199.05,81.57,107.21,55.21,306,green
2025-11-15 16:05:22,assembly,General Assembly,276.24,23.38,85.86,64.36,33.15,323,green
2025-11-15 16:05:22,powertrain,Powertrain Assembly,191.28,33.55,86.5,44.57,22.95,325,green
2025-11-15 16:05:22,quality,Quality Control,129.11,21.85,95.67,30.08,15.49,360,green
2025-11-15 16:05:22,logistics,Logistics,110.9,20.12,87.08,25.84,13.31,327,green
2025-11-15 17:05:22,stamping,Stamping Shop,151.35,66.36,91.21,35.26,18.16,284,green
2025-11-15 17:05:22,body_shop,Body Shop (BIW),253.21,50.69,88.26,59.0,30.39,275,green
2025-11-15 17:05:22,paint,Paint Shop,404.79,175.0,84.1,94.32,48.57,262,green
2025-11-15 17:05:22,assembly,General Assembly,206.55,23.51,87.38,48.13,24.79,273,green
2025-11-15 17:05:22,powertrain,Powertrain Assembly,174.39,35.58,87.58,40.63,20.93,273,green
2025-11-15 17:05:22,quality,Quality Control,103.47,21.67,94.89,24.11,12.42,296,green
2025-11-15 17:05:22,logistics,Logistics,91.83,20.17,89.15,21.4,11.02,278,green
2025-11-15 18:05:22,stamping,Stamping Shop,154.81,67.46,90.63,36.07,18.58,299,green
2025-11-15 18:05:22,body_shop,Body Shop (BIW),293.93,55.61,86.8,68.49,35.27,287,green
2025-11-15 18:05:22,paint,Paint Shop,405.9,190.81,81.99,94.58,48.71,271,green
2025-11-15 18:05:22,assembly,General Assembly,238.75,25.12,88.25,55.63,28.65,291,green
2025-11-15 18:05:22,powertrain,Powertrain Assembly,169.07,32.44,88.32,39.39,20.29,292,green
2025-11-15 18:05:22,quality,Quality Control,105.74,20.84,98.64,24.64,12.69,326,green
2025-11-15 18:05:22,logistics,Logistics,95.09,19.24,91.11,22.16,11.41,301,green
2025-11-15 19:05:22,stamping,Stamping Shop,273.55,68.49,66.93601973585326,63.74,32.83,530,red
2025-11-15 19:05:22,body_shop,Body Shop (BIW),463.86,57.29,88.05,108.08,55.66,528,green
2025-11-15 19:05:22,paint,Paint Shop,713.94,186.9,82.81,166.35,85.67,496,green
2025-11-15 19:05:22,assembly,General Assembly,378.28,26.17,86.59,88.14,45.39,519,green
2025-11-15 19:05:22,powertrain,Powertrain Assembly,319.4,36.15,86.73,74.42,38.33,520,green
2025-11-15 19:05:22,quality,Quality Control,182.17,21.03,88.67,42.44,21.86,532,green
2025-11-15 19:05:22,logistics,Logistics,174.91,19.38,91.48,40.75,20.99,548,green
2025-11-15 20:05:22,stamping,Stamping Shop,291.05,62.68,92.39,67.82,34.93,586,green
2025-11-15 20:05:22,body_shop,Body Shop (BIW),500.55,51.54,85.33,116.63,60.07,541,green
2025-11-15 20:05:22,paint,Paint Shop,828.16,190.03,81.41,192.96,99.38,517,green
2025-11-15 20:05:22,assembly,General Assembly,446.18,24.41,86.76,103.96,53.54,551,green
2025-11-15 20:05:22,powertrain,Powertrain Assembly,373.1,36.57,90.58,86.93,44.77,575,green
2025-11-15 20:05:22,quality,Quality Control,210.76,20.79,91.37,49.11,25.29,580,green
2025-11-15 20:05:22,logistics,Logistics,181.21,19.69,92.38,42.22,21.75,586,green
2025-11-15 21:05:22,stamping,Stamping Shop,271.66,63.38,86.0,63.3,32.6,575,green
2025-11-15 21:05:22,body_shop,Body Shop (BIW),536.15,52.1,88.03,124.92,64.34,588,green
2025-11-15 21:05:22,paint,Paint Shop,831.56,173.73,85.85,193.75,99.79,574,green
2025-11-15 21:05:22,assembly,General Assembly,446.19,24.5,84.32,103.96,53.54,563,green
2025-11-15 21:05:22,powertrain,Powertrain Assembly,354.57,36.93,89.54,82.61,42.55,598,green
2025-11-15 21:05:22,quality,Quality Control,246.62,21.47,94.33,57.46,29.59,630,green
2025-11-15 21:05:22,logistics,Logistics,186.6,20.1,86.17,43.48,22.39,576,green
2025-11-15 22:05:22,stamping,Stamping Shop,314.42,67.77,89.51,73.26,37.73,626,green
2025-11-15 22:05:22,body_shop,Body Shop (BIW),541.74,51.92,87.47,126.23,65.01,612,green
2025-11-15 22:05:22,paint,Paint Shop,830.35,178.82,83.01,193.47,99.64,581,green
2025-11-15 22:05:22,assembly,General Assembly,488.89,27.03,85.98,113.91,58.67,601,green
2025-11-15 22:05:22,powertrain,Powertrain Assembly,377.48,35.04,89.33,87.95,45.3,625,green
2025-11-15 22:05:22,quality,Quality Control,228.37,22.24,70.76740745019482,53.21,27.4,638,red
2025-11-15 22:05:22,logistics,Logistics,175.73,18.76,92.61,40.94,21.09,648,green
2025-11-15 23:05:22,stamping,Stamping Shop,312.31,66.31,93.8,72.77,37.48,682,green
2025-11-15 23:05:22,body_shop,Body Shop (BIW),603.16,55.22,85.11,140.54,72.38,618,green
2025-11-15 23:05:22,paint,Paint Shop,874.06,172.32,82.0,203.66,104.89,596,green
2025-11-15 23:05:22,assembly,General Assembly,449.86,26.13,84.31,104.82,53.98,613,green
2025-11-15 23:05:22,powertrain,Powertrain Assembly,393.44,34.12,87.58,91.67,47.21,636,green
2025-11-15 23:05:22,quality,Quality Control,232.83,20.08,92.09,54.25,27.94,669,green
2025-11-15 23:05:22,logistics,Logistics,211.96,21.04,90.08,49.39,25.44,655,green
2025-11-16 00:05:22,stamping,Stamping Shop,343.74,68.73,87.98,80.09,41.25,659,green
2025-11-16 00:05:22,body_shop,Body Shop (BIW),604.21,52.88,86.25,140.78,72.5,646,green
2025-11-16 00:05:22,paint,Paint Shop,909.95,200.19,83.92,212.02,109.19,629,green
2025-11-16 00:05:22,assembly,General Assembly,491.0,23.87,87.57,114.4,58.92,656,green
2025-11-16 00:05:22,powertrain,Powertrain Assembly,403.25,32.57,88.01,93.96,48.39,659,green
2025-11-16 00:05:22,quality,Quality Control,231.21,23.06,89.23,53.87,27.75,668,green
2025-11-16 00:05:22,logistics,Logistics,220.03,20.45,88.03,51.27,26.4,659,green
2025-11-16 01:05:22,stamping,Stamping Shop,320.62,68.33,89.51,74.71,38.47,685,green
2025-11-16 01:05:22,body_shop,Body Shop (BIW),601.09,56.3,82.82,140.05,72.13,634,green
2025-11-16 01:05:22,paint,Paint Shop,858.58,189.3,85.66,200.05,103.03,656,green
2025-11-16 01:05:22,assembly,General Assembly,478.15,22.52,84.2,111.41,57.38,645,green
2025-11-16 01:05:22,powertrain,Powertrain Assembly,386.15,36.24,87.48,89.97,46.34,670,green
2025-11-16 01:05:22,quality,Quality Control,363.73019431287406,22.76,93.48,77.3951855291505,27.49,716,green
2025-11-16 01:05:22,logistics,Logistics,224.16,19.54,92.91,52.23,26.9,711,green
2025-11-16 02:05:22,stamping,Stamping Shop,334.32,67.73,88.91,77.9,40.12,690,green
2025-11-16 02:05:22,body_shop,Body Shop (BIW),595.77,54.68,88.2,138.82,71.49,684,green
2025-11-16 02:05:22,paint,Paint Shop,911.53,191.68,83.76,212.39,109.38,650,green
2025-11-16 02:05:22,assembly,General Assembly,508.46,25.9,87.31,118.47,61.02,678,green
2025-11-16 02:05:22,powertrain,Powertrain Assembly,394.26,34.1,90.34,91.86,47.31,701,green
2025-11-16 02:05:22,quality,Quality Control,238.76,32.059813804962786,90.55,55.63,28.65,703,green
2025-11-16 02:05:22,logistics,Logistics,238.24,20.0,90.22,55.51,28.59,700,green
2025-11-16 03:05:22,stamping,Stamping Shop,350.65,67.35,89.52,81.7,42.08,698,green
2025-11-16 03:05:22,body_shop,Body Shop (BIW),603.02,54.9,87.14,140.5,72.36,679,green
2025-11-16 03:05:22,paint,Paint Shop,867.84,180.95,84.68,202.21,104.14,660,green
2025-11-16 03:05:22,assembly,General Assembly,522.79,24.48,87.43,121.81,62.74,681,green
2025-11-16 03:05:22,powertrain,Powertrain Assembly,449.77,37.15,87.11,104.8,53.97,679,green
2025-11-16 03:05:22,quality,Quality Control,237.94,22.32,91.31,55.44,28.55,712,green
2025-11-16 03:05:22,logistics,Logistics,197.42,19.56,92.26,46.0,23.69,719,green
2025-11-16 04:05:22,stamping,Stamping Shop,363.02,70.87,90.55,84.58,43.56,703,green
2025-11-16 04:05:22,body_shop,Body Shop (BIW),643.65,51.33,83.41,149.97,77.24,647,green
2025-11-16 04:05:22,paint,Paint Shop,936.77,181.34,81.92,218.27,112.41,636,green
2025-11-16 04:05:22,assembly,General Assembly,568.48,26.8,87.57,132.46,68.22,679,green
2025-11-16 04:05:22,powertrain,Powertrain Assembly,431.83,35.21,88.51,100.62,51.82,687,green
2025-11-16 04:05:22,quality,Quality Control,248.99,21.86,91.44,58.01,29.88,710,green
2025-11-16 04:05:22,logistics,Logistics,214.55,19.37,91.9,49.99,25.75,713,green
2025-11-16 05:05:22,stamping,Stamping Shop,352.56,68.0,87.55,82.15,42.31,670,green
2025-11-16 05:05:22,body_shop,Body Shop (BIW),559.89,56.98,85.22,130.45,67.19,653,green
2025-11-16 05:05:22,paint,Paint Shop,890.71,188.28,82.73,207.54,106.89,633,green
2025-11-16 05:05:22,assembly,General Assembly,519.22,25.62,86.61,120.98,62.31,663,green
2025-11-16 05:05:22,powertrain,Powertrain Assembly,417.34,33.51,87.64,97.24,50.08,671,green
2025-11-16 05:05:22,quality,Quality Control,268.3,22.44,91.54,62.51,32.2,701,green
2025-11-16 05:05:22,logistics,Logistics,202.06,19.67,91.37,47.08,24.25,700,green
2025-11-16 06:05:22,stamping,Stamping Shop,334.79,63.72,86.32,78.01,40.17,647,green
2025-11-16 06:05:22,body_shop,Body Shop (BIW),609.82,57.14,88.46,142.09,73.18,663,green
2025-11-16 06:05:22,paint,Paint Shop,923.77,181.15,79.19,215.24,110.85,593,green
2025-11-16 06:05:22,assembly,General Assembly,510.8,25.28,85.76,119.02,61.3,642,green
2025-11-16 06:05:22,powertrain,Powertrain Assembly,388.17,32.96,90.17,90.44,46.58,675,green
2025-11-16 06:05:22,quality,Quality Control,236.62,21.3,94.89,55.13,28.39,711,green
2025-11-16 06:05:22,logistics,Logistics,194.82,18.98,89.54,45.39,23.38,671,green
2025-11-16 07:05:22,stamping,Stamping Shop,322.55,62.03,93.24,75.15,38.71,678,green
2025-11-16 07:05:22,body_shop,Body Shop (BIW),608.86,53.74,88.99,141.87,73.06,647,green
2025-11-16 07:05:22,paint,Paint Shop,856.75,193.62,83.59,199.62,102.81,607,green
2025-11-16 07:05:22,assembly,General Assembly,503.31,22.88,85.78,117.27,60.4,623,green
2025-11-16 07:05:22,powertrain,Powertrain Assembly,389.7,36.59,86.27,90.8,46.76,627,green
2025-11-16 07:05:22,quality,Quality Control,245.04,22.88,94.28,57.09,29.4,685,green
2025-11-16 07:05:22,logistics,Logistics,181.61,20.05,95.97,42.31,21.79,697,green
2025-11-16 08:05:22,stamping,Stamping Shop,312.77,64.51,88.36,72.87,37.53,618,green
2025-11-16 08:05:22,body_shop,Body Shop (BIW),579.4,50.95,82.77,135.0,69.53,579,green
2025-11-16 08:05:22,paint,Paint Shop,827.97,187.54,79.79,192.92,99.36,558,green
2025-11-16 08:05:22,assembly,General Assembly,486.33,25.44,86.94,113.31,58.36,608,green
2025-11-16 08:05:22,powertrain,Powertrain Assembly,395.86,35.74,89.32,92.24,47.5,625,green
2025-11-16 08:05:22,quality,Quality Control,225.01,21.6,89.64,52.43,27.0,627,green
2025-11-16 08:05:22,logistics,Logistics,197.95,19.24,95.29,46.12,23.75,667,green
2025-11-16 09:05:22,stamping,Stamping Shop,307.47,69.57,92.53,71.64,36.9,618,green
2025-11-16 09:05:22,body_shop,Body Shop (BIW),505.09,54.76,84.78,117.69,60.61,567,green
2025-11-16 09:05:22,paint,Paint Shop,769.48,187.67,79.19,179.29,92.34,529,green
2025-11-16 09:05:22,assembly,General Assembly,458.83,23.53,83.98,106.91,55.06,561,green
2025-11-16 09:05:22,powertrain,Powertrain Assembly,356.53,32.58,84.91,83.07,42.78,567,green
2025-11-16 09:05:22,quality,Quality Control,215.47,22.13,88.65,50.21,25.86,592,green
2025-11-16 09:05:22,logistics,Logistics,187.26,20.82,92.57,43.63,22.47,619,green
2025-11-16 10:05:22,stamping,Stamping Shop,316.73,62.24,93.88,73.8,38.01,596,green
2025-11-16 10:05:22,body_shop,Body Shop (BIW),503.68,56.82,83.9,117.36,60.44,532,green
2025-11-16 10:05:22,paint,Paint Shop,753.51,186.87,80.13,175.57,90.42,508,green
2025-11-16 10:05:22,assembly,General Assembly,467.87,24.33,85.11,109.01,56.14,540,green
2025-11-16 10:05:22,powertrain,Powertrain Assembly,346.28,34.63,88.05,80.68,41.55,559,green
2025-11-16 10:05:22,quality,Quality Control,205.92,21.78,90.6,47.98,24.71,575,green
2025-11-16 10:05:22,logistics,Logistics,165.97,21.09,94.32,38.67,19.92,599,green
2025-11-16 11:05:22,stamping,Stamping Shop,173.37,71.54,87.4,40.4,20.8,316,green
2025-11-16 11:05:22,body_shop,Body Shop (BIW),287.01,55.93,87.37,66.87,34.44,316,green
2025-11-16 11:05:22,paint,Paint Shop,419.2,187.19,83.02,97.67,50.3,300,green
2025-11-16 11:05:22,assembly,General Assembly,261.63,24.09,84.84,60.96,31.4,307,green
2025-11-16 11:05:22,powertrain,Powertrain Assembly,204.3,35.69,89.29,47.6,24.52,323,green
2025-11-16 11:05:22,quality,Quality Control,100.67,23.27,87.53,23.46,12.08,316,green
2025-11-16 11:05:22,logistics,Logistics,95.67,18.66,89.66,22.29,11.48,324,green
2025-11-16 12:05:22,stamping,Stamping Shop,151.79,65.82,86.15,35.37,18.21,281,green
2025-11-16 12:05:22,body_shop,Body Shop (BIW),256.11,54.94,85.63,59.67,30.73,279,green
2025-11-16 12:05:22,paint,Paint Shop,404.22,199.66,85.55,94.18,48.51,279,green
2025-11-16 12:05:22,assembly,General Assembly,217.53,25.77,87.79,50.68,26.1,286,green
2025-11-16 12:05:22,powertrain,Powertrain Assembly,193.12,34.98,88.23,45.0,23.17,288,green
2025-11-16 12:05:22,quality,Quality Control,104.51,22.41,95.16,24.35,12.54,310,green
2025-11-16 12:05:22,logistics,Logistics,98.03,24.319631008058884,95.61,22.84,11.76,312,green
2025-11-16 13:05:22,stamping,Stamping Shop,182.49,62.65,92.02,42.52,21.9,351,green
2025-11-16 13:05:22,body_shop,Body Shop (BIW),315.84,57.28,88.44,73.59,37.9,337,green
2025-11-16 13:05:22,paint,Paint Shop,439.21,187.42,82.6,102.33,52.7,315,green
2025-11-16 13:05:22,assembly,General Assembly,250.94,25.13,88.85,58.47,30.11,339,green
2025-11-16 13:05:22,powertrain,Powertrain Assembly,219.52,34.6,88.6,51.15,26.34,338,green
2025-11-16 13:05:22,quality,Quality Control,122.19,22.63,96.9,28.47,14.66,370,green
2025-11-16 13:05:22,logistics,Logistics,107.21,18.97,88.75,24.98,12.87,338,green
2025-11-16 14:05:22,stamping,Stamping Shop,149.74,67.9,88.55,34.89,17.97,277,green
2025-11-16 14:05:22,body_shop,Body Shop (BIW),266.94,56.57,86.24,62.2,32.03,270,green
2025-11-16 14:05:22,paint,Paint Shop,374.05,183.73,83.36,87.15,44.89,261,green
2025-11-16 14:05:22,assembly,General Assembly,223.12,27.12,84.11,51.99,26.77,263,green
2025-11-16 14:05:22,powertrain,Powertrain Assembly,162.75,34.1,88.33,37.92,19.53,277,green
2025-11-16 14:05:22,quality,Quality Control,103.79,21.88,90.69,24.18,12.45,284,green
2025-11-16 14:05:22,logistics,Logistics,92.14,18.85,92.4,21.47,11.06,289,green
2025-11-16 15:05:22,stamping,Stamping Shop,145.59,66.88,89.49,33.92,17.47,287,green
2025-11-16 15:05:22,body_shop,Body Shop (BIW),264.34,53.42,86.4,61.59,31.72,277,green
2025-11-16 15:05:22,paint,Paint Shop,385.95,177.77,84.24,89.93,46.31,270,green
2025-11-16 15:05:22,assembly,General Assembly,222.56,25.15,83.24,51.86,26.71,267,green
2025-11-16 15:05:22,powertrain,Powertrain Assembly,182.05,34.57,85.02,42.42,21.85,273,green
2025-11-16 15:05:22,quality,Quality Control,102.95,21.96,93.03,23.99,12.35,298,green
2025-11-16 15:05:22,logistics,Logistics,97.98,20.79,90.14,22.83,11.76,289,green
2025-11-16 16:05:22,stamping,Stamping Shop,143.48,61.84,92.95,33.43,17.22,320,green
2025-11-16 16:05:22,body_shop,Body Shop (BIW),289.86,53.78,84.15,67.54,34.78,289,green
2025-11-16 16:05:22,paint,Paint Shop,407.07,180.62,83.07,94.85,48.85,286,green
2025-11-16 16:05:22,assembly,General Assembly,231.66,25.77,86.36,53.98,27.8,297,green
2025-11-16 16:05:22,powertrain,Powertrain Assembly,170.04,34.0,89.69,39.62,20.4,308,green
2025-11-16 16:05:22,quality,Quality Control,109.56,22.82,96.62,25.53,13.15,332,green
2025-11-16 16:05:22,logistics,Logistics,102.6,20.51,90.4,23.91,12.31,311,green
2025-11-16 17:05:22,stamping,Stamping Shop,173.97,65.87,95.39,40.54,20.88,364,green
2025-11-16 17:05:22,body_shop,Body Shop (BIW),300.07,54.7,89.63,69.92,36.01,342,green
2025-11-16 17:05:22,paint,Paint Shop,433.65,184.46,81.52,101.04,52.04,311,green
2025-11-16 17:05:22,assembly,General Assembly,269.61,26.05,86.59,62.82,32.35,331,green
2025-11-16 17:05:22,powertrain,Powertrain Assembly,212.5,35.24,84.58,49.51,25.5,323,green
2025-11-16 17:05:22,quality,Quality Control,131.62,22.26,92.27,30.67,15.79,352,green
2025-11-16 17:05:22,logistics,Logistics,113.92,19.04,91.16,26.54,13.67,348,green
2025-11-16 18:05:22,stamping,Stamping Shop,168.85,71.61,92.86,39.34,20.26,338,green
2025-11-16 18:05:22,body_shop,Body Shop (BIW),299.31,59.76,86.28,69.74,35.92,314,green
2025-11-16 18:05:22,paint,Paint Shop,427.32,195.57,82.49,99.57,51.28,300,green
2025-11-16 18:05:22,assembly,General Assembly,250.03,23.77,86.87,58.26,30.0,316,green
2025-11-16 18:05:22,powertrain,Powertrain Assembly,201.9,33.87,86.68,47.04,24.23,316,green
2025-11-16 18:05:22,quality,Quality Control,108.38,20.74,94.12,25.25,13.01,343,green
2025-11-16 18:05:22,logistics,Logistics,105.48,19.12,90.44,24.58,12.66,329,green
2025-11-16 19:05:22,stamping,Stamping Shop,267.75,65.7,91.49,62.39,32.13,548,green
2025-11-16 19:05:22,body_shop,Body Shop (BIW),462.13,57.75,86.0,107.68,55.46,516,green
2025-11-16 19:05:22,paint,Paint Shop,754.39,182.36,83.02,175.77,90.53,498,green
2025-11-16 19:05:22,assembly,General Assembly,373.64,23.93,83.5,87.06,44.84,500,green
2025-11-16 19:05:22,powertrain,Powertrain Assembly,326.34,35.1,88.15,76.04,39.16,528,green
2025-11-16 19:05:22,quality,Quality Control,184.82,20.56,92.08,43.06,22.18,552,green
2025-11-16 19:05:22,logistics,Logistics,160.69,21.44,92.86,37.44,19.28,557,green
2025-11-16 20:05:22,stamping,Stamping Shop,260.74,68.52,87.01,60.75,31.29,552,green
2025-11-16 20:05:22,body_shop,Body Shop (BIW),516.7,54.29,88.9,120.39,62.0,564,green
2025-11-16 20:05:22,paint,Paint Shop,749.52,188.79,82.97,174.64,89.94,526,green
2025-11-16 20:05:22,assembly,General Assembly,467.57,25.92,83.72,108.94,56.11,531,green
2025-11-16 20:05:22,powertrain,Powertrain Assembly,361.15,32.49,87.39,84.15,43.34,555,green
2025-11-16 20:05:22,quality,Quality Control,194.87,22.41,90.96,45.4,23.38,577,green
2025-11-16 20:05:22,logistics,Logistics,181.51,18.34,90.73,42.29,21.78,576,green
2025-11-16 21:05:22,stamping,Stamping Shop,271.17,67.79,91.89,63.18,32.54,614,green
2025-11-16 21:05:22,body_shop,Body Shop (BIW),528.73,59.25,88.24,123.19,63.45,590,green
2025-11-16 21:05:22,paint,Paint Shop,839.06,203.29,83.07,195.5,100.69,555,green
2025-11-16 21:05:22,assembly,General Assembly,666.7099388961784,25.09,85.75,168.02916819467083,50.73,573,green
2025-11-16 21:05:22,powertrain,Powertrain Assembly,362.43,35.58,89.05,84.45,43.49,595,green
2025-11-16 21:05:22,quality,Quality Control,220.76,21.61,90.79,51.44,26.49,607,green
2025-11-16 21:05:22,logistics,Logistics,207.5,20.72,88.25,48.35,24.9,590,green
2025-11-16 22:05:22,stamping,Stamping Shop,338.59,66.42,90.24,78.89,40.63,631,green
2025-11-16 22:05:22,body_shop,Body Shop (BIW),566.49,50.98,86.72,131.99,67.98,607,green
2025-11-16 22:05:22,paint,Paint Shop,775.74,175.73,81.12,180.75,93.09,567,green
2025-11-16 22:05:22,assembly,General Assembly,454.28,23.78,87.31,105.85,54.51,611,green
2025-11-16 22:05:22,powertrain,Powertrain Assembly,350.83,35.2,88.07,81.74,42.1,616,green
2025-11-16 22:05:22,quality,Quality Control,226.81,23.42,93.88,52.85,27.22,657,green
2025-11-16 22:05:22,logistics,Logistics,191.45,19.02,89.13,44.61,22.97,623,green
2025-11-16 23:05:22,stamping,Stamping Shop,331.48,64.87,88.44,77.23,39.78,643,green
2025-11-16 23:05:22,body_shop,Body Shop (BIW),633.77,57.28,85.08,147.67,76.05,618,green
2025-11-16 23:05:22,paint,Paint Shop,847.94,179.79,84.15,197.57,101.75,612,green
2025-11-16 23:05:22,assembly,General Assembly,473.24,26.47,88.4,110.26,56.79,642,green
2025-11-16 23:05:22,powertrain,Powertrain Assembly,391.21,36.97,87.31,91.15,46.95,634,green
2025-11-16 23:05:22,quality,Quality Control,235.08,20.78,95.64,54.77,28.21,695,green
2025-11-16 23:05:22,logistics,Logistics,196.57,20.96,89.05,45.8,23.59,647,green
2025-11-17 00:05:22,stamping,Stamping Shop,338.13,67.42,87.08,78.79,40.58,652,green
2025-11-17 00:05:22,body_shop,Body Shop (BIW),610.62,54.18,91.25,142.27,73.27,684,green
2025-11-17 00:05:22,paint,Paint Shop,871.68,185.48,81.3,203.1,104.6,609,green
2025-11-17 00:05:22,assembly,General Assembly,477.31,25.61,87.93,111.21,57.28,659,green
2025-11-17 00:05:22,powertrain,Powertrain Assembly,398.37,34.71,89.26,92.82,47.8,669,green
2025-11-17 00:05:22,quality,Quality Control,245.41,21.58,94.47,57.18,29.45,708,green
2025-11-17 00:05:22,logistics,Logistics,198.01,19.77,92.02,46.14,23.76,689,green
2025-11-17 01:05:22,stamping,Stamping Shop,351.24,61.12,90.42,81.84,42.15,692,green
2025-11-17 01:05:22,body_shop,Body Shop (BIW),602.45,56.49,88.97,140.37,72.29,681,green
2025-11-17 01:05:22,paint,Paint Shop,932.67,171.02,83.07,217.31,111.92,636,green
2025-11-17 01:05:22,assembly,General Assembly,503.53,23.42,86.04,117.32,60.42,659,green
2025-11-17 01:05:22,powertrain,Powertrain Assembly,431.09,34.04,87.26,100.44,51.73,668,green
2025-11-17 01:05:22,quality,Quality Control,245.91,22.4,90.94,57.3,29.51,696,green
2025-11-17 01:05:22,logistics,Logistics,205.61,20.1,95.25,47.91,24.67,729,green
2025-11-17 02:05:22,stamping,Stamping Shop,373.03,64.81,90.51,86.92,44.76,702,green
2025-11-17 02:05:22,body_shop,Body Shop (BIW),620.15,52.49,84.4,144.49,74.42,655,green
2025-11-17 02:05:22,paint,Paint Shop,906.05,186.45,81.06,211.11,108.73,629,green
2025-11-17 02:05:22,assembly,General Assembly,493.97,23.33,82.96,115.09,59.28,644,green
2025-11-17 02:05:22,powertrain,Powertrain Assembly,416.88,32.42,85.97,97.13,50.03,667,green
2025-11-17 02:05:22,quality,Quality Control,248.44,21.82,90.58,57.89,29.81,703,green
2025-11-17 02:05:22,logistics,Logistics,200.68,19.07,95.51,46.76,24.08,741,green
2025-11-17 03:05:22,stamping,Stamping Shop,350.81,58.77,87.67,81.74,42.1,683,green
2025-11-17 03:05:22,body_shop,Body Shop (BIW),664.86,48.65,84.48,154.91,79.78,658,green
2025-11-17 03:05:22,paint,Paint Shop,924.65,191.31,82.62,215.44,110.96,644,green
2025-11-17 03:05:22,assembly,General Assembly,499.82,25.37,88.25,116.46,59.98,688,green
2025-11-17 03:05:22,powertrain,Powertrain Assembly,399.9,34.63,86.76,93.18,47.99,676,green
2025-11-17 03:05:22,quality,Quality Control,242.24,22.94,93.6,56.44,29.07,730,green
2025-11-17 03:05:22,logistics,Logistics,217.44,19.76,95.73,50.66,26.09,746,green
2025-11-17 04:05:22,stamping,Stamping Shop,361.09,62.74,88.84,84.13,43.33,689,green
2025-11-17 04:05:22,body_shop,Body Shop (BIW),612.75,55.67,91.13,142.77,73.53,707,green
2025-11-17 04:05:22,paint,Paint Shop,955.44,190.2,78.91,222.62,114.65,612,green
2025-11-17 04:05:22,assembly,General Assembly,538.56,24.32,84.42,125.48,64.63,655,green
2025-11-17 04:05:22,powertrain,Powertrain Assembly,406.86,36.29,89.7,94.8,48.82,696,green
2025-11-17 04:05:22,quality,Quality Control,255.76,21.16,96.69,59.59,30.69,750,green
2025-11-17 04:05:22,logistics,Logistics,206.75,21.57,90.75,48.17,24.81,704,green
2025-11-17 05:05:22,stamping,Stamping Shop,328.37,62.06,89.53,76.51,39.4,686,green
2025-11-17 05:05:22,body_shop,Body Shop (BIW),616.76,54.72,88.57,143.71,74.01,678,green
2025-11-17 05:05:22,paint,Paint Shop,932.51,178.98,81.15,217.28,111.9,621,green
2025-11-17 05:05:22,assembly,General Assembly,481.28,26.08,84.02,112.14,57.75,643,green
2025-11-17 05:05:22,powertrain,Powertrain Assembly,464.94,32.83,86.8,108.33,55.79,665,green
2025-11-17 05:05:22,quality,Quality Control,249.35,22.4,96.09,58.1,29.92,736,green
2025-11-17 05:05:22,logistics,Logistics,224.36,20.5,91.78,52.28,26.92,703,green
2025-11-17 06:05:22,stamping,Stamping Shop,322.01,61.99,89.01,75.03,38.64,667,green
2025-11-17 06:05:22,body_shop,Body Shop (BIW),678.28,52.03,87.54,158.04,81.39,656,green
2025-11-17 06:05:22,paint,Paint Shop,799.43,178.34,83.66,186.27,95.93,627,green
2025-11-17 06:05:22,assembly,General Assembly,501.92,23.96,86.48,116.95,60.23,648,green
2025-11-17 06:05:22,powertrain,Powertrain Assembly,396.55,36.2,86.5,92.4,47.59,648,green
2025-11-17 06:05:22,quality,Quality Control,246.35,21.36,94.0,57.4,29.56,704,green
2025-11-17 06:05:22,logistics,Logistics,186.7,20.58,92.81,43.5,22.4,695,green
2025-11-17 07:05:22,stamping,Stamping Shop,305.47,70.94,89.8,71.17,36.66,653,green
2025-11-17 07:05:22,body_shop,Body Shop (BIW),586.74,55.21,84.94,136.71,70.41,617,green
2025-11-17 07:05:22,paint,Paint Shop,855.11,184.56,79.09,199.24,102.61,575,green
2025-11-17 07:05:22,assembly,General Assembly,493.64,25.03,88.54,115.02,59.24,643,green
2025-11-17 07:05:22,powertrain,Powertrain Assembly,391.8,33.92,86.31,91.29,47.02,627,green
2025-11-17 07:05:22,quality,Quality Control,248.62,22.6,95.24,57.93,29.83,692,green
2025-11-17 07:05:22,logistics,Logistics,204.35,20.11,88.62,47.61,24.52,644,green
2025-11-17 08:05:22,stamping,Stamping Shop,302.9,66.25,91.4,70.58,36.35,639,green
2025-11-17 08:05:22,body_shop,Body Shop (BIW),569.78,51.43,86.59,132.76,68.37,606,green
2025-11-17 08:05:22,paint,Paint Shop,866.16,178.24,89.66,201.81,103.94,627,green
2025-11-17 08:05:22,assembly,General Assembly,458.97,23.6,86.96,106.94,55.08,608,green
2025-11-17 08:05:22,powertrain,Powertrain Assembly,398.15,35.8,91.19,92.77,47.78,638,green
2025-11-17 08:05:22,quality,Quality Control,215.97,21.15,91.54,50.32,25.92,640,green
2025-11-17 08:05:22,logistics,Logistics,194.67,20.82,89.35,45.36,23.36,625,green
2025-11-17 09:05:22,stamping,Stamping Shop,283.69,67.39,86.43,66.1,34.04,578,green
2025-11-17 09:05:22,body_shop,Body Shop (BIW),494.76,54.27,89.02,115.28,59.37,595,green
2025-11-17 09:05:22,paint,Paint Shop,796.91,185.67,79.78,185.68,95.63,533,green
2025-11-17 09:05:22,assembly,General Assembly,445.03,25.44,86.27,103.69,53.4,577,green
2025-11-17 09:05:22,powertrain,Powertrain Assembly,375.95,39.55,88.5,87.6,45.11,591,green
2025-11-17 09:05:22,quality,Quality Control,237.89,21.31,88.94,55.43,28.55,594,green
2025-11-17 09:05:22,logistics,Logistics,174.71,19.9,92.35,40.71,20.96,617,green
2025-11-17 10:05:22,stamping,Stamping Shop,295.06,66.09,91.45,68.75,35.41,580,green
2025-11-17 10:05:22,body_shop,Body Shop (BIW),514.29,56.58,85.87,119.83,61.71,545,green
2025-11-17 10:05:22,paint,Paint Shop,761.19,183.92,81.42,177.36,91.34,517,green
2025-11-17 10:05:22,assembly,General Assembly,461.24,26.61,86.03,107.47,55.35,546,green
2025-11-17 10:05:22,powertrain,Powertrain Assembly,340.1,36.01,89.49,79.24,40.81,568,green
2025-11-17 10:05:22,quality,Quality Control,202.98,22.31,93.36,47.29,24.36,592,green
2025-11-17 10:05:22,logistics,Logistics,180.04,19.68,93.1,41.95,21.6,591,green
2025-11-17 11:05:22,stamping,Stamping Shop,170.59,62.38,89.21,39.75,20.47,315,green
2025-11-17 11:05:22,body_shop,Body Shop (BIW),266.04,54.22,88.67,61.99,31.92,313,green
2025-11-17 11:05:22,paint,Paint Shop,437.17,194.48,86.45,101.86,52.46,305,green
2025-11-17 11:05:22,assembly,General Assembly,250.75,26.02,90.79,58.42,30.09,320,green
2025-11-17 11:05:22,powertrain,Powertrain Assembly,198.38,37.89,89.43,46.22,23.81,315,green
2025-11-17 11:05:22,quality,Quality Control,108.14,21.7,95.17,25.2,12.98,336,green
2025-11-17 11:05:22,logistics,Logistics,98.07,19.62,93.17,22.85,11.77,329,green
2025-11-17 12:05:22,stamping,Stamping Shop,176.2,70.52,84.29,41.05,21.14,341,green
2025-11-17 12:05:22,body_shop,Body Shop (BIW),307.13,55.39,88.22,71.56,36.86,357,green
2025-11-17 12:05:22,paint,Paint Shop,483.58,194.44,82.94,112.67,58.03,336,green
2025-11-17 12:05:22,assembly,General Assembly,281.54,24.54,88.51,65.6,33.78,358,green
2025-11-17 12:05:22,powertrain,Powertrain Assembly,226.23,34.86,67.72213044679152,52.71,27.15,359,red
2025-11-17 12:05:22,quality,Quality Control,132.59,22.14,93.49,30.89,15.91,378,green
2025-11-17 12:05:22,logistics,Logistics,115.52,18.61,94.24,26.92,13.86,381,green
2025-11-17 13:05:22,stamping,Stamping Shop,239.65,66.38,94.09,55.84,28.76,476,green
2025-11-17 13:05:22,body_shop,Body Shop (BIW),622.0738294408726,51.32,83.61,127.50910707644599,49.43,423,green
2025-11-17 13:05:22,paint,Paint Shop,601.3,195.06,80.76,140.1,72.16,408,green
2025-11-17 13:05:22,assembly,General Assembly,349.32,25.46,88.41,81.39,41.92,447,green
2025-11-17 13:05:22,powertrain,Powertrain Assembly,297.69,34.12,86.88,69.36,35.72,440,green
2025-11-17 13:05:22,quality,Quality Control,149.57,21.31,88.41,34.85,17.95,447,green
2025-11-17 13:05:22,logistics,Logistics,128.14,20.34,89.5,29.86,15.38,453,green
2025-11-17 14:05:22,stamping,Stamping Shop,284.19,68.24,87.95,66.22,34.1,585,green
2025-11-17 14:05:22,body_shop,Body Shop (BIW),537.6,55.25,86.27,125.26,64.51,574,green
2025-11-17 14:05:22,paint,Paint Shop,824.58,195.06,85.92,192.13,98.95,572,green
2025-11-17 14:05:22,assembly,General Assembly,448.97,25.89,83.69,104.61,53.88,557,green
2025-11-17 14:05:22,powertrain,Powertrain Assembly,356.89,36.8,87.65,83.16,42.83,583,green
2025-11-17 14:05:22,quality,Quality Control,222.06,22.81,91.14,51.74,26.65,607,green
2025-11-17 14:05:22,logistics,Logistics,166.76,20.79,87.27,38.85,20.01,581,green
2025-11-17 15:05:22,stamping,Stamping Shop,242.99,67.14,88.35,56.62,29.16,455,green
2025-11-17 15:05:22,body_shop,Body Shop (BIW),374.82,55.64,85.7,87.33,44.98,442,green
2025-11-17 15:05:22,paint,Paint Shop,609.68,178.86,79.78,142.06,73.16,411,green
2025-11-17 15:05:22,assembly,General Assembly,347.78,25.27,86.11,81.03,41.73,444,green
2025-11-17 15:05:22,powertrain,Powertrain Assembly,277.56,34.36,88.66,64.67,33.31,457,green
2025-11-17 15:05:22,quality,Quality Control,177.34,23.39,90.72,41.32,21.28,468,green
2025-11-17 15:05:22,logistics,Logistics,137.8,19.46,95.63,32.11,16.54,493,green
2025-11-17 16:05:22,stamping,Stamping Shop,273.25,68.38,89.33,63.67,32.79,537,green
2025-11-17 16:05:22,body_shop,Body Shop (BIW),521.21,51.63,83.66,121.44,62.54,502,green
2025-11-17 16:05:22,paint,Paint Shop,731.96,186.82,82.78,170.55,87.83,497,green
2025-11-17 16:05:22,assembly,General Assembly,414.12,25.2,86.59,96.49,49.69,520,green
2025-11-17 16:05:22,powertrain,Powertrain Assembly,335.23,34.25,84.43,78.11,40.23,507,green
2025-11-17 16:05:22,quality,Quality Control,194.2,22.61,93.96,45.25,23.3,564,green
2025-11-17 16:05:22,logistics,Logistics,166.36,18.68,93.83,38.76,19.96,564,green
2025-11-17 17:05:22,stamping,Stamping Shop,469.4524488089323,60.87,86.65,93.7328784820685,31.85,536,green
2025-11-17 17:05:22,body_shop,Body Shop (BIW),489.14,54.42,88.33,113.97,58.7,546,green
2025-11-17 17:05:22,paint,Paint Shop,760.17,173.62,83.48,177.12,91.22,516,green
2025-11-17 17:05:22,assembly,General Assembly,437.15,25.44,85.88,101.86,52.46,531,green
2025-11-17 17:05:22,powertrain,Powertrain Assembly,322.24,34.67,92.07,75.08,38.67,569,green
2025-11-17 17:05:22,quality,Quality Control,208.65,22.64,90.57,48.62,25.04,560,green
2025-11-17 17:05:22,logistics,Logistics,193.44,19.4,91.66,45.07,23.21,566,green
2025-11-17 18:05:22,stamping,Stamping Shop,269.83,58.44,89.55,62.87,32.38,562,green
2025-11-17 18:05:22,body_shop,Body Shop (BIW),572.81,57.09,89.25,133.46,68.74,560,green
2025-11-17 18:05:22,paint,Paint Shop,736.31,182.61,83.15,171.56,88.36,522,green
2025-11-17 18:05:22,assembly,General Assembly,459.3,23.68,87.42,107.02,55.12,549,green
2025-11-17 18:05:22,powertrain,Powertrain Assembly,298.35,34.1,84.6,69.52,35.8,531,green
2025-11-17 18:05:22,quality,Quality Control,177.91,22.93,88.84,41.45,21.35,558,green
2025-11-17 18:05:22,logistics,Logistics,185.07,18.93,91.76,43.12,22.21,576,green
2025-11-17 19:05:22,stamping,Stamping Shop,432.33,65.75,94.33,100.73,51.88,943,green
2025-11-17 19:05:22,body_shop,Body Shop (BIW),738.35,55.9,86.19,172.04,88.6,861,green
2025-11-17 19:05:22,paint,Paint Shop,1266.17,176.88,83.59,295.02,151.94,835,green
2025-11-17 19:05:22,assembly,General Assembly,765.06,24.67,85.59,178.26,91.81,855,green
2025-11-17 19:05:22,powertrain,Powertrain Assembly,533.36,36.86,86.69,124.27,64.0,866,green
2025-11-17 19:05:22,quality,Quality Control,336.75,21.44,95.44,78.46,40.41,954,green
2025-11-17 19:05:22,logistics,Logistics,288.42,19.97,90.65,67.2,34.61,906,green
2025-11-17 20:05:22,stamping,Stamping Shop,466.41,61.83,91.56,108.67,55.97,969,green
2025-11-17 20:05:22,body_shop,Body Shop (BIW),877.98,57.49,85.53,204.57,105.36,905,green
2025-11-17 20:05:22,paint,Paint Shop,1324.67,172.48,85.44,308.65,158.96,904,green
2025-11-17 20:05:22,assembly,General Assembly,691.99,24.98,87.31,161.23,83.04,924,green
2025-11-17 20:05:22,powertrain,Powertrain Assembly,623.58,33.95,87.24,145.29,74.83,923,green
2025-11-17 20:05:22,quality,Quality Control,362.83,21.6,93.28,84.54,43.54,987,green
2025-11-17 20:05:22,logistics,Logistics,280.0,19.19,87.92,65.24,33.6,930,green
2025-11-17 21:05:22,stamping,Stamping Shop,498.71,64.83,90.1,116.2,59.85,1004,green
2025-11-17 21:05:22,body_shop,Body Shop (BIW),927.17,59.21,87.74,216.03,111.26,978,amber
2025-11-17 21:05:22,paint,Paint Shop,1357.87,183.71,83.02,316.38,162.94,925,green
2025-11-17 21:05:22,assembly,General Assembly,745.37,26.37,89.14,173.67,89.44,993,green
2025-11-17 21:05:22,powertrain,Powertrain Assembly,667.5,35.43,88.17,155.53,80.1,982,amber
2025-11-17 21:05:22,quality,Quality Control,351.84,22.11,97.65,81.98,42.22,1088,green
2025-11-17 21:05:22,logistics,Logistics,293.8,29.180645278262634,87.21,68.45,35.26,972,green
2025-11-17 22:05:22,stamping,Stamping Shop,501.44,61.19,90.0,116.84,60.17,1049,green
2025-11-17 22:05:22,body_shop,Body Shop (BIW),1013.88,52.8,90.0,236.24,121.67,1049,red
2025-11-17 22:05:22,paint,Paint Shop,1379.04,185.52,82.56,321.32,165.48,963,green
2025-11-17 22:05:22,assembly,General Assembly,802.46,24.25,87.92,186.97,96.3,1025,amber
2025-11-17 22:05:22,powertrain,Powertrain Assembly,685.18,35.76,88.06,159.65,82.22,1027,amber
2025-11-17 22:05:22,quality,Quality Control,348.88,22.07,92.28,81.29,41.87,1076,green
2025-11-17 22:05:22,logistics,Logistics,291.62,21.7,93.7,67.95,34.99,1093,green
2025-11-17 23:05:22,stamping,Stamping Shop,549.32,60.04,89.03,127.99,65.92,1079,amber
2025-11-17 23:05:22,body_shop,Body Shop (BIW),929.49,55.77,85.55,216.57,111.54,1036,amber
2025-11-17 23:05:22,paint,Paint Shop,1470.14,192.02,82.92,342.54,176.42,1005,amber
2025-11-17 23:05:22,assembly,General Assembly,800.59,25.15,84.47,186.54,96.07,1023,amber
2025-11-17 23:05:22,powertrain,Powertrain Assembly,699.89,34.72,85.95,163.07,83.99,1041,red
2025-11-17 23:05:22,quality,Quality Control,400.7,22.17,95.4,93.36,48.08,1156,red
2025-11-17 23:05:22,logistics,Logistics,350.09,20.72,86.69,81.57,42.01,1050,red
2025-11-18 00:05:22,stamping,Stamping Shop,583.73,96.56451531355884,94.06,136.01,70.05,1175,red
2025-11-18 00:05:22,body_shop,Body Shop (BIW),1022.61,54.51,83.97,238.27,122.71,1049,red
2025-11-18 00:05:22,paint,Paint Shop,1447.96,190.3,79.93,337.37,173.76,998,amber
2025-11-18 00:05:22,assembly,General Assembly,854.85,23.7,86.28,199.18,102.58,1077,red
2025-11-18 00:05:22,powertrain,Powertrain Assembly,719.93,36.45,88.37,167.74,86.39,1104,red
2025-11-18 00:05:22,quality,Quality Control,397.74,21.58,90.71,92.67,47.73,1133,amber
2025-11-18 00:05:22,logistics,Logistics,340.72,19.15,86.33,79.39,40.89,1078,amber
2025-11-18 01:05:22,stamping,Stamping Shop,594.91,63.12,93.04,138.61,71.39,1188,red
2025-11-18 01:05:22,body_shop,Body Shop (BIW),960.98,53.56,83.95,223.91,115.32,1072,amber
2025-11-18 01:05:22,paint,Paint Shop,1595.11,175.87,81.89,371.66,191.41,1045,red
2025-11-18 01:05:22,assembly,General Assembly,830.16,27.14,85.85,193.43,99.62,1096,amber
2025-11-18 01:05:22,powertrain,Powertrain Assembly,715.17,35.55,87.47,166.63,85.82,1117,red
2025-11-18 01:05:22,quality,Quality Control,414.11,23.3,89.9,96.49,49.69,1148,red
2025-11-18 01:05:22,logistics,Logistics,340.28,19.19,90.32,79.29,40.83,1153,amber
2025-11-18 02:05:22,stamping,Stamping Shop,578.51,63.1,94.27,134.79,69.42,1220,red
2025-11-18 02:05:22,body_shop,Body Shop (BIW),862.36,57.71,87.99,200.93,103.48,1138,green
2025-11-18 02:05:22,paint,Paint Shop,1564.25,184.24,84.79,364.47,187.71,1097,red
2025-11-18 02:05:22,assembly,General Assembly,931.71,25.6,83.08,217.09,111.8,1075,red
2025-11-18 02:05:22,powertrain,Powertrain Assembly,668.39,34.88,91.35,155.73,80.21,1182,amber
2025-11-18 02:05:22,quality,Quality Control,441.47,21.1,90.53,102.86,52.98,1171,red
2025-11-18 02:05:22,logistics,Logistics,341.24,20.17,94.0,79.51,40.95,1216,amber
2025-11-18 03:05:22,stamping,Stamping Shop,534.82,69.01,89.54,124.61,64.18,1163,amber
2025-11-18 03:05:22,body_shop,Body Shop (BIW),1015.83,57.03,87.74,236.69,121.9,1140,red
2025-11-18 03:05:22,paint,Paint Shop,1585.5,183.59,81.57,369.42,190.26,1060,red
2025-11-18 03:05:22,assembly,General Assembly,938.88,25.64,86.06,218.76,112.67,1118,red
2025-11-18 03:05:22,powertrain,Powertrain Assembly,766.55,35.44,91.37,178.61,91.99,1187,red
2025-11-18 03:05:22,quality,Quality Control,434.66,24.57,95.11,101.28,52.16,1236,red
2025-11-18 03:05:22,logistics,Logistics,388.52,20.54,88.6,90.52,46.62,1151,red
2025-11-18 04:05:22,stamping,Stamping Shop,636.93,65.24,91.82,148.41,76.43,1188,red
2025-11-18 04:05:22,body_shop,Body Shop (BIW),1053.17,57.71,88.36,245.39,126.38,1143,red
2025-11-18 04:05:22,paint,Paint Shop,1621.8,182.47,83.03,377.88,194.62,1074,red
2025-11-18 04:05:22,assembly,General Assembly,922.84,24.41,85.29,215.02,110.74,1103,red
2025-11-18 04:05:22,powertrain,Powertrain Assembly,660.11,33.4,87.88,153.81,79.21,1137,amber
2025-11-18 04:05:22,quality,Quality Control,397.78,21.99,91.02,92.68,47.73,1178,amber
2025-11-18 04:05:22,logistics,Logistics,351.39,20.89,90.27,81.87,42.17,1168,red
2025-11-18 05:05:22,stamping,Stamping Shop,588.07,65.16,89.33,137.02,70.57,1140,red
2025-11-18 05:05:22,body_shop,Body Shop (BIW),975.69,50.87,86.74,227.34,117.08,1107,amber
2025-11-18 05:05:22,paint,Paint Shop,1571.3,181.33,81.77,366.11,188.56,1044,red
2025-11-18 05:05:22,assembly,General Assembly,931.35,25.73,89.0,217.0,111.76,1136,red
2025-11-18 05:05:22,powertrain,Powertrain Assembly,724.47,35.6,84.4,168.8,86.94,1077,red
2025-11-18 05:05:22,quality,Quality Control,381.33,22.03,96.48,88.85,45.76,1232,amber
2025-11-18 05:05:22,logistics,Logistics,346.81,20.63,92.24,80.81,41.62,1178,amber
2025-11-18 06:05:22,stamping,Stamping Shop,542.23,60.37,84.06,126.34,65.07,1050,amber
2025-11-18 06:05:22,body_shop,Body Shop (BIW),971.02,57.65,83.42,226.25,116.52,1042,amber
2025-11-18 06:05:22,paint,Paint Shop,1649.37,177.17,85.07,384.3,197.92,1062,red
2025-11-18 06:05:22,assembly,General Assembly,934.11,24.47,87.34,217.65,112.09,1091,red
2025-11-18 06:05:22,powertrain,Powertrain Assembly,696.57,37.04,85.29,162.3,83.59,1065,red
2025-11-18 06:05:22,quality,Quality Control,399.56,20.91,93.6,93.1,47.95,1169,amber
2025-11-18 06:05:22,logistics,Logistics,353.06,19.89,89.09,82.26,42.37,1113,red
2025-11-18 07:05:22,stamping,Stamping Shop,559.81,67.19,90.81,130.43,67.18,1100,amber
2025-11-18 07:05:22,body_shop,Body Shop (BIW),952.46,52.7,83.63,221.92,114.3,1013,amber
2025-11-18 07:05:22,paint,Paint Shop,1478.68,195.85,82.15,344.53,177.44,995,amber
2025-11-18 07:05:22,assembly,General Assembly,890.15,23.89,86.42,207.41,106.82,1047,red
2025-11-18 07:05:22,powertrain,Powertrain Assembly,662.29,36.83,84.54,154.31,79.48,1024,amber
2025-11-18 07:05:22,quality,Quality Control,422.98,20.42,89.22,98.55,50.76,1081,red
2025-11-18 07:05:22,logistics,Logistics,336.14,19.64,93.03,78.32,40.34,1127,amber
2025-11-18 08:05:22,stamping,Stamping Shop,533.09,65.2,93.79,124.21,63.97,1094,amber
2025-11-18 08:05:22,body_shop,Body Shop (BIW),962.76,53.58,85.21,224.32,115.53,994,amber
2025-11-18 08:05:22,paint,Paint Shop,1405.01,274.7616666114283,78.82,327.37,168.6,919,amber
2025-11-18 08:05:22,assembly,General Assembly,868.98,24.65,85.22,202.47,104.28,994,red
2025-11-18 08:05:22,powertrain,Powertrain Assembly,667.65,33.38,90.02,155.56,80.12,1050,amber
2025-11-18 08:05:22,quality,Quality Control,363.01,20.48,94.35,84.58,43.56,1100,green
2025-11-18 08:05:22,logistics,Logistics,322.08,19.91,91.94,75.05,38.65,1072,amber
2025-11-18 09:05:22,stamping,Stamping Shop,479.62,63.01,92.72,111.75,57.55,1033,green
2025-11-18 09:05:22,body_shop,Body Shop (BIW),883.43,57.86,84.97,205.84,106.01,947,green
2025-11-18 09:05:22,paint,Paint Shop,1380.13,172.07,80.72,321.57,165.62,899,amber
2025-11-18 09:05:22,assembly,General Assembly,656.38,23.88,84.78,152.94,78.77,945,green
2025-11-18 09:05:22,powertrain,Powertrain Assembly,592.03,35.47,90.85,137.94,71.04,1012,green
2025-11-18 09:05:22,quality,Quality Control,361.59,22.67,92.55,84.25,43.39,1031,green
2025-11-18 09:05:22,logistics,Logistics,302.18,19.54,89.02,70.41,36.26,992,green
2025-11-18 10:05:22,stamping,Stamping Shop,486.98,69.77,93.22,113.47,58.44,986,green
2025-11-18 10:05:22,body_shop,Body Shop (BIW),906.5,52.13,88.28,211.21,108.78,934,green
2025-11-18 10:05:22,paint,Paint Shop,1301.05,193.05,82.4,303.14,156.13,872,green
2025-11-18 10:05:22,assembly,General Assembly,735.14,23.63,87.22,171.29,88.22,923,green
2025-11-18 10:05:22,powertrain,Powertrain Assembly,561.11,32.49,89.73,130.74,67.33,949,green
2025-11-18 10:05:22,quality,Quality Control,337.25,24.32,92.25,78.58,40.47,976,green
2025-11-18 10:05:22,logistics,Logistics,305.41,20.24,89.86,71.16,36.65,951,green
2025-11-18 11:05:22,stamping,Stamping Shop,270.61,62.82,86.24,63.05,32.47,513,green
2025-11-18 11:05:22,body_shop,Body Shop (BIW),462.43,54.12,89.6,107.75,55.49,533,green
2025-11-18 11:05:22,paint,Paint Shop,699.79,174.79,84.29,163.05,83.97,501,green
2025-11-18 11:05:22,assembly,General Assembly,411.87,24.26,89.91,95.97,49.42,535,green
2025-11-18 11:05:22,powertrain,Powertrain Assembly,349.33,36.46,88.75,81.39,41.92,528,green
2025-11-18 11:05:22,quality,Quality Control,186.65,21.43,91.75,43.49,22.4,546,green
2025-11-18 11:05:22,logistics,Logistics,163.61,20.7,93.98,38.12,19.63,559,green
2025-11-18 12:05:22,stamping,Stamping Shop,270.33,68.29,89.85,62.99,32.44,562,green
2025-11-18 12:05:22,body_shop,Body Shop (BIW),489.43,50.05,86.48,114.04,58.73,541,green
2025-11-18 12:05:22,paint,Paint Shop,772.14,168.81,82.31,179.91,92.66,515,green
2025-11-18 12:05:22,assembly,General Assembly,430.88,24.42,88.71,100.39,51.71,555,green
2025-11-18 12:05:22,powertrain,Powertrain Assembly,347.02,33.24,87.61,80.85,41.64,548,green
2025-11-18 12:05:22,quality,Quality Control,198.43,22.16,92.57,46.23,23.81,579,green
2025-11-18 12:05:22,logistics,Logistics,158.55,20.58,91.51,36.94,19.03,572,green
2025-11-18 13:05:22,stamping,Stamping Shop,281.24,67.92,88.16,65.53,33.75,523,green
2025-11-18 13:05:22,body_shop,Body Shop (BIW),493.48,55.74,88.57,114.98,59.22,525,green
2025-11-18 13:05:22,paint,Paint Shop,798.35,170.06,81.3,186.02,95.8,482,green
2025-11-18 13:05:22,assembly,General Assembly,404.93,25.39,81.38,94.35,48.59,483,green
2025-11-18 13:05:22,powertrain,Powertrain Assembly,341.41,33.31,86.21,79.55,40.97,511,green
2025-11-18 13:05:22,quality,Quality Control,175.51,22.86,91.14,40.89,21.06,540,green
2025-11-18 13:05:22,logistics,Logistics,173.02,19.57,87.68,40.31,20.76,520,green
2025-11-18 14:05:22,stamping,Stamping Shop,241.4,65.9,88.4,56.25,28.97,462,green
2025-11-18 14:05:22,body_shop,Body Shop (BIW),415.36,54.29,88.23,96.78,49.84,461,green
2025-11-18 14:05:22,paint,Paint Shop,665.63,176.66,83.98,155.09,79.88,439,green
2025-11-18 14:05:22,assembly,General Assembly,343.19,24.41,82.51,79.96,41.18,432,green
2025-11-18 14:05:22,powertrain,Powertrain Assembly,282.05,35.11,90.41,65.72,33.85,473,green
2025-11-18 14:05:22,quality,Quality Control,167.42,22.07,96.36,39.01,20.09,504,green
2025-11-18 14:05:22,logistics,Logistics,134.85,19.22,92.86,31.42,16.18,486,green
2025-11-18 15:05:22,stamping,Stamping Shop,298.7,63.12,85.73,69.6,35.84,590,green
2025-11-18 15:05:22,body_shop,Body Shop (BIW),527.4,54.01,84.04,122.88,63.29,578,green
2025-11-18 15:05:22,paint,Paint Shop,843.39,182.4,80.58,196.51,101.21,554,green
2025-11-18 15:05:22,assembly,General Assembly,502.27,25.65,85.45,117.03,60.27,588,green
2025-11-18 15:05:22,powertrain,Powertrain Assembly,366.42,34.56,86.45,85.38,43.97,595,green
2025-11-18 15:05:22,quality,Quality Control,227.05,21.83,97.76,52.9,27.25,672,green
2025-11-18 15:05:22,logistics,Logistics,203.72,20.62,87.6,47.47,24.45,602,green
2025-11-18 16:05:22,stamping,Stamping Shop,254.74,63.79,91.05,59.35,30.57,542,green
2025-11-18 16:05:22,body_shop,Body Shop (BIW),488.07,52.72,86.14,113.72,58.57,513,green
2025-11-18 16:05:22,paint,Paint Shop,724.97,174.72,83.24,168.92,87.0,496,green
2025-11-18 16:05:22,assembly,General Assembly,385.18,24.43,83.96,89.75,46.22,500,green
2025-11-18 16:05:22,powertrain,Powertrain Assembly,353.3,33.7,89.57,82.32,42.4,534,green
2025-11-18 16:05:22,quality,Quality Control,205.52,22.47,89.57,47.89,24.66,534,green
2025-11-18 16:05:22,logistics,Logistics,166.01,19.58,92.11,38.68,19.92,549,green
2025-11-18 17:05:22,stamping,Stamping Shop,319.26,66.4,91.98,74.39,38.31,578,green
2025-11-18 17:05:22,body_shop,Body Shop (BIW),549.5,58.42,91.37,128.03,65.94,574,green
2025-11-18 17:05:22,paint,Paint Shop,704.31,182.53,82.45,164.1,84.52,518,green
2025-11-18 17:05:22,assembly,General Assembly,430.9,25.56,86.7,100.4,51.71,545,green
2025-11-18 17:05:22,powertrain,Powertrain Assembly,325.38,34.71,86.01,75.81,39.05,540,green
2025-11-18 17:05:22,quality,Quality Control,201.07,22.86,92.05,46.85,24.13,578,green
2025-11-18 17:05:22,logistics,Logistics,160.73,19.02,91.87,37.45,19.29,577,green
2025-11-18 18:05:22,stamping,Stamping Shop,280.51,59.85,92.95,65.36,33.66,577,green
2025-11-18 18:05:22,body_shop,Body Shop (BIW),483.04,52.28,88.99,112.55,57.96,553,green
2025-11-18 18:05:22,paint,Paint Shop,672.05,193.59,80.84,156.59,80.65,502,green
2025-11-18 18:05:22,assembly,General Assembly,432.37,25.32,88.77,100.74,51.88,551,green
2025-11-18 18:05:22,powertrain,Powertrain Assembly,354.78,35.3,85.48,82.66,42.57,531,green
2025-11-18 18:05:22,quality,Quality Control,195.23,22.25,89.27,45.49,23.43,554,green
2025-11-18 18:05:22,logistics,Logistics,173.48,19.71,85.28,40.42,20.82,530,green
2025-11-18 19:05:22,stamping,Stamping Shop,411.97,64.81,91.84,95.99,49.44,918,green
2025-11-18 19:05:22,body_shop,Body Shop (BIW),854.88,55.88,86.9,199.19,102.59,869,green
2025-11-18 19:05:22,paint,Paint Shop,1228.29,182.32,81.44,286.19,147.4,814,green
2025-11-18 19:05:22,assembly,General Assembly,648.98,26.29,88.2,151.21,77.88,881,green
2025-11-18 19:05:22,powertrain,Powertrain Assembly,546.38,39.57,89.69,127.31,65.57,896,green
2025-11-18 19:05:22,quality,Quality Control,302.08,21.71,88.89,70.38,36.25,888,green
2025-11-18 19:05:22,logistics,Logistics,261.59,19.92,92.7,60.95,31.39,926,green
2025-11-18 20:05:22,stamping,Stamping Shop,470.44,72.07,88.06,109.61,56.45,932,green
2025-11-18 20:05:22,body_shop,Body Shop (BIW),793.2,53.07,82.47,184.82,95.18,872,green
2025-11-18 20:05:22,paint,Paint Shop,1354.19,188.97,84.57,315.53,162.5,895,green
2025-11-18 20:05:22,assembly,General Assembly,700.81,24.05,84.51,163.29,84.1,894,green
2025-11-18 20:05:22,powertrain,Powertrain Assembly,612.45,33.52,87.02,142.7,73.49,921,green
2025-11-18 20:05:22,quality,Quality Control,336.6,22.11,92.6,78.43,40.39,980,green
2025-11-18 20:05:22,logistics,Logistics,315.46,19.84,93.12,73.5,37.85,985,green
2025-11-18 21:05:22,stamping,Stamping Shop,472.8,66.21,89.98,110.16,56.74,1003,green
2025-11-18 21:05:22,body_shop,Body Shop (BIW),920.17,58.52,91.43,214.4,110.42,1019,amber
2025-11-18 21:05:22,paint,Paint Shop,1246.39,175.69,86.07,290.41,149.57,959,green
2025-11-18 21:05:22,assembly,General Assembly,770.19,24.27,84.75,179.45,92.42,944,green
2025-11-18 21:05:22,powertrain,Powertrain Assembly,655.03,34.42,88.21,152.62,78.6,983,amber
2025-11-18 21:05:22,quality,Quality Control,357.66,20.32,89.84,83.33,42.92,1001,green
2025-11-18 21:05:22,logistics,Logistics,297.05,18.63,91.09,69.21,35.65,1015,green
2025-11-18 22:05:22,stamping,Stamping Shop,515.85,65.92,90.36,120.19,61.9,1054,green
2025-11-18 22:05:22,body_shop,Body Shop (BIW),966.88,52.57,82.88,225.28,116.03,966,amber
2025-11-18 22:05:22,paint,Paint Shop,1393.53,188.61,85.0,324.69,167.22,991,amber
2025-11-18 22:05:22,assembly,General Assembly,835.61,26.76,82.97,194.7,100.27,967,amber
2025-11-18 22:05:22,powertrain,Powertrain Assembly,664.9,33.43,85.29,154.92,79.79,995,amber
2025-11-18 22:05:22,quality,Quality Control,380.29,21.71,93.14,88.61,45.64,1086,amber
2025-11-18 22:05:22,logistics,Logistics,342.34,19.28,88.96,79.77,41.08,1037,amber
2025-11-18 23:05:22,stamping,Stamping Shop,526.15,66.14,89.08,122.59,63.14,1079,amber
2025-11-18 23:05:22,body_shop,Body Shop (BIW),1035.36,56.54,90.1,241.24,124.24,1092,red
2025-11-18 23:05:22,paint,Paint Shop,1414.23,181.95,84.61,329.52,169.71,1025,amber
2025-11-18 23:05:22,assembly,General Assembly,827.42,25.26,86.68,192.79,99.29,1050,amber
2025-11-18 23:05:22,powertrain,Powertrain Assembly,640.86,33.64,84.72,149.32,76.9,1026,amber
2025-11-18 23:05:22,quality,Quality Control,368.89,22.26,93.9,85.95,44.27,1138,amber
2025-11-18 23:05:22,logistics,Logistics,339.58,21.43,91.53,79.12,40.75,1109,amber
2025-11-19 00:05:22,stamping,Stamping Shop,536.11,64.9,90.71,124.91,64.33,1133,amber
2025-11-19 00:05:22,body_shop,Body Shop (BIW),1008.03,55.7,85.61,234.87,120.96,1069,red
2025-11-19 00:05:22,paint,Paint Shop,1475.43,190.64,81.88,343.77,177.05,1023,amber
2025-11-19 00:05:22,assembly,General Assembly,889.66,24.33,84.66,207.29,106.76,1057,red
2025-11-19 00:05:22,powertrain,Powertrain Assembly,680.13,34.37,90.69,158.47,81.62,1133,amber
2025-11-19 00:05:22,quality,Quality Control,367.38,21.68,95.15,85.6,44.09,1188,green
2025-11-19 00:05:22,logistics,Logistics,355.46,20.41,94.4,82.82,42.66,1179,red
2025-11-19 01:05:22,stamping,Stamping Shop,563.75,68.68,88.93,131.35,67.65,1135,red
2025-11-19 01:05:22,body_shop,Body Shop (BIW),1020.35,52.85,86.67,237.74,122.44,1106,red
2025-11-19 01:05:22,paint,Paint Shop,1449.95,196.51,77.91,337.84,173.99,995,amber
2025-11-19 01:05:22,assembly,General Assembly,896.54,24.66,90.1,208.89,107.59,1150,red
2025-11-19 01:05:22,powertrain,Powertrain Assembly,728.11,33.71,88.17,169.65,87.37,1126,red
2025-11-19 01:05:22,quality,Quality Control,434.79,21.49,93.95,101.31,52.17,1199,red
2025-11-19 01:05:22,logistics,Logistics,383.68,19.36,91.35,89.4,46.04,1166,red
2025-11-19 02:05:22,stamping,Stamping Shop,571.7,67.44,88.65,133.21,68.6,1147,red
2025-11-19 02:05:22,body_shop,Body Shop (BIW),1093.97,52.64,85.65,254.9,131.28,1108,red
2025-11-19 02:05:22,paint,Paint Shop,1335.83,186.59,81.94,311.25,160.3,1060,green
2025-11-19 02:05:22,assembly,General Assembly,900.53,25.43,83.18,209.82,108.06,1076,red
2025-11-19 02:05:22,powertrain,Powertrain Assembly,750.39,34.26,87.67,174.84,90.05,1134,red
2025-11-19 02:05:22,quality,Quality Control,394.47,22.33,88.23,91.91,47.34,1141,amber
2025-11-19 02:05:22,logistics,Logistics,350.17,20.52,92.03,81.59,42.02,1191,red
2025-11-19 03:05:22,stamping,Stamping Shop,559.6,64.18,92.86,130.39,67.15,1207,amber
2025-11-19 03:05:22,body_shop,Body Shop (BIW),1061.3,58.84,86.57,247.28,127.36,1125,red
2025-11-19 03:05:22,paint,Paint Shop,1569.22,185.32,81.16,365.63,188.31,1055,red
2025-11-19 03:05:22,assembly,General Assembly,904.04,24.84,84.49,210.64,108.49,1098,red
2025-11-19 03:05:22,powertrain,Powertrain Assembly,714.8,32.82,89.27,166.55,85.78,1160,red
2025-11-19 03:05:22,quality,Quality Control,422.64,22.54,88.61,98.48,50.72,1151,red
2025-11-19 03:05:22,logistics,Logistics,356.45,19.05,91.2,83.05,42.77,1185,red
2025-11-19 04:05:22,stamping,Stamping Shop,559.71,62.81,90.36,130.41,67.16,1169,amber
2025-11-19 04:05:22,body_shop,Body Shop (BIW),1049.64,54.59,89.15,244.57,125.96,1153,red
2025-11-19 04:05:22,paint,Paint Shop,1562.39,196.99,82.24,364.04,187.49,1064,red
2025-11-19 04:05:22,assembly,General Assembly,879.77,26.28,86.04,204.99,105.57,1113,red
2025-11-19 04:05:22,powertrain,Powertrain Assembly,729.58,34.3,89.54,169.99,87.55,1158,red
2025-11-19 04:05:22,quality,Quality Control,453.3,21.6,96.28,105.62,54.4,1246,red
2025-11-19 04:05:22,logistics,Logistics,377.15,20.48,92.76,87.88,45.26,1200,red
2025-11-19 05:05:22,stamping,Stamping Shop,630.56,62.89,84.63,146.92,75.67,1080,red
2025-11-19 05:05:22,body_shop,Body Shop (BIW),1028.86,54.98,84.56,239.72,123.46,1079,red
2025-11-19 05:05:22,paint,Paint Shop,2575.521962636272,196.65,86.51,581.9434574131737,176.91,1104,red
2025-11-19 05:05:22,assembly,General Assembly,898.18,26.99,86.74,209.28,107.78,1107,red
2025-11-19 05:05:22,powertrain,Powertrain Assembly,656.56,37.35,87.36,152.98,78.79,1115,amber
2025-11-19 05:05:22,quality,Quality Control,394.74,22.1,93.91,91.97,47.37,1199,amber
2025-11-19 05:05:22,logistics,Logistics,339.63,19.53,87.57,79.13,40.76,1118,amber
2025-11-19 06:05:22,stamping,Stamping Shop,586.59,64.27,94.4,136.68,70.39,1179,red
2025-11-19 06:05:22,body_shop,Body Shop (BIW),1034.54,57.81,86.86,241.05,124.14,1085,red
2025-11-19 06:05:22,paint,Paint Shop,1463.01,181.34,82.63,340.88,175.56,1032,amber
2025-11-19 06:05:22,assembly,General Assembly,887.79,24.82,84.82,206.86,106.54,1059,red
2025-11-19 06:05:22,powertrain,Powertrain Assembly,723.37,33.33,91.8,168.55,86.8,1147,red
2025-11-19 06:05:22,quality,Quality Control,428.49,21.02,91.58,99.84,51.42,1144,red
2025-11-19 06:05:22,logistics,Logistics,352.55,19.47,91.83,82.14,42.31,1147,red
2025-11-19 07:05:22,stamping,Stamping Shop,501.44,70.13,88.38,116.84,60.17,1071,green
2025-11-19 07:05:22,body_shop,Body Shop (BIW),915.24,58.11,87.35,213.25,109.83,1058,green
2025-11-19 07:05:22,paint,Paint Shop,1350.15,186.1,84.7,314.59,162.02,1026,green
2025-11-19 07:05:22,assembly,General Assembly,864.09,23.36,85.66,201.33,103.69,1038,red
2025-11-19 07:05:22,powertrain,Powertrain Assembly,648.87,34.46,69.88149421352279,151.19,77.86,1036,red
2025-11-19 07:05:22,quality,Quality Control,416.45,30.278750242028384,92.22,97.03,49.97,1117,red
2025-11-19 07:05:22,logistics,Logistics,347.62,21.36,85.37,80.99,41.71,1034,amber
2025-11-19 08:05:22,stamping,Stamping Shop,519.28,65.79,86.23,120.99,62.31,1006,amber
2025-11-19 08:05:22,body_shop,Body Shop (BIW),955.65,53.68,87.07,222.67,114.68,1015,amber
2025-11-19 08:05:22,paint,Paint Shop,1538.75,196.93,85.61,358.53,184.65,998,red
2025-11-19 08:05:22,assembly,General Assembly,744.07,23.58,89.59,173.37,89.29,1045,green
2025-11-19 08:05:22,powertrain,Powertrain Assembly,686.79,33.25,90.04,160.02,82.41,1050,amber
2025-11-19 08:05:22,quality,Quality Control,415.44,21.65,92.2,96.8,49.85,1075,red
2025-11-19 08:05:22,logistics,Logistics,337.21,19.22,88.39,78.57,40.46,1031,amber
2025-11-19 09:05:22,stamping,Stamping Shop,470.48,69.56,88.53,109.62,56.46,986,green
2025-11-19 09:05:22,body_shop,Body Shop (BIW),892.96,53.06,88.89,208.06,107.15,991,green
2025-11-19 09:05:22,paint,Paint Shop,2101.381344044949,186.87,83.15,514.7627979614201,162.92,926,red
2025-11-19 09:05:22,assembly,General Assembly,734.87,24.78,87.56,171.22,88.18,976,green
2025-11-19 09:05:22,powertrain,Powertrain Assembly,662.64,34.95,87.04,154.4,79.52,970,amber
2025-11-19 09:05:22,quality,Quality Control,626.0923885766698,22.9,90.1,127.81272607532554,42.23,1004,red
2025-11-19 09:05:22,logistics,Logistics,316.44,20.64,88.95,73.73,37.97,991,green
2025-11-19 10:05:22,stamping,Stamping Shop,493.94,67.85,89.27,115.09,59.27,944,green
2025-11-19 10:05:22,body_shop,Body Shop (BIW),1541.1269529096382,55.52,87.11,274.0909799300005,104.85,922,red
2025-11-19 10:05:22,paint,Paint Shop,1321.93,186.6,81.93,308.01,158.63,867,green
2025-11-19 10:05:22,assembly,General Assembly,691.93,25.15,81.53,161.22,83.03,862,green
2025-11-19 10:05:22,powertrain,Powertrain Assembly,558.27,37.1,85.1,130.08,66.99,900,green
2025-11-19 10:05:22,quality,Quality Control,323.53,23.8,94.28,75.38,38.82,997,green
2025-11-19 10:05:22,logistics,Logistics,285.97,20.03,91.58,66.63,34.32,969,green
2025-11-19 11:05:22,stamping,Stamping Shop,279.8,65.89,89.86,65.19,33.58,528,green
2025-11-19 11:05:22,body_shop,Body Shop (BIW),461.25,51.7,88.6,107.47,55.35,521,green
2025-11-19 11:05:22,paint,Paint Shop,1055.9920079000306,179.89,80.48,268.9235026788077,82.86,473,green
2025-11-19 11:05:22,assembly,General Assembly,407.78,25.28,84.9,95.01,48.93,499,green
2025-11-19 11:05:22,powertrain,Powertrain Assembly,334.64,32.71,89.46,77.97,40.16,526,green
2025-11-19 11:05:22,quality,Quality Control,189.63,19.76,91.65,44.18,22.76,538,green
2025-11-19 11:05:22,logistics,Logistics,170.38,20.4,92.04,39.7,20.45,541,green
2025-11-19 12:05:22,stamping,Stamping Shop,290.91,61.6,88.56,67.78,34.91,554,green
2025-11-19 12:05:22,body_shop,Body Shop (BIW),522.8,55.84,87.08,121.81,62.74,545,green
2025-11-19 12:05:22,paint,Paint Shop,655.09,173.28,85.01,152.64,78.61,532,green
2025-11-19 12:05:22,assembly,General Assembly,431.56,23.02,86.84,100.55,51.79,543,green
2025-11-19 12:05:22,powertrain,Powertrain Assembly,330.47,33.55,89.19,77.0,39.66,558,green
2025-11-19 12:05:22,quality,Quality Control,186.94,20.93,91.74,43.56,22.43,574,green
2025-11-19 12:05:22,logistics,Logistics,170.72,20.21,91.44,39.78,20.49,572,green
2025-11-19 13:05:22,stamping,Stamping Shop,250.75,62.74,88.43,58.42,30.09,494,green
2025-11-19 13:05:22,body_shop,Body Shop (BIW),461.09,56.88,84.68,107.43,55.33,473,green
2025-11-19 13:05:22,paint,Paint Shop,696.44,208.81,82.22,162.27,83.57,459,green
2025-11-19 13:05:22,assembly,General Assembly,385.14,25.15,80.19,89.74,46.22,448,green
2025-11-19 13:05:22,powertrain,Powertrain Assembly,325.16,36.53,82.81,75.76,39.02,463,green
2025-11-19 13:05:22,quality,Quality Control,167.82,21.88,91.61,39.1,20.14,512,green
2025-11-19 13:05:22,logistics,Logistics,168.32,19.89,92.85,39.22,20.2,519,green
2025-11-19 14:05:22,stamping,Stamping Shop,247.58,65.85,86.21,57.69,29.71,507,green
2025-11-19 14:05:22,body_shop,Body Shop (BIW),471.92,51.56,84.82,109.96,56.63,498,green
2025-11-19 14:05:22,paint,Paint Shop,668.52,182.67,85.23,155.77,80.22,501,green
2025-11-19 14:05:22,assembly,General Assembly,398.06,24.19,88.05,92.75,47.77,517,green
2025-11-19 14:05:22,powertrain,Powertrain Assembly,333.82,37.16,86.87,77.78,40.06,510,green
2025-11-19 14:05:22,quality,Quality Control,188.46,22.32,91.81,43.91,22.62,539,green
2025-11-19 14:05:22,logistics,Logistics,171.61,19.43,91.58,39.99,20.59,538,green
2025-11-19 15:05:22,stamping,Stamping Shop,236.22,69.07,91.31,55.04,28.35,505,green
2025-11-19 15:05:22,body_shop,Body Shop (BIW),462.96,53.07,88.81,107.87,55.56,491,green
2025-11-19 15:05:22,paint,Paint Shop,634.1,190.55,81.37,147.74,76.09,450,green
2025-11-19 15:05:22,assembly,General Assembly,360.54,25.17,87.9,84.01,43.26,486,green
2025-11-19 15:05:22,powertrain,Powertrain Assembly,304.31,33.76,91.28,70.9,36.52,505,green
2025-11-19 15:05:22,quality,Quality Control,165.67,21.56,88.06,38.6,19.88,487,green
2025-11-19 15:05:22,logistics,Logistics,141.41,20.45,86.66,32.95,16.97,479,green
2025-11-19 16:05:22,stamping,Stamping Shop,258.28,68.49,89.49,60.18,30.99,527,green
2025-11-19 16:05:22,body_shop,Body Shop (BIW),463.3,53.75,85.82,107.95,55.6,505,green
2025-11-19 16:05:22,paint,Paint Shop,737.32,170.57,81.99,171.8,88.48,482,green
2025-11-19 16:05:22,assembly,General Assembly,381.97,24.59,83.79,89.0,45.84,493,green
2025-11-19 16:05:22,powertrain,Powertrain Assembly,340.49,35.92,88.97,79.33,40.86,524,green
2025-11-19 16:05:22,quality,Quality Control,185.52,22.57,91.79,43.23,22.26,540,green
2025-11-19 16:05:22,logistics,Logistics,164.44,19.57,91.08,38.31,19.73,536,green
2025-11-19 17:05:22,stamping,Stamping Shop,268.45,64.41,88.99,62.55,32.21,501,green
2025-11-19 17:05:22,body_shop,Body Shop (BIW),450.26,53.57,86.91,104.91,54.03,489,green
2025-11-19 17:05:22,paint,Paint Shop,629.38,175.49,81.62,146.64,75.53,460,green
2025-11-19 17:05:22,assembly,General Assembly,379.27,24.73,86.44,88.37,45.51,487,green
2025-11-19 17:05:22,powertrain,Powertrain Assembly,345.62,33.72,85.66,80.53,41.47,482,green
2025-11-19 17:05:22,quality,Quality Control,168.23,20.47,92.7,39.2,20.19,522,green
2025-11-19 17:05:22,logistics,Logistics,157.83,21.71,88.4,36.77,18.94,498,green
2025-11-19 18:05:22,stamping,Stamping Shop,265.52,68.37,91.91,61.87,31.86,520,green
2025-11-19 18:05:22,body_shop,Body Shop (BIW),472.71,57.62,86.79,110.14,56.73,491,green
2025-11-19 18:05:22,paint,Paint Shop,681.81,185.51,83.96,158.86,81.82,475,green
2025-11-19 18:05:22,assembly,General Assembly,407.8,23.37,87.86,95.02,48.94,497,green
2025-11-19 18:05:22,powertrain,Powertrain Assembly,291.26,36.39,90.49,67.86,34.95,512,green
2025-11-19 18:05:22,quality,Quality Control,176.84,21.81,92.64,41.2,21.22,524,green
2025-11-19 18:05:22,logistics,Logistics,162.09,19.56,89.54,37.77,19.45,506,green
2025-11-19 19:05:22,stamping,Stamping Shop,472.37,70.69,90.01,110.06,56.68,900,green
2025-11-19 19:05:22,body_shop,Body Shop (BIW),839.74,55.82,83.18,195.66,100.77,831,green
2025-11-19 19:05:22,paint,Paint Shop,1094.09,186.1,83.93,254.92,131.29,839,green
2025-11-19 19:05:22,assembly,General Assembly,677.88,25.78,87.06,157.95,81.35,870,green
2025-11-19 19:05:22,powertrain,Powertrain Assembly,528.22,35.14,85.56,123.07,63.39,855,green
2025-11-19 19:05:22,quality,Quality Control,322.58,20.73,92.33,75.16,38.71,923,green
2025-11-19 19:05:22,logistics,Logistics,280.66,20.53,92.02,65.39,33.68,920,green
2025-11-19 20:05:22,stamping,Stamping Shop,518.94,66.25,91.54,120.91,62.27,968,amber
2025-11-19 20:05:22,body_shop,Body Shop (BIW),853.78,57.07,88.05,198.93,102.45,931,green
2025-11-19 20:05:22,paint,Paint Shop,1327.08,198.73,80.45,309.21,159.25,851,green
2025-11-19 20:05:22,assembly,General Assembly,741.82,24.9,85.47,172.84,89.02,904,green
2025-11-19 20:05:22,powertrain,Powertrain Assembly,752.8017264262808,35.32,89.97,188.34599217206755,68.03,952,red
2025-11-19 20:05:22,quality,Quality Control,341.51,23.66,90.13,79.57,40.98,954,green
2025-11-19 20:05:22,logistics,Logistics,319.65,20.92,92.64,74.48,38.36,980,green
2025-11-19 21:05:22,stamping,Stamping Shop,500.89,67.39,87.97,116.71,60.11,980,green
2025-11-19 21:05:22,body_shop,Body Shop (BIW),923.85,56.72,86.3,215.26,110.86,962,amber
2025-11-19 21:05:22,paint,Paint Shop,1236.56,189.39,85.07,288.12,148.39,948,green
2025-11-19 21:05:22,assembly,General Assembly,724.96,25.71,87.51,168.92,87.0,975,green
2025-11-19 21:05:22,powertrain,Powertrain Assembly,656.84,34.27,86.42,153.04,78.82,963,amber
2025-11-19 21:05:22,quality,Quality Control,363.92,22.68,93.66,84.79,43.67,1044,green
2025-11-19 21:05:22,logistics,Logistics,326.89,21.86,92.56,76.17,39.23,1031,amber
2025-11-19 22:05:22,stamping,Stamping Shop,512.56,65.25,91.66,119.43,61.51,1069,green
2025-11-19 22:05:22,body_shop,Body Shop (BIW),916.56,52.29,85.61,213.56,109.99,998,green
2025-11-19 22:05:22,paint,Paint Shop,1395.97,184.87,82.96,325.26,167.52,967,amber
2025-11-19 22:05:22,assembly,General Assembly,818.02,25.16,86.7,190.6,98.16,1011,amber
2025-11-19 22:05:22,powertrain,Powertrain Assembly,589.09,35.11,87.43,137.26,70.69,1020,green
2025-11-19 22:05:22,quality,Quality Control,353.38,20.84,95.1,82.34,42.41,1109,green
2025-11-19 22:05:22,logistics,Logistics,311.47,20.04,91.48,72.57,37.38,1067,green
2025-11-19 23:05:22,stamping,Stamping Shop,587.66,67.73,89.89,136.93,70.52,1089,red
2025-11-19 23:05:22,body_shop,Body Shop (BIW),879.04,59.44,83.84,204.82,105.48,1016,green
2025-11-19 23:05:22,paint,Paint Shop,1376.18,179.59,80.16,320.65,165.14,971,green
2025-11-19 23:05:22,assembly,General Assembly,805.33,23.75,85.76,187.64,96.64,1039,amber
2025-11-19 23:05:22,powertrain,Powertrain Assembly,654.6,34.38,88.84,152.52,78.55,1076,amber
2025-11-19 23:05:22,quality,Quality Control,395.93,22.03,95.37,92.25,47.51,1156,amber
2025-11-19 23:05:22,logistics,Logistics,351.8,19.37,93.14,81.97,42.22,1128,red
2025-11-20 00:05:22,stamping,Stamping Shop,570.78,69.17,87.88,132.99,68.49,1097,red
2025-11-20 00:05:22,body_shop,Body Shop (BIW),1039.38,56.51,84.27,242.18,124.73,1052,red
2025-11-20 00:05:22,paint,Paint Shop,1478.62,283.4206805745868,82.53,344.52,177.43,1031,amber
2025-11-20 00:05:22,assembly,General Assembly,919.17,25.81,84.07,214.17,110.3,1050,red
2025-11-20 00:05:22,powertrain,Powertrain Assembly,708.19,33.74,88.28,165.01,84.98,1103,red
2025-11-20 00:05:22,quality,Quality Control,425.06,21.1,92.66,99.04,51.01,1157,red
2025-11-20 00:05:22,logistics,Logistics,349.18,20.61,90.54,81.36,41.9,1131,amber
2025-11-20 01:05:22,stamping,Stamping Shop,562.6,63.37,86.25,131.09,67.51,1101,red
2025-11-20 01:05:22,body_shop,Body Shop (BIW),1032.58,54.47,88.06,240.59,123.91,1124,red
2025-11-20 01:05:22,paint,Paint Shop,1589.14,170.85,80.62,370.27,190.7,1029,red
2025-11-20 01:05:22,assembly,General Assembly,876.7,24.46,89.79,204.27,105.2,1146,red
2025-11-20 01:05:22,powertrain,Powertrain Assembly,651.94,34.4,88.85,151.9,78.23,1134,amber
2025-11-20 01:05:22,quality,Quality Control,408.86,22.97,92.12,95.26,49.06,1176,red
2025-11-20 01:05:22,logistics,Logistics,373.02,20.58,92.11,86.91,44.76,1176,red
2025-11-20 02:05:22,stamping,Stamping Shop,572.38,64.53,88.36,133.36,68.69,1143,red
2025-11-20 02:05:22,body_shop,Body Shop (BIW),1060.06,54.14,85.44,246.99,127.21,1105,red
2025-11-20 02:05:22,paint,Paint Shop,1577.54,197.22,83.73,367.57,189.3,1083,red
2025-11-20 02:05:22,assembly,General Assembly,881.85,23.53,80.69,205.47,105.82,1044,red
2025-11-20 02:05:22,powertrain,Powertrain Assembly,733.32,35.02,64.9104822209184,170.86,88.0,1149,red
2025-11-20 02:05:22,quality,Quality Control,739.1065943323528,19.71,90.11,138.17559316670915,51.29,1166,red
2025-11-20 02:05:22,logistics,Logistics,355.51,19.89,90.07,82.83,42.66,1165,red
2025-11-20 03:05:22,stamping,Stamping Shop,630.85,67.41,86.49,146.99,75.7,1124,red
2025-11-20 03:05:22,body_shop,Body Shop (BIW),1046.91,55.31,86.53,243.93,125.63,1124,red
2025-11-20 03:05:22,paint,Paint Shop,1608.81,175.72,81.78,374.85,193.06,1063,red
2025-11-20 03:05:22,assembly,General Assembly,931.99,24.38,82.9,217.15,111.84,1077,red
2025-11-20 03:05:22,powertrain,Powertrain Assembly,742.74,36.88,88.97,173.06,89.13,1156,red
2025-11-20 03:05:22,quality,Quality Control,375.73,21.34,91.44,87.55,45.09,1188,amber
2025-11-20 03:05:22,logistics,Logistics,385.92,20.72,90.33,89.92,46.31,1174,red
2025-11-20 04:05:22,stamping,Stamping Shop,609.54,63.28,89.33,142.02,73.15,1156,red
2025-11-20 04:05:22,body_shop,Body Shop (BIW),989.89,52.01,89.47,230.64,118.79,1158,amber
2025-11-20 04:05:22,paint,Paint Shop,1466.12,185.25,83.77,341.61,175.93,1084,amber
2025-11-20 04:05:22,assembly,General Assembly,863.47,24.67,85.35,201.19,103.62,1104,red
2025-11-20 04:05:22,powertrain,Powertrain Assembly,744.92,33.87,87.89,173.57,89.39,1137,red
2025-11-20 04:05:22,quality,Quality Control,400.78,22.0,92.04,93.38,48.09,1191,red
2025-11-20 04:05:22,logistics,Logistics,407.73,19.31,89.66,95.0,48.93,1160,red
2025-11-20 05:05:22,stamping,Stamping Shop,612.09,60.24,92.66,142.62,73.45,1183,red
2025-11-20 05:05:22,body_shop,Body Shop (BIW),959.44,54.22,83.7,223.55,115.13,1069,amber
2025-11-20 05:05:22,paint,Paint Shop,1383.63,193.04,82.27,322.39,166.04,1050,amber
2025-11-20 05:05:22,assembly,General Assembly,892.93,23.72,86.84,208.05,107.15,1109,red
2025-11-20 05:05:22,powertrain,Powertrain Assembly,716.58,34.25,89.05,166.96,85.99,1137,red
2025-11-20 05:05:22,quality,Quality Control,418.68,21.47,92.73,97.55,50.24,1184,red
2025-11-20 05:05:22,logistics,Logistics,394.05,20.15,90.93,91.81,47.29,1161,red
2025-11-20 06:05:22,stamping,Stamping Shop,544.03,63.28,89.88,126.76,65.28,1122,amber
2025-11-20 06:05:22,body_shop,Body Shop (BIW),1016.47,52.85,87.88,236.84,121.98,1098,red
2025-11-20 06:05:22,paint,Paint Shop,1393.09,182.47,80.57,324.59,167.17,1006,amber
2025-11-20 06:05:22,assembly,General Assembly,847.66,25.89,85.48,197.5,101.72,1068,amber
2025-11-20 06:05:22,powertrain,Powertrain Assembly,709.92,33.89,74.939426298018,165.41,85.19,1105,red
2025-11-20 06:05:22,quality,Quality Control,369.68,23.89,92.72,86.13,44.36,1158,amber
2025-11-20 06:05:22,logistics,Logistics,334.28,20.55,86.65,77.89,40.11,1082,amber
2025-11-20 07:05:22,stamping,Stamping Shop,568.03,64.0,88.89,132.35,68.16,1077,red
2025-11-20 07:05:22,body_shop,Body Shop (BIW),920.38,58.36,86.66,214.45,110.45,1050,amber
2025-11-20 07:05:22,paint,Paint Shop,1419.31,187.65,86.56,330.7,170.32,1049,amber
2025-11-20 07:05:22,assembly,General Assembly,802.9,25.71,85.06,187.08,96.35,1031,amber
2025-11-20 07:05:22,powertrain,Powertrain Assembly,669.48,36.39,88.64,155.99,80.34,1074,amber
2025-11-20 07:05:22,quality,Quality Control,389.62,22.77,90.47,90.78,46.75,1096,amber
2025-11-20 07:05:22,logistics,Logistics,316.64,20.09,92.9,73.78,38.0,1126,green
2025-11-20 08:05:22,stamping,Stamping Shop,500.47,63.09,90.88,116.61,60.06,1060,green
2025-11-20 08:05:22,body_shop,Body Shop (BIW),998.21,57.77,88.06,232.58,119.78,1027,amber
2025-11-20 08:05:22,paint,Paint Shop,1372.56,186.53,85.37,319.81,164.71,995,green
2025-11-20 08:05:22,assembly,General Assembly,765.56,25.0,87.4,178.38,91.87,1019,green
2025-11-20 08:05:22,powertrain,Powertrain Assembly,610.36,36.6,88.09,142.21,73.24,1027,green
2025-11-20 08:05:22,quality,Quality Control,367.52,21.69,91.72,85.63,44.1,1070,green
2025-11-20 08:05:22,logistics,Logistics,308.88,19.84,94.55,71.97,37.07,1103,green
2025-11-20 09:05:22,stamping,Stamping Shop,571.21,63.62,90.46,133.09,68.54,1008,red
2025-11-20 09:05:22,body_shop,Body Shop (BIW),884.27,51.52,86.11,206.03,106.11,959,green
2025-11-20 09:05:22,paint,Paint Shop,1325.01,187.36,78.66,308.73,159.0,876,green
2025-11-20 09:05:22,assembly,General Assembly,797.48,25.05,85.37,185.81,95.7,951,amber
2025-11-20 09:05:22,powertrain,Powertrain Assembly,614.19,36.14,88.62,143.11,73.7,987,green
2025-11-20 09:05:22,quality,Quality Control,346.35,23.68,95.52,80.7,41.56,1064,green
2025-11-20 09:05:22,logistics,Logistics,304.39,18.77,92.73,70.92,36.53,1033,green
2025-11-20 10:05:22,stamping,Stamping Shop,488.6,66.12,90.16,113.84,58.63,954,green
2025-11-20 10:05:22,body_shop,Body Shop (BIW),850.03,57.24,86.34,198.06,102.0,913,green
2025-11-20 10:05:22,paint,Paint Shop,1162.15,171.55,81.51,270.78,139.46,862,green
2025-11-20 10:05:22,assembly,General Assembly,700.75,24.26,87.3,163.27,84.09,924,green
2025-11-20 10:05:22,powertrain,Powertrain Assembly,567.22,37.67,88.97,132.16,68.07,941,green
2025-11-20 10:05:22,quality,Quality Control,311.23,21.36,90.68,72.52,37.35,959,green
2025-11-20 10:05:22,logistics,Logistics,277.34,20.42,88.66,64.62,33.28,938,green
2025-11-20 11:05:22,stamping,Stamping Shop,313.34,64.03,91.87,73.01,37.6,610,green
2025-11-20 11:05:22,body_shop,Body Shop (BIW),596.58,53.14,83.22,139.0,71.59,552,green
2025-11-20 11:05:22,paint,Paint Shop,787.42,179.53,79.29,183.47,94.49,526,green
2025-11-20 11:05:22,assembly,General Assembly,457.23,26.31,85.67,106.53,54.87,568,green
2025-11-20 11:05:22,powertrain,Powertrain Assembly,362.47,34.61,87.57,84.46,43.5,581,green
2025-11-20 11:05:22,quality,Quality Control,199.44,21.98,93.76,46.47,23.93,622,green
2025-11-20 11:05:22,logistics,Logistics,187.42,20.45,90.42,43.67,22.49,600,green
2025-11-20 12:05:22,stamping,Stamping Shop,285.61,65.13,88.46,66.55,34.27,523,green
2025-11-20 12:05:22,body_shop,Body Shop (BIW),431.94,51.77,85.99,100.64,51.83,508,green
2025-11-20 12:05:22,paint,Paint Shop,717.28,192.67,82.82,167.13,86.07,490,green
2025-11-20 12:05:22,assembly,General Assembly,401.91,22.64,84.28,93.64,48.23,498,green
2025-11-20 12:05:22,powertrain,Powertrain Assembly,330.38,34.17,85.14,76.98,39.65,503,green
2025-11-20 12:05:22,quality,Quality Control,173.87,20.62,94.67,40.51,20.86,560,green
2025-11-20 12:05:22,logistics,Logistics,160.93,20.92,87.16,37.5,19.31,515,green
2025-11-20 13:05:22,stamping,Stamping Shop,262.24,62.91,90.55,61.1,31.47,567,green
2025-11-20 13:05:22,body_shop,Body Shop (BIW),498.74,56.79,87.42,116.21,59.85,547,green
2025-11-20 13:05:22,paint,Paint Shop,733.64,189.3,83.88,170.94,88.04,525,green
2025-11-20 13:05:22,assembly,General Assembly,440.22,25.88,85.43,102.57,52.83,534,green
2025-11-20 13:05:22,powertrain,Powertrain Assembly,365.86,35.06,89.67,85.25,43.9,561,green
2025-11-20 13:05:22,quality,Quality Control,275.96757584675663,21.89,89.47,58.55362830721511,22.15,560,green
2025-11-20 13:05:22,logistics,Logistics,166.85,20.61,91.59,38.88,20.02,573,green
2025-11-20 14:05:22,stamping,Stamping Shop,256.14,64.51,87.86,59.68,30.74,502,green
2025-11-20 14:05:22,body_shop,Body Shop (BIW),415.88,52.37,87.8,96.9,49.91,502,green
2025-11-20 14:05:22,paint,Paint Shop,651.12,192.92,81.14,151.71,78.13,464,green
2025-11-20 14:05:22,assembly,General Assembly,380.62,26.59,84.65,88.69,45.67,484,green
2025-11-20 14:05:22,powertrain,Powertrain Assembly,326.72,34.5,85.76,76.13,39.21,490,green
2025-11-20 14:05:22,quality,Quality Control,190.73,23.07,91.91,44.44,22.89,526,green
2025-11-20 14:05:22,logistics,Logistics,145.87,19.6,86.53,33.99,17.5,495,green
2025-11-20 15:05:22,stamping,Stamping Shop,223.26,63.99,87.01,52.02,26.79,446,green
2025-11-20 15:05:22,body_shop,Body Shop (BIW),427.6,56.13,87.38,99.63,51.31,448,green
2025-11-20 15:05:22,paint,Paint Shop,660.32,182.25,78.07,153.86,79.24,400,green
2025-11-20 15:05:22,assembly,General Assembly,340.14,25.31,85.55,79.25,40.82,439,green
2025-11-20 15:05:22,powertrain,Powertrain Assembly,309.62,35.01,88.34,72.14,37.15,453,green
2025-11-20 15:05:22,quality,Quality Control,164.41,23.48,92.15,38.31,19.73,473,green
2025-11-20 15:05:22,logistics,Logistics,139.67,19.97,92.83,32.54,16.76,476,green
2025-11-20 16:05:22,stamping,Stamping Shop,292.21,64.92,91.83,68.09,35.07,598,green
2025-11-20 16:05:22,body_shop,Body Shop (BIW),501.0,52.87,82.16,116.73,60.12,535,green
2025-11-20 16:05:22,paint,Paint Shop,812.8,186.7,84.29,189.38,97.54,549,green
2025-11-20 16:05:22,assembly,General Assembly,418.96,25.93,85.18,97.62,50.28,555,green
2025-11-20 16:05:22,powertrain,Powertrain Assembly,376.32,35.1,83.1,87.68,45.16,541,green
2025-11-20 16:05:22,quality,Quality Control,206.69,23.1,92.34,48.16,24.8,601,green
2025-11-20 16:05:22,logistics,Logistics,167.46,20.14,86.89,39.02,20.1,566,green
2025-11-20 17:05:22,stamping,Stamping Shop,247.62,65.16,92.93,57.7,29.71,476,green
2025-11-20 17:05:22,body_shop,Body Shop (BIW),396.01,58.99,85.15,92.27,47.52,437,green
2025-11-20 17:05:22,paint,Paint Shop,641.2,194.15,82.81,149.4,76.94,425,green
2025-11-20 17:05:22,assembly,General Assembly,352.06,23.9,84.72,82.03,42.25,434,green
2025-11-20 17:05:22,powertrain,Powertrain Assembly,287.13,35.15,90.03,66.9,34.46,462,green
2025-11-20 17:05:22,quality,Quality Control,161.74,22.15,93.52,37.69,19.41,479,green
2025-11-20 17:05:22,logistics,Logistics,146.07,22.07,92.87,34.03,17.53,476,green
2025-11-20 18:05:22,stamping,Stamping Shop,296.86,67.6,72.98768458186498,69.17,35.62,608,red
2025-11-20 18:05:22,body_shop,Body Shop (BIW),547.0,55.99,82.54,127.45,65.64,542,green
2025-11-20 18:05:22,paint,Paint Shop,810.34,178.66,82.81,188.81,97.24,543,green
2025-11-20 18:05:22,assembly,General Assembly,461.84,25.63,88.01,107.61,55.42,578,green
2025-11-20 18:05:22,powertrain,Powertrain Assembly,359.03,33.13,92.23,83.65,43.08,605,green
2025-11-20 18:05:22,quality,Quality Control,236.45,21.63,92.96,55.09,28.37,610,green
2025-11-20 18:05:22,logistics,Logistics,167.76,20.38,87.51,39.09,20.13,574,green
2025-11-20 19:05:22,stamping,Stamping Shop,480.75,59.52,88.02,112.02,57.69,880,green
2025-11-20 19:05:22,body_shop,Body Shop (BIW),805.45,52.14,86.39,187.67,96.65,863,green
2025-11-20 19:05:22,paint,Paint Shop,1922.0419595902297,179.47,82.1,426.4057083707419,137.85,821,red
2025-11-20 19:05:22,assembly,General Assembly,660.26,26.0,85.97,153.84,79.23,859,green
2025-11-20 19:05:22,powertrain,Powertrain Assembly,543.41,33.89,86.73,126.61,65.21,867,green
2025-11-20 19:05:22,quality,Quality Control,311.05,21.05,88.1,72.47,37.33,881,green
2025-11-20 19:05:22,logistics,Logistics,258.49,20.49,89.24,60.23,31.02,892,green
2025-11-20 20:05:22,stamping,Stamping Shop,505.14,60.82,88.07,117.7,60.62,932,green
2025-11-20 20:05:22,body_shop,Body Shop (BIW),832.14,57.29,85.06,193.89,99.86,900,green
2025-11-20 20:05:22,paint,Paint Shop,1409.36,186.8,84.06,328.38,169.12,889,amber
2025-11-20 20:05:22,assembly,General Assembly,720.74,23.54,84.41,167.93,86.49,893,green
2025-11-20 20:05:22,powertrain,Powertrain Assembly,573.7,36.0,88.01,133.67,68.84,931,green
2025-11-20 20:05:22,quality,Quality Control,357.72,22.01,94.36,83.35,42.93,998,green
2025-11-20 20:05:22,logistics,Logistics,312.09,20.74,92.41,72.72,37.45,978,green
2025-11-20 21:05:22,stamping,Stamping Shop,529.82,66.24,86.49,123.45,63.58,964,amber
2025-11-20 21:05:22,body_shop,Body Shop (BIW),881.75,56.45,84.12,205.45,105.81,937,green
2025-11-20 21:05:22,paint,Paint Shop,1325.94,172.87,81.41,308.94,159.11,907,green
2025-11-20 21:05:22,assembly,General Assembly,757.06,24.84,88.88,176.4,90.85,990,green
2025-11-20 21:05:22,powertrain,Powertrain Assembly,671.41,33.22,87.6,156.44,80.57,976,amber
2025-11-20 21:05:22,quality,Quality Control,370.1,21.51,96.22,86.23,44.41,1072,amber
2025-11-20 21:05:22,logistics,Logistics,350.11,19.61,90.11,81.58,42.01,1004,red
2025-11-20 22:05:22,stamping,Stamping Shop,503.63,67.34,89.73,117.35,60.44,1046,green
2025-11-20 22:05:22,body_shop,Body Shop (BIW),942.87,55.87,87.78,219.69,113.14,1024,amber
2025-11-20 22:05:22,paint,Paint Shop,1392.65,200.12,83.44,324.49,167.12,973,amber
2025-11-20 22:05:22,assembly,General Assembly,785.18,25.47,87.06,182.95,94.22,1015,amber
2025-11-20 22:05:22,powertrain,Powertrain Assembly,635.79,36.32,90.67,148.14,76.29,1057,amber
2025-11-20 22:05:22,quality,Quality Control,394.83,22.12,93.43,92.0,47.38,1089,amber
2025-11-20 22:05:22,logistics,Logistics,358.22,20.41,89.23,83.47,42.99,1041,red
2025-11-20 23:05:22,stamping,Stamping Shop,558.43,60.92,90.02,130.11,67.01,1091,amber
2025-11-20 23:05:22,body_shop,Body Shop (BIW),1025.08,52.76,89.69,238.84,123.01,1087,red
2025-11-20 23:05:22,paint,Paint Shop,1479.93,187.96,83.83,344.82,177.59,1016,amber
2025-11-20 23:05:22,assembly,General Assembly,806.78,26.33,84.41,187.98,96.81,1023,amber
2025-11-20 23:05:22,powertrain,Powertrain Assembly,686.83,35.65,85.0,160.03,82.42,1030,amber
2025-11-20 23:05:22,quality,Quality Control,387.08,21.7,93.65,90.19,46.45,1135,amber
2025-11-20 23:05:22,logistics,Logistics,350.72,19.13,87.26,81.72,42.09,1057,red
2025-11-21 00:05:22,stamping,Stamping Shop,530.56,62.05,87.38,123.62,63.67,1091,amber
2025-11-21 00:05:22,body_shop,Body Shop (BIW),1023.53,55.06,89.78,238.48,122.82,1121,red
2025-11-21 00:05:22,paint,Paint Shop,1453.9,179.39,83.32,338.76,174.47,1040,amber
2025-11-21 00:05:22,assembly,General Assembly,849.92,26.43,86.58,198.03,101.99,1081,amber
2025-11-21 00:05:22,powertrain,Powertrain Assembly,693.25,34.92,86.24,161.53,83.19,1077,red
2025-11-21 00:05:22,quality,Quality Control,396.54,21.2,96.5,92.39,47.58,1205,amber
2025-11-21 00:05:22,logistics,Logistics,347.66,19.91,94.99,81.0,41.72,1186,amber
2025-11-21 01:05:22,stamping,Stamping Shop,576.49,69.68,92.18,134.32,69.18,1177,red
2025-11-21 01:05:22,body_shop,Body Shop (BIW),933.96,55.83,87.16,217.61,112.07,1113,amber
2025-11-21 01:05:22,paint,Paint Shop,1595.28,190.8,81.48,371.7,191.43,1040,red
2025-11-21 01:05:22,assembly,General Assembly,954.63,24.59,87.95,222.43,114.56,1123,red
2025-11-21 01:05:22,powertrain,Powertrain Assembly,707.78,34.3,62.137040416924606,164.91,84.93,1079,red
2025-11-21 01:05:22,quality,Quality Control,382.8,21.24,92.25,89.19,45.94,1178,amber
2025-11-21 01:05:22,logistics,Logistics,369.38,20.23,88.2,86.07,44.33,1126,red
2025-11-21 02:05:22,stamping,Stamping Shop,595.0,68.88,90.42,138.63,71.4,1170,red
2025-11-21 02:05:22,body_shop,Body Shop (BIW),1034.63,57.23,86.38,241.07,124.16,1117,red
2025-11-21 02:05:22,paint,Paint Shop,1550.58,190.36,83.2,361.28,186.07,1076,red
2025-11-21 02:05:22,assembly,General Assembly,933.15,26.07,84.21,217.42,111.98,1089,red
2025-11-21 02:05:22,powertrain,Powertrain Assembly,678.56,43.88572779027986,87.48,158.1,81.43,1132,amber
2025-11-21 02:05:22,quality,Quality Control,409.08,21.55,93.9,95.32,49.09,1215,red
2025-11-21 02:05:22,logistics,Logistics,366.78,21.04,85.64,85.46,44.01,1108,red
2025-11-21 03:05:22,stamping,Stamping Shop,596.81,64.53,89.25,139.06,71.62,1160,red
2025-11-21 03:05:22,body_shop,Body Shop (BIW),1056.25,53.92,81.48,246.11,126.75,1059,red
2025-11-21 03:05:22,paint,Paint Shop,1603.66,178.5,81.6,373.65,192.44,1060,red
2025-11-21 03:05:22,assembly,General Assembly,800.58,23.99,82.76,186.54,96.07,1075,amber
2025-11-21 03:05:22,powertrain,Powertrain Assembly,734.63,34.14,69.53049054668118,171.17,88.16,1074,red
2025-11-21 03:05:22,quality,Quality Control,430.19,23.32,95.61,100.23,51.62,1242,red
2025-11-21 03:05:22,logistics,Logistics,348.06,20.09,91.76,81.1,41.77,1192,amber
2025-11-21 04:05:22,stamping,Stamping Shop,893.1208023249368,67.44,86.58,215.4376915172531,69.12,1120,red
2025-11-21 04:05:22,body_shop,Body Shop (BIW),1123.02,54.54,83.45,261.66,134.76,1080,red
2025-11-21 04:05:22,paint,Paint Shop,1561.71,188.07,84.9,363.88,187.41,1098,red
2025-11-21 04:05:22,assembly,General Assembly,870.26,25.45,84.53,202.77,104.43,1094,red
2025-11-21 04:05:22,powertrain,Powertrain Assembly,757.79,33.96,86.46,176.56,90.93,1119,red
2025-11-21 04:05:22,quality,Quality Control,377.61,21.92,92.27,87.98,45.31,1194,amber
2025-11-21 04:05:22,logistics,Logistics,355.34,20.16,87.54,82.79,42.64,1132,red
2025-11-21 05:05:22,stamping,Stamping Shop,592.65,67.07,87.86,138.09,71.12,1122,red
2025-11-21 05:05:22,body_shop,Body Shop (BIW),1000.44,58.3,87.72,233.1,120.05,1120,red
2025-11-21 05:05:22,paint,Paint Shop,1499.25,189.51,81.62,349.33,179.91,1042,amber
2025-11-21 05:05:22,assembly,General Assembly,865.33,25.79,86.48,201.62,103.84,1104,red
2025-11-21 05:05:22,powertrain,Powertrain Assembly,980.984091990492,36.44,87.09,233.26099588205506,76.73,1112,red
2025-11-21 05:05:22,quality,Quality Control,388.31,22.59,92.52,90.48,46.6,1181,amber
2025-11-21 05:05:22,logistics,Logistics,348.15,19.09,89.66,81.12,41.78,1145,amber
2025-11-21 06:05:22,stamping,Stamping Shop,550.09,66.84,91.94,128.17,66.01,1148,amber
2025-11-21 06:05:22,body_shop,Body Shop (BIW),1005.19,53.35,89.15,234.21,120.62,1113,red
2025-11-21 06:05:22,paint,Paint Shop,1542.39,183.35,83.51,359.38,185.09,1043,red
2025-11-21 06:05:22,assembly,General Assembly,870.49,25.1,84.21,202.82,104.46,1052,red
2025-11-21 06:05:22,powertrain,Powertrain Assembly,676.19,34.78,87.52,157.55,81.14,1093,amber
2025-11-21 06:05:22,quality,Quality Control,411.04,22.6,93.43,95.77,49.33,1167,red
2025-11-21 06:05:22,logistics,Logistics,351.84,20.22,90.73,81.98,42.22,1133,red
2025-11-21 07:05:22,stamping,Stamping Shop,539.76,60.19,86.66,125.76,64.77,1050,amber
2025-11-21 07:05:22,body_shop,Body Shop (BIW),949.81,55.81,84.87,221.31,113.98,1028,amber
2025-11-21 07:05:22,paint,Paint Shop,1415.74,172.94,83.11,329.87,169.89,1007,amber
2025-11-21 07:05:22,assembly,General Assembly,873.8,24.32,85.41,203.6,104.86,1035,red
2025-11-21 07:05:22,powertrain,Powertrain Assembly,641.95,34.58,86.81,149.57,77.03,1052,amber
2025-11-21 07:05:22,quality,Quality Control,430.26,22.06,91.14,100.25,51.63,1104,red
2025-11-21 07:05:22,logistics,Logistics,349.24,20.34,91.63,81.37,41.91,1110,amber
2025-11-21 08:05:22,stamping,Stamping Shop,519.74,62.72,86.34,121.1,62.37,1007,amber
2025-11-21 08:05:22,body_shop,Body Shop (BIW),921.94,54.03,91.93,214.81,110.63,1072,amber
2025-11-21 08:05:22,paint,Paint Shop,1399.47,179.08,81.53,326.08,167.94,951,amber
2025-11-21 08:05:22,assembly,General Assembly,778.63,23.92,88.6,181.42,93.44,1033,green
2025-11-21 08:05:22,powertrain,Powertrain Assembly,664.97,36.05,87.14,154.94,79.8,1016,amber
2025-11-21 08:05:22,quality,Quality Control,360.83,21.03,88.34,84.07,43.3,1030,green
2025-11-21 08:05:22,logistics,Logistics,310.25,20.41,87.74,72.29,37.23,1023,green
2025-11-21 09:05:22,stamping,Stamping Shop,511.71,69.41,90.66,119.23,61.4,1010,green
2025-11-21 09:05:22,body_shop,Body Shop (BIW),931.41,55.93,84.05,217.02,111.77,937,amber
2025-11-21 09:05:22,paint,Paint Shop,1230.54,188.85,83.74,286.72,147.66,933,green
2025-11-21 09:05:22,assembly,General Assembly,807.48,23.87,81.64,188.14,96.9,910,amber
2025-11-21 09:05:22,powertrain,Powertrain Assembly,583.56,33.96,86.89,135.97,70.03,968,green
2025-11-21 09:05:22,quality,Quality Control,343.15,28.41560206834995,93.47,79.95,41.18,1041,green
2025-11-21 09:05:22,logistics,Logistics,315.61,20.47,87.3,73.54,37.87,973,green
2025-11-21 10:05:22,stamping,Stamping Shop,489.76,66.08,88.05,114.11,58.77,932,green
2025-11-21 10:05:22,body_shop,Body Shop (BIW),912.55,53.38,89.57,212.62,109.51,948,green
2025-11-21 10:05:22,paint,Paint Shop,1204.35,188.31,84.55,280.61,144.52,894,green
2025-11-21 10:05:22,assembly,General Assembly,709.3,23.8,86.04,165.27,85.12,910,green
2025-11-21 10:05:22,powertrain,Powertrain Assembly,615.39,35.45,90.78,143.38,73.85,960,green
2025-11-21 10:05:22,quality,Quality Control,339.93,21.6,93.05,79.2,40.79,984,green
2025-11-21 10:05:22,logistics,Logistics,335.37,20.61,90.77,78.14,40.24,960,amber
2025-11-21 11:05:22,stamping,Stamping Shop,263.85,64.39,89.73,61.48,31.66,516,green
2025-11-21 11:05:22,body_shop,Body Shop (BIW),424.05,53.34,88.27,98.8,50.89,507,green
2025-11-21 11:05:22,paint,Paint Shop,744.82,198.48,82.71,173.54,89.38,475,green
2025-11-21 11:05:22,assembly,General Assembly,375.41,25.18,84.77,87.47,45.05,487,green
2025-11-21 11:05:22,powertrain,Powertrain Assembly,300.37,35.69,91.28,69.99,36.04,525,green
2025-11-21 11:05:22,quality,Quality Control,184.58,23.71,90.49,43.01,22.15,520,green
2025-11-21 11:05:22,logistics,Logistics,153.84,20.62,91.32,35.84,18.46,525,green
2025-11-21 12:05:22,stamping,Stamping Shop,238.15,61.63,91.76,55.49,28.58,483,green
2025-11-21 12:05:22,body_shop,Body Shop (BIW),412.44,74.23365030307527,88.19,96.1,49.49,464,green
2025-11-21 12:05:22,paint,Paint Shop,579.97,186.54,83.26,135.13,69.6,438,green
2025-11-21 12:05:22,assembly,General Assembly,363.8,24.59,83.49,84.77,43.66,440,green
2025-11-21 12:05:22,powertrain,Powertrain Assembly,284.48,35.77,88.91,66.28,34.14,468,green
2025-11-21 12:05:22,quality,Quality Control,163.3,20.76,93.3,38.05,19.6,491,green
2025-11-21 12:05:22,logistics,Logistics,146.69,19.75,91.44,34.18,17.6,482,green
2025-11-21 13:05:22,stamping,Stamping Shop,272.89,64.84,87.67,63.58,32.75,503,green
2025-11-21 13:05:22,body_shop,Body Shop (BIW),426.02,53.17,91.8,99.26,51.12,526,green
2025-11-21 13:05:22,paint,Paint Shop,739.48,191.53,85.45,172.3,88.74,490,green
2025-11-21 13:05:22,assembly,General Assembly,400.98,22.78,89.45,93.43,48.12,513,green
2025-11-21 13:05:22,powertrain,Powertrain Assembly,318.7,35.28,87.15,74.26,38.24,500,green
2025-11-21 13:05:22,quality,Quality Control,201.86,22.73,93.35,47.03,24.22,535,green
2025-11-21 13:05:22,logistics,Logistics,153.03,21.45,86.68,35.66,18.36,497,green
2025-11-21 14:05:22,stamping,Stamping Shop,309.64,66.54,89.22,72.15,37.16,623,green
2025-11-21 14:05:22,body_shop,Body Shop (BIW),608.06,54.58,88.79,141.68,72.97,620,green
2025-11-21 14:05:22,paint,Paint Shop,866.21,170.08,81.8,201.83,103.94,571,green
2025-11-21 14:05:22,assembly,General Assembly,497.37,26.98,82.08,115.89,59.68,573,green
2025-11-21 14:05:22,powertrain,Powertrain Assembly,376.67,35.61,83.27,87.76,45.2,581,green
2025-11-21 14:05:22,quality,Quality Control,224.47,21.78,91.86,52.3,26.94,641,green
2025-11-21 14:05:22,logistics,Logistics,191.04,19.98,90.84,44.51,22.92,634,green
2025-11-21 15:05:22,stamping,Stamping Shop,242.45,60.44,91.52,56.49,29.09,505,green
2025-11-21 15:05:22,body_shop,Body Shop (BIW),437.61,60.1,89.41,101.96,52.51,493,green
2025-11-21 15:05:22,paint,Paint Shop,687.72,175.92,81.22,160.24,82.53,448,green
2025-11-21 15:05:22,assembly,General Assembly,383.14,24.55,87.33,89.27,45.98,482,green
2025-11-21 15:05:22,powertrain,Powertrain Assembly,302.41,35.87,88.34,70.46,36.29,487,green
2025-11-21 15:05:22,quality,Quality Control,185.71,21.67,91.19,43.27,22.29,503,green
2025-11-21 15:05:22,logistics,Logistics,157.63,19.8,92.33,36.73,18.92,509,green
2025-11-21 16:05:22,stamping,Stamping Shop,246.18,62.77,90.21,57.36,29.54,522,green
2025-11-21 16:05:22,body_shop,Body Shop (BIW),463.95,55.33,84.58,108.1,55.67,490,green
2025-11-21 16:05:22,paint,Paint Shop,665.15,181.05,83.44,154.98,79.82,483,green
2025-11-21 16:05:22,assembly,General Assembly,400.12,26.63,89.72,93.23,48.01,519,green
2025-11-21 16:05:22,powertrain,Powertrain Assembly,310.71,35.76,88.38,72.39,37.28,512,green
2025-11-21 16:05:22,quality,Quality Control,180.16,21.47,93.58,41.98,21.62,542,green
2025-11-21 16:05:22,logistics,Logistics,155.6,18.8,90.57,36.26,18.67,524,green
2025-11-21 17:05:22,stamping,Stamping Shop,212.76,62.32,84.21,49.57,25.53,434,green
2025-11-21 17:05:22,body_shop,Body Shop (BIW),390.2,54.96,86.85,90.92,46.82,448,green
2025-11-21 17:05:22,paint,Paint Shop,631.26,193.6,82.98,147.08,75.75,428,green
2025-11-21 17:05:22,assembly,General Assembly,383.14,26.22,83.89,89.27,45.98,433,green
2025-11-21 17:05:22,powertrain,Powertrain Assembly,299.0,35.7,84.35,69.67,35.88,435,green
2025-11-21 17:05:22,quality,Quality Control,165.62,21.41,94.01,38.59,19.87,485,green
2025-11-21 17:05:22,logistics,Logistics,130.52,21.45,94.93,30.41,15.66,490,green
2025-11-21 18:05:22,stamping,Stamping Shop,269.57,63.68,92.36,62.81,32.35,544,green
2025-11-21 18:05:22,body_shop,Body Shop (BIW),526.65,53.03,90.98,122.71,63.2,536,green
2025-11-21 18:05:22,paint,Paint Shop,689.77,177.35,84.61,160.72,82.77,498,green
2025-11-21 18:05:22,assembly,General Assembly,402.82,25.45,85.05,93.86,48.34,501,green
2025-11-21 18:05:22,powertrain,Powertrain Assembly,356.51,32.39,85.8,83.07,42.78,505,green
2025-11-21 18:05:22,quality,Quality Control,190.92,21.91,95.2,44.48,22.91,560,green
2025-11-21 18:05:22,logistics,Logistics,175.21,20.58,89.7,40.82,21.03,528,green
2025-11-21 19:05:22,stamping,Stamping Shop,413.59,64.54,94.66,96.37,49.63,946,green
2025-11-21 19:05:22,body_shop,Body Shop (BIW),837.64,54.64,68.6942440079918,195.17,100.52,849,red
2025-11-21 19:05:22,paint,Paint Shop,1181.1,184.12,80.01,275.2,141.73,800,green
2025-11-21 19:05:22,assembly,General Assembly,657.84,25.72,87.01,153.28,78.94,870,green
2025-11-21 19:05:22,powertrain,Powertrain Assembly,550.03,35.86,88.37,128.16,66.0,883,green
2025-11-21 19:05:22,quality,Quality Control,314.3,21.14,94.08,73.23,37.72,940,green
2025-11-21 19:05:22,logistics,Logistics,284.12,20.31,90.75,66.2,34.09,907,green
2025-11-21 20:05:22,stamping,Stamping Shop,497.57,67.95,91.41,115.93,59.71,967,green
2025-11-21 20:05:22,body_shop,Body Shop (BIW),871.75,54.45,86.87,203.12,104.61,919,green
2025-11-21 20:05:22,paint,Paint Shop,1247.18,179.26,85.4,290.59,149.66,904,green
2025-11-21 20:05:22,assembly,General Assembly,782.27,23.92,82.03,182.27,93.87,868,amber
2025-11-21 20:05:22,powertrain,Powertrain Assembly,588.13,36.24,91.51,137.03,70.58,968,green
2025-11-21 20:05:22,quality,Quality Control,380.8,21.87,93.51,88.73,45.7,989,amber
2025-11-21 20:05:22,logistics,Logistics,289.63,21.09,89.94,67.48,34.76,952,green
2025-11-21 21:05:22,stamping,Stamping Shop,544.86,62.61,93.14,126.95,65.38,1038,amber
2025-11-21 21:05:22,body_shop,Body Shop (BIW),826.03,56.56,87.9,192.46,99.12,979,green
2025-11-21 21:05:22,paint,Paint Shop,1327.05,194.07,84.78,309.2,159.25,945,green
2025-11-21 21:05:22,assembly,General Assembly,805.34,26.68,86.36,187.64,96.64,962,amber
2025-11-21 21:05:22,powertrain,Powertrain Assembly,655.43,34.56,83.18,152.72,78.65,927,amber
2025-11-21 21:05:22,quality,Quality Control,338.39,22.02,92.26,78.85,40.61,1028,green
2025-11-21 21:05:22,logistics,Logistics,328.8,19.74,93.25,76.61,39.46,1039,amber
2025-11-21 22:05:22,stamping,Stamping Shop,545.06,65.51,89.67,127.0,65.41,1046,amber
2025-11-21 22:05:22,body_shop,Body Shop (BIW),908.71,53.07,84.47,211.73,109.04,985,green
2025-11-21 22:05:22,paint,Paint Shop,1410.79,188.33,82.91,328.72,169.3,967,amber
2025-11-21 22:05:22,assembly,General Assembly,790.78,24.23,85.26,184.25,94.89,994,amber
2025-11-21 22:05:22,powertrain,Powertrain Assembly,665.38,34.1,87.81,155.03,79.85,1024,amber
2025-11-21 22:05:22,quality,Quality Control,367.05,23.38,91.79,85.52,44.05,1070,green
2025-11-21 22:05:22,logistics,Logistics,296.26,19.82,91.11,69.03,35.55,1062,green
2025-11-21 23:05:22,stamping,Stamping Shop,525.65,64.03,89.02,122.48,63.08,1079,amber
2025-11-21 23:05:22,body_shop,Body Shop (BIW),884.95,55.93,85.59,206.19,106.19,1037,green
2025-11-21 23:05:22,paint,Paint Shop,1395.82,177.21,84.63,325.22,167.5,1025,amber
2025-11-21 23:05:22,assembly,General Assembly,848.35,25.22,85.2,197.67,101.8,1032,amber
2025-11-21 23:05:22,powertrain,Powertrain Assembly,704.48,33.39,83.85,164.14,84.54,1016,red
2025-11-21 23:05:22,quality,Quality Control,354.05,21.59,90.01,82.49,42.49,1090,green
2025-11-21 23:05:22,logistics,Logistics,349.46,19.71,90.84,81.42,41.93,1101,amber
2025-11-22 00:05:22,stamping,Stamping Shop,533.85,63.16,90.64,124.39,64.06,1132,amber
2025-11-22 00:05:22,body_shop,Body Shop (BIW),1043.79,53.01,84.8,243.2,125.26,1059,red
2025-11-22 00:05:22,paint,Paint Shop,1382.63,184.52,83.85,322.15,165.92,1047,amber
2025-11-22 00:05:22,assembly,General Assembly,874.74,25.99,88.11,203.81,104.97,1100,red
2025-11-22 00:05:22,powertrain,Powertrain Assembly,643.71,36.2,89.45,149.98,77.24,1117,amber
2025-11-22 00:05:22,quality,Quality Control,428.22,21.68,93.31,99.77,51.39,1165,red
2025-11-22 00:05:22,logistics,Logistics,372.67,20.47,94.59,86.83,44.72,1181,red
2025-11-22 01:05:22,stamping,Stamping Shop,957.6437962903993,62.58,89.05,182.75270186402713,66.6,1137,red
2025-11-22 01:05:22,body_shop,Body Shop (BIW),1052.36,52.17,84.41,245.2,126.28,1078,red
2025-11-22 01:05:22,paint,Paint Shop,1402.81,188.03,81.17,326.85,168.34,1036,amber
2025-11-22 01:05:22,assembly,General Assembly,809.66,24.38,90.33,188.65,97.16,1153,amber
2025-11-22 01:05:22,powertrain,Powertrain Assembly,688.52,33.45,91.15,160.42,82.62,1164,red
2025-11-22 01:05:22,quality,Quality Control,398.68,21.01,92.54,92.89,47.84,1181,amber
2025-11-22 01:05:22,logistics,Logistics,369.61,19.54,90.03,86.12,44.35,1149,red
2025-11-22 02:05:22,stamping,Stamping Shop,611.67,63.51,92.96,142.52,73.4,1203,red
2025-11-22 02:05:22,body_shop,Body Shop (BIW),1076.47,57.06,85.67,250.82,129.18,1108,red
2025-11-22 02:05:22,paint,Paint Shop,1502.87,192.72,81.91,350.17,180.34,1060,red
2025-11-22 02:05:22,assembly,General Assembly,892.01,27.88,84.81,207.84,107.04,1097,red
2025-11-22 02:05:22,powertrain,Powertrain Assembly,688.6,33.31,87.48,160.44,82.63,1132,red
2025-11-22 02:05:22,quality,Quality Control,416.39,21.11,88.97,97.02,49.97,1151,red
2025-11-22 02:05:22,logistics,Logistics,373.55,21.03,90.44,87.04,44.83,1170,red
2025-11-22 03:05:22,stamping,Stamping Shop,555.73,63.68,87.62,129.49,66.69,1139,amber
2025-11-22 03:05:22,body_shop,Body Shop (BIW),994.56,59.64,85.62,231.73,119.35,1113,amber
2025-11-22 03:05:22,paint,Paint Shop,1512.5,177.53,86.36,352.41,181.5,1122,red
2025-11-22 03:05:22,assembly,General Assembly,913.77,24.59,83.7,212.91,109.65,1088,red
2025-11-22 03:05:22,powertrain,Powertrain Assembly,709.06,35.62,86.67,165.21,85.09,1126,red
2025-11-22 03:05:22,quality,Quality Control,441.09,22.14,93.23,102.77,52.93,1211,red
2025-11-22 03:05:22,logistics,Logistics,382.15,28.89070360673962,90.47,89.04,45.86,1176,red
2025-11-22 04:05:22,stamping,Stamping Shop,537.62,64.14,85.61,125.26,64.51,1107,amber
2025-11-22 04:05:22,body_shop,Body Shop (BIW),1035.48,55.09,85.6,241.27,124.26,1107,red
2025-11-22 04:05:22,paint,Paint Shop,1652.21,198.04,83.61,384.96,198.27,1082,red
2025-11-22 04:05:22,assembly,General Assembly,852.36,24.18,85.91,198.6,102.28,1111,red
2025-11-22 04:05:22,powertrain,Powertrain Assembly,692.88,34.54,88.83,161.44,83.15,1149,red
2025-11-22 04:05:22,quality,Quality Control,405.6,21.68,95.29,94.5,48.67,1233,red
2025-11-22 04:05:22,logistics,Logistics,334.03,19.18,84.54,77.83,40.08,1094,amber
2025-11-22 05:05:22,stamping,Stamping Shop,580.77,88.74754703484254,90.24,135.32,69.69,1152,red
2025-11-22 05:05:22,body_shop,Body Shop (BIW),1101.9,52.57,90.38,256.74,132.23,1154,red
2025-11-22 05:05:22,paint,Paint Shop,1537.4,169.92,82.8,358.21,184.49,1057,red
2025-11-22 05:05:22,assembly,General Assembly,875.67,24.95,86.22,204.03,105.08,1101,red
2025-11-22 05:05:22,powertrain,Powertrain Assembly,679.29,35.33,84.02,158.27,81.51,1073,amber
2025-11-22 05:05:22,quality,Quality Control,408.73,20.8,95.39,95.24,49.05,1218,red
2025-11-22 05:05:22,logistics,Logistics,365.51,19.19,87.03,85.16,43.86,1111,red
2025-11-22 06:05:22,stamping,Stamping Shop,563.42,65.43,89.23,131.28,67.61,1114,red
2025-11-22 06:05:22,body_shop,Body Shop (BIW),1015.51,58.55,84.98,236.61,121.86,1061,red
2025-11-22 06:05:22,paint,Paint Shop,1439.77,186.31,69.46119170517521,335.47,172.77,1032,amber
2025-11-22 06:05:22,assembly,General Assembly,803.11,26.57,86.94,187.13,96.37,1086,amber
2025-11-22 06:05:22,powertrain,Powertrain Assembly,630.6,34.08,88.79,146.93,75.67,1109,green
2025-11-22 06:05:22,quality,Quality Control,406.37,20.22,90.33,94.68,48.76,1128,red
2025-11-22 06:05:22,logistics,Logistics,360.6,19.77,93.18,84.02,43.27,1164,red
2025-11-22 07:05:22,stamping,Stamping Shop,551.63,68.31,90.0,128.53,66.2,1090,amber
2025-11-22 07:05:22,body_shop,Body Shop (BIW),942.09,56.59,85.49,219.51,113.05,1036,amber
2025-11-22 07:05:22,paint,Paint Shop,1539.11,172.71,84.24,358.61,184.69,1021,red
2025-11-22 07:05:22,assembly,General Assembly,759.15,24.22,85.9,176.88,91.1,1041,green
2025-11-22 07:05:22,powertrain,Powertrain Assembly,1030.050310194656,38.1,89.64,202.1324693398164,78.42,1086,red
2025-11-22 07:05:22,quality,Quality Control,358.21,20.46,97.31,83.46,42.99,1179,green
2025-11-22 07:05:22,logistics,Logistics,344.29,19.8,93.1,80.22,41.31,1128,amber
2025-11-22 08:05:22,stamping,Stamping Shop,523.22,64.9,92.36,121.91,62.79,1077,amber
2025-11-22 08:05:22,body_shop,Body Shop (BIW),994.78,55.33,86.77,231.78,119.37,1012,amber
2025-11-22 08:05:22,paint,Paint Shop,1381.23,178.82,82.99,321.83,165.75,968,amber
2025-11-22 08:05:22,assembly,General Assembly,772.42,24.76,84.28,179.97,92.69,983,green
2025-11-22 08:05:22,powertrain,Powertrain Assembly,650.83,34.79,87.62,151.64,78.1,1022,amber
2025-11-22 08:05:22,quality,Quality Control,379.33,22.85,93.38,88.38,45.52,1089,amber
2025-11-22 08:05:22,logistics,Logistics,335.85,19.65,91.61,78.25,40.3,1068,amber
2025-11-22 09:05:22,stamping,Stamping Shop,465.99,63.88,90.62,108.57,55.92,1010,green
2025-11-22 09:05:22,body_shop,Body Shop (BIW),901.99,54.79,83.4,210.16,108.24,929,green
2025-11-22 09:05:22,paint,Paint Shop,1309.0,184.27,78.27,305.0,157.08,872,green
2025-11-22 09:05:22,assembly,General Assembly,711.58,23.95,87.46,165.8,85.39,974,green
2025-11-22 09:05:22,powertrain,Powertrain Assembly,597.18,32.86,90.07,139.14,71.66,1004,green
2025-11-22 09:05:22,quality,Quality Control,383.01,22.06,92.7,89.24,45.96,1033,amber
2025-11-22 09:05:22,logistics,Logistics,315.87,21.07,92.98,73.6,37.9,1036,green
2025-11-22 10:05:22,stamping,Stamping Shop,484.6,64.47,89.76,112.91,58.15,950,green
2025-11-22 10:05:22,body_shop,Body Shop (BIW),831.08,57.34,88.48,193.64,99.73,936,green
2025-11-22 10:05:22,paint,Paint Shop,1262.64,256.1506645818644,85.64,294.19,151.52,906,green
2025-11-22 10:05:22,assembly,General Assembly,720.3,25.31,88.63,167.83,86.44,938,green
2025-11-22 10:05:22,powertrain,Powertrain Assembly,633.71,34.01,86.69,147.65,76.05,917,amber
2025-11-22 10:05:22,quality,Quality Control,332.35,20.9,93.2,77.44,39.88,986,green
2025-11-22 10:05:22,logistics,Logistics,298.31,20.65,89.81,69.51,35.8,950,green
2025-11-22 11:05:22,stamping,Stamping Shop,248.74,66.06,90.25,57.96,29.85,544,green
2025-11-22 11:05:22,body_shop,Body Shop (BIW),521.51,55.22,87.48,121.51,62.58,528,green
2025-11-22 11:05:22,paint,Paint Shop,726.75,177.17,83.29,169.33,87.21,502,green
2025-11-22 11:05:22,assembly,General Assembly,428.73,24.73,87.6,99.89,51.45,528,green
2025-11-22 11:05:22,powertrain,Powertrain Assembly,320.83,35.44,86.01,74.75,38.5,519,green
2025-11-22 11:05:22,quality,Quality Control,193.45,20.59,89.52,45.07,23.21,540,green
2025-11-22 11:05:22,logistics,Logistics,174.44,19.19,89.06,40.64,20.93,537,green
2025-11-22 12:05:22,stamping,Stamping Shop,268.89,62.03,85.27,62.65,32.27,467,green
2025-11-22 12:05:22,body_shop,Body Shop (BIW),390.8,53.41,89.4,91.06,46.9,490,green
2025-11-22 12:05:22,paint,Paint Shop,618.92,185.72,82.3,144.21,74.27,451,green
2025-11-22 12:05:22,assembly,General Assembly,394.58,24.51,85.97,91.94,47.35,471,green
2025-11-22 12:05:22,powertrain,Powertrain Assembly,297.72,34.04,88.97,69.37,35.73,488,green
2025-11-22 12:05:22,quality,Quality Control,167.25,23.83,92.31,38.97,20.07,506,green
2025-11-22 12:05:22,logistics,Logistics,141.71,19.79,92.87,33.02,17.0,509,green
